athleteId,fullName,slug,weight,displayHeight,height,age,dateOfBirth,citizenship,positionAbbreviation,teamId,appearances_value,foulsCommitted_value,foulsSuffered_value,yellowCards_value,redCards_value,ownGoals_value,goalAssists_value,offsides_value,shotsOnTarget_value,totalShots_value,totalGoals_value,shotsFaced_value,saves_value,goalsConceded_value,teamName,teamPrimaryColor,teamSecondaryColor,teamLogo,shot_accuracy,conversion_rate,on_target_conversion_rate,save_percentage,discipline_score,goals_pct_pos,assists_pct_pos,shot_accuracy_pct_pos,fouls_suff_pct_pos,fouls_comm_pct_pos,conversion_pct_pos,on_target_conv_pct_pos,goals_pct_global,assists_pct_global,shot_accuracy_pct_global,fouls_suff_pct_global,fouls_comm_pct_global,goals_conc_pct_pos,save_pct_pos,saves_pct_pos,yellow_cards_pct_pos,red_cards_pct_pos,offsides_pct_pos,chances_created
4946,Michael Keane,michael-keane,181.0,"6' 3""",75.0,32.0,1993-01-11T08:00Z,England,D,368,14,8,0,5,0,0,0,4,3,9,3,0,8,20,Everton,#0606fa,#132257,https://a.espncdn.com/i/teamlogos/soccer/500/368.png,0.3333333333333333,0.3333333333333333,1.0,,5,96.06741573033707,33.89513108614232,65.70680628272252,13.48314606741573,51.12359550561798,95.81151832460732,94.03973509933775,83.20261437908498,30.065359477124183,57.61078998073218,14.117647058823529,52.09150326797386,43.25842696629213,,63.10861423220974,18.16479400749064,54.49438202247191,15.730337078651687,2
6327,Ben Davies,ben-davies,170.0,"5' 11""",71.0,32.0,1993-04-24T07:00Z,Wales,D,367,17,17,7,5,0,0,0,3,1,5,0,0,20,23,Spurs,#ffffff,#9bafd8,https://a.espncdn.com/i/teamlogos/soccer/500/367.png,0.2,0.0,0.0,,5,35.0187265917603,33.89513108614232,38.481675392670155,59.36329588014981,70.59925093632958,29.05759162303665,23.509933774834437,29.934640522875817,30.065359477124183,28.227360308285164,53.59477124183007,69.73856209150327,38.76404494382022,,88.76404494382022,18.16479400749064,54.49438202247191,23.220973782771537,2
7441,Mark Travers,mark-travers,181.0,"6' 3""",75.0,26.0,1999-05-18T07:00Z,Republic of Ireland,G,349,5,0,1,0,0,0,0,0,0,0,0,77,20,5,Bournemouth,#f42727,#ffffff,https://a.espncdn.com/i/teamlogos/soccer/500/349.png,,,,0.8,0,50.609756097560975,47.5609756097561,,62.80487804878049,43.90243902439025,,,29.934640522875817,30.065359477124183,,30.84967320261438,15.42483660130719,48.78048780487805,93.75,56.09756097560976,64.6341463414634,50.0,67.07317073170731,0
9426,Ben Johnson,ben-johnson,148.0,"5' 9""",69.0,26.0,2000-01-24T08:00Z,England,D,373,23,26,6,4,1,0,2,1,3,6,1,0,5,38,Ipswich,#0000fa,#cd1937,https://a.espncdn.com/i/teamlogos/soccer/500/373.png,0.5,0.16666666666666666,0.3333333333333333,,6,77.71535580524345,88.57677902621724,87.43455497382199,55.80524344569289,85.76779026217228,85.6020942408377,66.88741721854305,66.60130718954248,78.82352941176471,88.82466281310212,51.045751633986924,83.66013071895425,20.411985018726597,,50.936329588014985,28.277153558052433,4.86891385767791,48.12734082397003,12
17828,Adam Webster,adam-webster,163.0,"6' 3""",75.0,30.0,1995-01-04T08:00Z,England,D,331,14,7,2,1,0,0,0,2,1,5,0,0,9,11,Brighton,#0606fa,#ffdd00,https://a.espncdn.com/i/teamlogos/soccer/500/331.png,0.2,0.0,0.0,,1,35.0187265917603,33.89513108614232,38.481675392670155,36.70411985018727,47.752808988764045,29.05759162303665,23.509933774834437,29.934640522875817,30.065359477124183,28.227360308285164,36.470588235294116,49.411764705882355,55.430711610486895,,66.47940074906367,60.48689138576779,54.49438202247191,33.52059925093633,3
17861,Danny Ward,danny-ward,192.0,"6' 3""",75.0,32.0,1993-06-22T07:00Z,Wales,G,375,2,0,0,0,0,0,0,0,0,0,0,5,4,6,Leicester,#0202fb,#000000,https://a.espncdn.com/i/teamlogos/soccer/500/375.png,,,,0.4,0,50.609756097560975,47.5609756097561,,29.268292682926827,43.90243902439025,,,29.934640522875817,30.065359477124183,,14.117647058823529,15.42483660130719,46.95121951219512,2.083333333333333,48.78048780487805,64.6341463414634,50.0,67.07317073170731,0
20975,Julio Enciso,julio-enciso,139.0,"5' 8""",68.0,22.0,2004-01-23T08:00Z,Paraguay,M,373,37,14,35,3,0,0,3,1,31,69,2,0,1,25,Ipswich,#0000fa,#cd1937,https://a.espncdn.com/i/teamlogos/soccer/500/373.png,0.4492753623188406,0.028985507246376812,0.06451612903225806,,3,73.91304347826086,81.08695652173913,87.93103448275862,85.86956521739131,50.8695652173913,37.35632183908046,29.677419354838708,77.25490196078432,85.88235294117646,82.08092485549133,90.7843137254902,63.39869281045751,39.78260869565218,,39.78260869565217,43.04347826086956,54.56521739130435,54.56521739130435,18
26843,James Milner,james-milner,152.0,"5' 9""",69.0,39.0,1986-01-04T08:00Z,England,M,331,4,3,1,1,0,0,0,0,0,2,0,0,2,1,Brighton,#0606fa,#ffdd00,https://a.espncdn.com/i/teamlogos/soccer/500/331.png,0.0,0.0,,,1,26.304347826086953,25.43478260869565,5.747126436781609,25.869565217391305,31.956521739130434,18.67816091954023,,29.934640522875817,30.065359477124183,7.321772639691715,30.84967320261438,39.869281045751634,76.52173913043478,,50.21739130434783,61.95652173913043,54.56521739130435,81.30434782608695,4
30377,Álex Moreno,alex-moreno,150.0,"5' 10""",70.0,32.0,1993-06-08T07:00Z,Spain,D,393,15,12,6,2,0,0,1,5,0,5,0,0,5,16,Nottm Forest,#c8102e,#132257,https://a.espncdn.com/i/teamlogos/soccer/500/393.png,0.0,0.0,,,2,35.0187265917603,76.02996254681648,10.732984293193718,55.80524344569289,61.79775280898876,29.05759162303665,,29.934640522875817,67.3202614379085,7.321772639691715,51.045751633986924,60.588235294117645,49.62546816479401,,50.936329588014985,46.254681647940075,54.49438202247191,10.112359550561806,5
31810,Ashley Young,ashley-young,141.0,"5' 9""",69.0,40.0,1985-07-09T07:00Z,England,D,368,32,29,22,7,1,0,3,6,1,5,1,0,4,23,Everton,#0606fa,#132257,https://a.espncdn.com/i/teamlogos/soccer/500/368.png,0.2,0.2,1.0,,9,77.71535580524345,94.00749063670412,38.481675392670155,87.07865168539325,91.19850187265918,90.0523560209424,94.03973509933775,66.60130718954248,85.88235294117646,28.227360308285164,78.75816993464052,86.9281045751634,38.76404494382022,,46.62921348314607,8.239700374531836,4.86891385767791,6.741573033707866,26
37557,Scott Carson,scott-carson,185.0,"6' 2""",74.0,39.0,1985-09-03T07:00Z,England,G,382,0,0,0,0,0,0,0,0,0,0,0,0,0,0,Man City,#99c5ea,#e6ff00,https://a.espncdn.com/i/teamlogos/soccer/500/382.png,,,,,0,50.609756097560975,47.5609756097561,,29.268292682926827,43.90243902439025,,,29.934640522875817,30.065359477124183,,14.117647058823529,15.42483660130719,77.4390243902439,,21.341463414634145,64.6341463414634,50.0,67.07317073170731,0
41311,Dan Potts,dan-potts,152.0,"5' 8""",68.0,30.0,1994-04-13T07:00Z,England,D,301,0,0,0,0,0,0,0,0,0,0,0,0,0,0,Luton,#ff4f00,#1D428A,https://a.espncdn.com/i/teamlogos/soccer/500/301.png,,,,,0,35.0187265917603,33.89513108614232,,13.48314606741573,12.734082397003746,,,29.934640522875817,30.065359477124183,,14.117647058823529,15.42483660130719,89.32584269662921,,14.981273408239701,84.45692883895131,54.49438202247191,78.08988764044943,0
42250,Tom Heaton,tom-heaton,185.0,"6' 2""",74.0,39.0,1986-04-15T08:00Z,England,G,360,0,0,0,0,0,0,0,0,0,0,0,0,0,0,Man United,#da020e,#144992,https://a.espncdn.com/i/teamlogos/soccer/500/360.png,,,,,0,50.609756097560975,47.5609756097561,,29.268292682926827,43.90243902439025,,,29.934640522875817,30.065359477124183,,14.117647058823529,15.42483660130719,77.4390243902439,,21.341463414634145,64.6341463414634,50.0,67.07317073170731,0
42359,John Ruddy,john-ruddy,212.0,"6' 4""",76.0,39.0,1986-10-24T07:00Z,England,G,361,0,0,0,0,0,0,0,0,0,0,0,0,0,0,Newcastle,#000000,#cd1937,https://a.espncdn.com/i/teamlogos/soccer/500/361.png,,,,,0,50.609756097560975,47.5609756097561,,29.268292682926827,43.90243902439025,,,29.934640522875817,30.065359477124183,,14.117647058823529,15.42483660130719,77.4390243902439,,21.341463414634145,64.6341463414634,50.0,67.07317073170731,0
43575,Matt Doherty,matt-doherty,174.0,"6' 1""",73.0,33.0,1992-01-16T08:00Z,Republic of Ireland,D,380,30,17,11,6,0,1,1,4,4,11,2,0,15,35,Wolves,#fdb913,#cd1937,https://a.espncdn.com/i/teamlogos/soccer/500/380.png,0.36363636363636365,0.18181818181818182,0.5,,6,90.0749063670412,76.02996254681648,71.98952879581152,68.91385767790263,70.59925093632958,87.69633507853402,80.79470198675497,77.25490196078432,67.3202614379085,64.73988439306359,62.35294117647059,69.73856209150327,23.970037453183522,,81.46067415730337,11.797752808988761,54.49438202247191,15.730337078651687,10
45548,Adam Rhys Davies,adam-rhys-davies,163.0,"6' 1""",73.0,33.0,1992-07-17T07:00Z,Wales,G,398,0,0,0,0,0,0,0,0,0,0,0,0,0,0,Sheffield Utd,#f42727,#1D428A,https://a.espncdn.com/i/teamlogos/soccer/500/398.png,,,,,0,50.609756097560975,47.5609756097561,,29.268292682926827,43.90243902439025,,,29.934640522875817,30.065359477124183,,14.117647058823529,15.42483660130719,77.4390243902439,,21.341463414634145,64.6341463414634,50.0,67.07317073170731,0
48128,Miguel Almirón,miguel-almiron,152.0,"5' 9""",69.0,31.0,1994-02-10T08:00Z,Paraguay,M,361,9,1,3,0,0,0,0,1,2,5,0,0,0,3,Newcastle,#000000,#cd1937,https://a.espncdn.com/i/teamlogos/soccer/500/361.png,0.4,0.0,0.0,,0,26.304347826086953,25.43478260869565,81.32183908045977,33.47826086956522,25.43478260869565,18.67816091954023,14.838709677419354,29.934640522875817,30.065359477124183,73.41040462427746,40.849673202614376,32.745098039215684,70.0,,16.956521739130434,83.47826086956522,54.56521739130435,54.56521739130435,3
72487,David Brooks,david-brooks,137.0,"5' 8""",68.0,28.0,1997-07-08T07:00Z,Wales,M,349,29,11,18,3,0,0,0,0,12,25,2,0,2,12,Bournemouth,#f42727,#ffffff,https://a.espncdn.com/i/teamlogos/soccer/500/349.png,0.48,0.08,0.16666666666666666,,3,73.91304347826086,25.43478260869565,91.37931034482759,64.56521739130436,46.73913043478261,61.49425287356321,36.12903225806451,77.25490196078432,30.065359477124183,85.74181117533719,73.66013071895425,58.56209150326798,54.56521739130435,,50.21739130434783,43.04347826086956,54.56521739130435,81.30434782608695,18
77403,Lukasz Fabianski,lukasz-fabianski,183.0,"6' 3""",75.0,40.0,1985-04-18T08:00Z,Poland,G,371,14,2,1,2,0,0,0,1,0,0,0,171,50,21,West Ham,#7c2c3b,#000000,https://a.espncdn.com/i/teamlogos/soccer/500/371.png,,,,0.704225352112676,2,50.609756097560975,47.5609756097561,,62.80487804878049,96.34146341463415,,,29.934640522875817,30.065359477124183,,30.84967320261438,36.60130718954248,30.48780487804879,64.58333333333334,71.95121951219512,17.07317073170732,50.0,28.65853658536585,0
78836,Carlos Forbs,carlos-forbs,137.0,"5' 7""",67.0,21.0,2004-03-19T08:00Z,Portugal,F,380,10,2,1,2,0,0,0,0,0,3,0,0,0,9,Wolves,#fdb913,#cd1937,https://a.espncdn.com/i/teamlogos/soccer/500/380.png,0.0,0.0,,,2,18.817204301075268,23.387096774193548,5.033557046979865,25.268817204301076,29.03225806451613,11.073825503355705,,29.934640522875817,30.065359477124183,7.321772639691715,30.84967320261438,36.60130718954248,59.67741935483871,,28.49462365591398,34.67741935483872,52.41935483870967,78.49462365591398,1
83176,Jonny Evans,jonny-evans,170.0,"6' 2""",74.0,37.0,1988-01-03T08:00Z,Northern Ireland,D,360,7,5,6,1,0,0,0,0,1,2,0,0,1,2,Man United,#da020e,#144992,https://a.espncdn.com/i/teamlogos/soccer/500/360.png,0.5,0.0,0.0,,1,35.0187265917603,33.89513108614232,87.43455497382199,55.80524344569289,39.325842696629216,29.05759162303665,23.509933774834437,29.934640522875817,30.065359477124183,88.82466281310212,51.045751633986924,43.72549019607843,73.78277153558052,,32.20973782771536,60.48689138576779,54.49438202247191,78.08988764044943,0
83526,Wayne Hennessey,wayne-hennessey,196.0,"6' 6""",78.0,38.0,1987-01-24T08:00Z,Wales,G,393,0,0,0,0,0,0,0,0,0,0,0,0,0,0,Nottm Forest,#c8102e,#132257,https://a.espncdn.com/i/teamlogos/soccer/500/393.png,,,,,0,50.609756097560975,47.5609756097561,,29.268292682926827,43.90243902439025,,,29.934640522875817,30.065359477124183,,14.117647058823529,15.42483660130719,77.4390243902439,,21.341463414634145,64.6341463414634,50.0,67.07317073170731,0
85285,Tim Krul,tim-krul,183.0,"6' 4""",76.0,37.0,1988-04-03T08:00Z,Netherlands,G,301,0,0,0,0,0,0,0,0,0,0,0,0,0,0,Luton,#ff4f00,#1D428A,https://a.espncdn.com/i/teamlogos/soccer/500/301.png,,,,,0,50.609756097560975,47.5609756097561,,29.268292682926827,43.90243902439025,,,29.934640522875817,30.065359477124183,,14.117647058823529,15.42483660130719,77.4390243902439,,21.341463414634145,64.6341463414634,50.0,67.07317073170731,0
85472,Adam Lallana,adam-lallana,161.0,"5' 8""",68.0,37.0,1988-05-10T07:00Z,England,M,376,14,7,8,4,0,0,2,1,0,3,0,0,2,8,Southampton,#ED1A3B,#f1ee13,https://a.espncdn.com/i/teamlogos/soccer/500/376.png,0.0,0.0,,,4,26.304347826086953,70.86956521739131,5.747126436781609,44.78260869565218,39.565217391304344,18.67816091954023,,29.934640522875817,78.82352941176471,7.321772639691715,55.62091503267974,49.411764705882355,61.08695652173913,,50.21739130434783,33.04347826086956,54.56521739130435,54.56521739130435,4
88274,Jack Francis,jack-francis,161.0,"5' 11""",71.0,22.0,2003-09-23T07:00Z,England,M,359,0,0,0,0,0,0,0,0,0,0,0,0,0,0,Arsenal,#e20520,#132257,https://a.espncdn.com/i/teamlogos/soccer/500/359.png,,,,,0,26.304347826086953,25.43478260869565,,11.956521739130435,11.956521739130435,,,29.934640522875817,30.065359477124183,,14.117647058823529,15.42483660130719,89.13043478260869,,16.956521739130434,83.47826086956522,54.56521739130435,81.30434782608695,0
92885,Asmir Begovic,asmir-begovic,223.0,"6' 6""",78.0,38.0,1987-06-20T07:00Z,Bosnia and Herzegovina,G,368,0,0,0,0,0,0,0,0,0,0,0,0,0,0,Everton,#0606fa,#132257,https://a.espncdn.com/i/teamlogos/soccer/500/368.png,,,,,0,50.609756097560975,47.5609756097561,,29.268292682926827,43.90243902439025,,,29.934640522875817,30.065359477124183,,14.117647058823529,15.42483660130719,77.4390243902439,,21.341463414634145,64.6341463414634,50.0,67.07317073170731,0
93193,Fraser Forster,fraser-forster,203.0,"6' 7""",79.0,37.0,1988-03-17T08:00Z,England,G,367,7,0,0,0,0,0,0,1,0,0,0,87,29,15,Spurs,#ffffff,#9bafd8,https://a.espncdn.com/i/teamlogos/soccer/500/367.png,,,,0.6590909090909091,0,50.609756097560975,47.5609756097561,,29.268292682926827,43.90243902439025,,,29.934640522875817,30.065359477124183,,14.117647058823529,15.42483660130719,36.58536585365854,39.58333333333333,66.46341463414635,64.6341463414634,50.0,28.65853658536585,0
93435,Ryan Christie,ryan-christie,152.0,"5' 10""",70.0,30.0,1995-02-22T08:00Z,Scotland,M,349,29,42,31,9,0,0,3,6,12,32,2,0,11,28,Bournemouth,#f42727,#ffffff,https://a.espncdn.com/i/teamlogos/soccer/500/349.png,0.375,0.0625,0.16666666666666666,,9,73.91304347826086,81.08695652173913,76.14942528735632,82.17391304347827,88.26086956521739,50.57471264367817,36.12903225806451,77.25490196078432,85.88235294117646,66.47398843930635,87.6470588235294,95.03267973856208,32.39130434782609,,91.95652173913044,7.173913043478265,54.56521739130435,11.08695652173914,41
96970,Cristian Romero,cristian-romero,172.0,"6' 1""",73.0,27.0,1998-04-27T07:00Z,Argentina,D,367,18,14,12,3,0,0,1,2,7,16,1,0,3,21,Spurs,#ffffff,#9bafd8,https://a.espncdn.com/i/teamlogos/soccer/500/367.png,0.4375,0.0625,0.14285714285714285,,3,77.71535580524345,76.02996254681648,80.89005235602095,71.34831460674157,64.60674157303372,63.35078534031413,48.675496688741724,66.60130718954248,67.3202614379085,79.57610789980733,64.31372549019608,63.39869281045751,42.134831460674164,,41.19850187265918,36.89138576779026,54.49438202247191,33.52059925093633,7
100918,Jay Rodríguez,jay-rodriguez,183.0,"6' 1""",73.0,36.0,1989-07-29T07:00Z,England,F,379,21,17,6,0,0,0,1,0,8,21,2,0,1,16,Burnley,#6C1D45,#1a1a1a,https://a.espncdn.com/i/teamlogos/soccer/500/379.png,0.38095238095238093,0.09523809523809523,0.25,,0,53.494623655913976,54.56989247311827,50.33557046979866,39.784946236559136,68.54838709677419,45.63758389261745,32.22222222222222,77.25490196078432,67.3202614379085,68.01541425818883,51.045751633986924,69.73856209150327,50.806451612903224,,64.51612903225806,80.64516129032258,52.41935483870967,78.49462365591398,0
102053,Joe Gomez,joe-gomez,174.0,"6' 2""",74.0,28.0,1997-05-23T07:00Z,England,D,364,9,2,3,1,0,0,0,1,2,4,0,0,6,8,Liverpool,#d11317,#132257,https://a.espncdn.com/i/teamlogos/soccer/500/364.png,0.5,0.0,0.0,,1,35.0187265917603,33.89513108614232,87.43455497382199,42.13483146067416,30.711610486891384,29.05759162303665,23.509933774834437,29.934640522875817,30.065359477124183,88.82466281310212,40.849673202614376,36.60130718954248,61.79775280898877,,54.68164794007491,60.48689138576779,54.49438202247191,48.12734082397003,2
102368,Evanilson,evanilson,174.0,"6' 0""",72.0,26.0,1999-10-06T07:00Z,Brazil,F,349,31,35,53,1,1,0,1,2,30,73,10,0,3,30,Bournemouth,#f42727,#ffffff,https://a.espncdn.com/i/teamlogos/soccer/500/349.png,0.410958904109589,0.136986301369863,0.3333333333333333,,3,88.70967741935483,54.56989247311827,65.43624161073825,97.31182795698925,94.35483870967742,64.09395973154362,51.48148148148148,96.9281045751634,67.3202614379085,75.81888246628131,97.77777777777777,92.09150326797385,22.58064516129032,,84.40860215053763,52.41935483870967,2.9569892473118244,30.91397849462365,24
104943,Andrew Robertson,andrew-robertson,139.0,"5' 10""",70.0,31.0,1994-03-11T08:00Z,Scotland,D,364,33,10,8,3,1,1,1,7,3,17,0,0,4,32,Liverpool,#d11317,#132257,https://a.espncdn.com/i/teamlogos/soccer/500/364.png,0.17647058823529413,0.0,0.0,,5,35.0187265917603,76.02996254681648,33.50785340314136,61.61048689138576,56.92883895131086,29.05759162303665,23.509933774834437,29.934640522875817,67.3202614379085,23.892100192678228,55.62091503267974,56.666666666666664,27.153558052434462,,46.62921348314607,36.89138576779026,4.86891385767791,4.68164794007491,0
106139,Lewis Hall,lewis-hall,161.0,"5' 10""",70.0,21.0,2004-09-08T07:00Z,England,D,361,27,9,21,3,0,0,4,5,2,12,0,0,19,31,Newcastle,#000000,#cd1937,https://a.espncdn.com/i/teamlogos/soccer/500/361.png,0.16666666666666666,0.0,0.0,,3,35.0187265917603,96.06741573033707,31.93717277486911,86.14232209737828,54.30711610486891,29.05759162303665,23.509933774834437,29.934640522875817,90.45751633986929,22.736030828516377,77.84313725490196,54.70588235294118,28.838951310861432,,87.26591760299625,36.89138576779026,54.49438202247191,10.112359550561806,29
107542,Alex McCarthy,alex-mccarthy,172.0,"6' 4""",76.0,36.0,1989-12-03T08:00Z,England,G,376,5,0,1,0,0,0,0,1,0,0,0,74,24,13,Southampton,#ED1A3B,#f1ee13,https://a.espncdn.com/i/teamlogos/soccer/500/376.png,,,,0.6486486486486487,0,50.609756097560975,47.5609756097561,,62.80487804878049,43.90243902439025,,,29.934640522875817,30.065359477124183,,30.84967320261438,15.42483660130719,37.80487804878049,31.25,60.97560975609756,64.6341463414634,50.0,28.65853658536585,0
108662,Robert Sánchez,robert-sanchez,196.0,"6' 6""",78.0,28.0,1997-11-18T08:00Z,Spain,G,363,32,2,4,5,0,0,0,7,0,0,0,288,95,34,Chelsea,#144992,#ffeeee,https://a.espncdn.com/i/teamlogos/soccer/500/363.png,,,,0.7364341085271318,5,50.609756097560975,47.5609756097561,,85.36585365853658,96.34146341463415,,,29.934640522875817,30.065359477124183,,44.31372549019608,36.60130718954248,22.5609756097561,83.33333333333334,84.14634146341463,3.6585365853658516,50.0,6.707317073170728,2
111114,Jason Steele,jason-steele,172.0,"6' 2""",74.0,35.0,1990-08-18T07:00Z,England,G,331,2,0,1,0,0,0,0,0,0,0,0,17,3,1,Brighton,#0606fa,#ffdd00,https://a.espncdn.com/i/teamlogos/soccer/500/331.png,,,,0.75,0,50.609756097560975,47.5609756097561,,62.80487804878049,43.90243902439025,,,29.934640522875817,30.065359477124183,,30.84967320261438,15.42483660130719,54.26829268292683,90.625,46.95121951219512,64.6341463414634,50.0,67.07317073170731,0
115271,Danny Welbeck,danny-welbeck,161.0,"6' 1""",73.0,35.0,1990-11-26T08:00Z,England,F,331,30,9,23,5,0,0,4,1,21,60,10,0,4,36,Brighton,#0606fa,#ffdd00,https://a.espncdn.com/i/teamlogos/soccer/500/331.png,0.35,0.16666666666666666,0.47619047619047616,,5,88.70967741935483,82.52688172043011,42.281879194630875,71.23655913978494,48.924731182795696,75.83892617449665,85.18518518518519,96.9281045751634,90.45751633986929,62.23506743737958,79.86928104575163,54.70588235294118,16.129032258064512,,89.24731182795699,8.602150537634415,52.41935483870967,48.655913978494624,22
121473,Aaron Cresswell,aaron-cresswell,146.0,"5' 7""",67.0,36.0,1989-12-15T08:00Z,England,D,371,18,4,2,3,0,0,0,1,0,6,0,0,4,7,West Ham,#7c2c3b,#000000,https://a.espncdn.com/i/teamlogos/soccer/500/371.png,0.0,0.0,,,3,35.0187265917603,33.89513108614232,10.732984293193718,36.70411985018727,36.329588014981276,29.05759162303665,,29.934640522875817,30.065359477124183,7.321772639691715,36.470588235294116,41.96078431372549,63.48314606741573,,46.62921348314607,36.89138576779026,54.49438202247191,48.12734082397003,8
122268,Adam Smith,adam-smith,172.0,"5' 11""",71.0,34.0,1991-04-29T07:00Z,England,D,349,25,19,12,7,0,0,0,1,0,3,0,0,5,18,Bournemouth,#f42727,#ffffff,https://a.espncdn.com/i/teamlogos/soccer/500/349.png,0.0,0.0,,,7,35.0187265917603,33.89513108614232,10.732984293193718,71.34831460674157,73.97003745318352,29.05759162303665,,29.934640522875817,30.065359477124183,7.321772639691715,64.31372549019608,73.26797385620914,45.88014981273408,,50.936329588014985,8.239700374531836,54.49438202247191,48.12734082397003,8
123518,Jordan Ayew,jordan-ayew,174.0,"6' 0""",72.0,34.0,1991-09-11T07:00Z,Ghana,F,375,32,32,59,7,0,0,0,1,8,34,5,0,1,41,Leicester,#0202fb,#000000,https://a.espncdn.com/i/teamlogos/soccer/500/375.png,0.23529411764705882,0.14705882352941177,0.625,,7,70.16129032258065,23.387096774193548,18.120805369127517,98.9247311827957,91.66666666666666,69.46308724832215,97.77777777777777,89.54248366013073,30.065359477124183,34.104046242774565,98.82352941176471,88.95424836601306,9.408602150537632,,64.51612903225806,4.032258064516128,52.41935483870967,48.655913978494624,16
124091,Bruno Fernandes,bruno-fernandes,146.0,"5' 10""",70.0,31.0,1994-09-08T07:00Z,Portugal,M,360,36,30,40,4,2,0,11,12,28,94,8,0,6,46,Man United,#da020e,#144992,https://a.espncdn.com/i/teamlogos/soccer/500/360.png,0.2978723404255319,0.0851063829787234,0.2857142857142857,,8,96.73913043478261,99.56521739130434,51.724137931034484,89.56521739130436,76.52173913043478,64.65517241379311,58.06451612903226,94.64052287581698,99.6078431372549,48.554913294797686,93.0718954248366,87.84313725490196,7.826086956521735,,72.3913043478261,33.04347826086956,0.21739130434782794,0.6521739130434696,85
126703,Martin Dúbravka,martin-dubravka,183.0,"6' 3""",75.0,36.0,1989-01-15T08:00Z,Slovakia,G,361,10,0,1,0,0,0,0,1,0,0,0,98,29,12,Newcastle,#000000,#cd1937,https://a.espncdn.com/i/teamlogos/soccer/500/361.png,,,,0.7073170731707317,0,50.609756097560975,47.5609756097561,,62.80487804878049,43.90243902439025,,,29.934640522875817,30.065359477124183,,30.84967320261438,15.42483660130719,39.63414634146341,66.66666666666666,66.46341463414635,64.6341463414634,50.0,28.65853658536585,0
127865,Nathaniel Clyne,nathaniel-clyne,148.0,"5' 9""",69.0,34.0,1991-04-05T08:00Z,England,D,384,13,2,2,1,0,0,0,2,0,2,0,0,2,10,C Palace,#0202fb,#ffdd00,https://a.espncdn.com/i/teamlogos/soccer/500/384.png,0.0,0.0,,,1,35.0187265917603,33.89513108614232,10.732984293193718,36.70411985018727,30.711610486891384,29.05759162303665,,29.934640522875817,30.065359477124183,7.321772639691715,36.470588235294116,36.60130718954248,58.052434456928836,,36.70411985018727,60.48689138576779,54.49438202247191,33.52059925093633,3
129358,Kyle Walker,kyle-walker,174.0,"6' 0""",72.0,35.0,1990-05-28T07:00Z,England,D,382,15,6,5,3,0,0,0,0,2,5,0,0,4,21,Man City,#99c5ea,#e6ff00,https://a.espncdn.com/i/teamlogos/soccer/500/382.png,0.4,0.0,0.0,,3,35.0187265917603,33.89513108614232,77.4869109947644,51.12359550561798,43.82022471910113,29.05759162303665,23.509933774834437,29.934640522875817,30.065359477124183,73.41040462427746,47.97385620915033,46.470588235294116,42.134831460674164,,46.62921348314607,36.89138576779026,54.49438202247191,78.08988764044943,7
129737,Michail Antonio,michail-antonio,181.0,"5' 11""",71.0,35.0,1990-03-28T08:00Z,Jamaica,M,371,14,9,7,1,0,0,1,2,4,19,1,0,0,17,West Ham,#7c2c3b,#000000,https://a.espncdn.com/i/teamlogos/soccer/500/371.png,0.21052631578947367,0.05263157894736842,0.25,,1,60.652173913043484,57.826086956521735,31.03448275862069,42.608695652173914,44.130434782608695,43.96551724137931,51.29032258064517,66.60130718954248,67.3202614379085,30.828516377649322,53.59477124183007,54.70588235294118,49.1304347826087,,16.956521739130434,61.95652173913043,54.56521739130435,40.21739130434783,8
131424,Ilkay Gündogan,ilkay-gundogan,174.0,"5' 11""",71.0,35.0,1990-10-24T07:00Z,Germany,M,382,33,15,27,1,0,0,6,5,7,27,1,0,0,28,Man City,#99c5ea,#e6ff00,https://a.espncdn.com/i/teamlogos/soccer/500/382.png,0.25925925925925924,0.037037037037037035,0.14285714285714285,,1,60.652173913043484,92.3913043478261,41.95402298850575,77.82608695652173,53.2608695652174,39.6551724137931,32.25806451612903,66.60130718954248,95.03267973856208,39.78805394990366,83.8562091503268,65.09803921568627,32.39130434782609,,16.956521739130434,61.95652173913043,54.56521739130435,16.304347826086953,42
131639,Seamus Coleman,seamus-coleman,148.0,"5' 10""",70.0,37.0,1988-10-11T07:00Z,Republic of Ireland,D,368,5,0,1,1,0,0,0,1,1,1,0,0,3,4,Everton,#0606fa,#132257,https://a.espncdn.com/i/teamlogos/soccer/500/368.png,1.0,0.0,0.0,,1,35.0187265917603,33.89513108614232,98.42931937172776,29.775280898876407,12.734082397003746,29.05759162303665,23.509933774834437,29.934640522875817,30.065359477124183,97.88053949903662,30.84967320261438,15.42483660130719,69.47565543071161,,41.19850187265918,60.48689138576779,54.49438202247191,48.12734082397003,0
132432,Andros Townsend,andros-townsend,170.0,"5' 11""",71.0,34.0,1991-07-16T07:00Z,England,F,301,27,12,12,1,0,0,3,2,7,20,1,0,0,23,Luton,#ff4f00,#1D428A,https://a.espncdn.com/i/teamlogos/soccer/500/301.png,0.35,0.05,0.14285714285714285,,1,43.81720430107527,75.0,42.281879194630875,52.1505376344086,56.72043010752689,26.845637583892618,17.40740740740741,66.60130718954248,85.88235294117646,62.23506743737958,64.31372549019608,60.588235294117645,37.903225806451616,,28.49462365591398,52.41935483870967,52.41935483870967,30.91397849462365,0
133588,Ben Osborn,ben-osborn,163.0,"5' 9""",69.0,31.0,1994-08-05T07:00Z,England,M,398,24,7,9,3,0,1,2,5,1,5,0,0,2,37,Sheffield Utd,#f42727,#1D428A,https://a.espncdn.com/i/teamlogos/soccer/500/398.png,0.2,0.0,0.0,,3,26.304347826086953,70.86956521739131,28.160919540229884,47.391304347826086,39.565217391304344,18.67816091954023,14.838709677419354,29.934640522875817,78.82352941176471,28.227360308285164,57.647058823529406,49.411764705882355,17.391304347826093,,50.21739130434783,43.04347826086956,54.56521739130435,16.304347826086953,0
133938,Craig Dawson,craig-dawson,181.0,"6' 2""",74.0,35.0,1990-05-06T07:00Z,England,D,380,15,6,5,2,0,2,0,1,3,7,0,0,11,23,Wolves,#fdb913,#cd1937,https://a.espncdn.com/i/teamlogos/soccer/500/380.png,0.42857142857142855,0.0,0.0,,2,35.0187265917603,33.89513108614232,79.31937172774869,51.12359550561798,43.82022471910113,29.05759162303665,23.509933774834437,29.934640522875817,30.065359477124183,77.9383429672447,47.97385620915033,46.470588235294116,38.76404494382022,,73.03370786516854,46.254681647940075,54.49438202247191,48.12734082397003,2
134190,Chris Wood,chris-wood,179.0,"6' 3""",75.0,34.0,1991-12-07T08:00Z,New Zealand,F,393,36,25,24,1,0,0,3,6,34,67,20,0,7,37,Nottm Forest,#c8102e,#132257,https://a.espncdn.com/i/teamlogos/soccer/500/393.png,0.5074626865671642,0.29850746268656714,0.5882352941176471,,1,98.11827956989248,75.0,91.94630872483222,73.65591397849462,85.21505376344086,97.98657718120806,97.03703703703704,99.54248366013073,85.88235294117646,91.52215799614643,81.04575163398692,82.35294117647058,13.97849462365592,,95.96774193548387,52.41935483870967,52.41935483870967,7.795698924731184,22
134205,Jóhann Gudmundsson,johann-gudmundsson,172.0,"6' 1""",73.0,35.0,1990-10-27T07:00Z,Iceland,F,379,26,9,20,2,0,0,3,2,6,15,1,0,0,27,Burnley,#6C1D45,#1a1a1a,https://a.espncdn.com/i/teamlogos/soccer/500/379.png,0.4,0.06666666666666667,0.16666666666666666,,2,43.81720430107527,75.0,60.738255033557046,66.66666666666666,48.924731182795696,32.88590604026846,19.62962962962963,66.60130718954248,85.88235294117646,73.41040462427746,76.6013071895425,54.70588235294118,26.61290322580645,,28.49462365591398,34.67741935483872,52.41935483870967,30.91397849462365,0
134909,Thomas Kaminski,thomas-kaminski,181.0,"6' 3""",75.0,33.0,1992-10-23T07:00Z,Belgium,G,301,38,0,3,3,0,0,0,5,0,0,0,554,148,81,Luton,#ff4f00,#1D428A,https://a.espncdn.com/i/teamlogos/soccer/500/301.png,,,,0.6462882096069869,3,50.609756097560975,47.5609756097561,,79.8780487804878,43.90243902439025,,,29.934640522875817,30.065359477124183,,40.849673202614376,15.42483660130719,0.0,27.083333333333332,98.78048780487805,10.36585365853658,50.0,11.58536585365853,0
134947,Kevin De Bruyne,kevin-de-bruyne,150.0,"5' 11""",71.0,34.0,1991-06-28T07:00Z,Belgium,M,382,28,16,18,2,0,0,7,5,14,57,4,0,0,18,Man City,#99c5ea,#e6ff00,https://a.espncdn.com/i/teamlogos/soccer/500/382.png,0.24561403508771928,0.07017543859649122,0.2857142857142857,,2,86.73913043478261,95.0,37.93103448275862,64.56521739130436,56.30434782608695,54.59770114942529,58.06451612903226,86.9281045751634,96.9281045751634,35.45279383429673,73.66013071895425,67.45098039215686,48.26086956521739,,16.956521739130434,52.17391304347826,54.56521739130435,16.304347826086953,54
136571,Joel Ward,joel-ward,183.0,"6' 2""",74.0,36.0,1989-10-29T07:00Z,England,D,384,2,4,0,1,0,0,0,0,0,0,0,0,0,2,C Palace,#0202fb,#ffdd00,https://a.espncdn.com/i/teamlogos/soccer/500/384.png,,,,,1,35.0187265917603,33.89513108614232,,13.48314606741573,36.329588014981276,,,29.934640522875817,30.065359477124183,,14.117647058823529,41.96078431372549,73.78277153558052,,14.981273408239701,60.48689138576779,54.49438202247191,78.08988764044943,1
138159,Ben Mee,ben-mee,161.0,"5' 11""",71.0,36.0,1989-09-21T07:00Z,England,D,337,7,5,0,2,0,0,0,0,0,0,0,0,3,4,Brentford,#f42727,#f8ced9,https://a.espncdn.com/i/teamlogos/soccer/500/337.png,,,,,2,35.0187265917603,33.89513108614232,,13.48314606741573,39.325842696629216,,,29.934640522875817,30.065359477124183,,14.117647058823529,43.72549019607843,69.47565543071161,,41.19850187265918,46.254681647940075,54.49438202247191,78.08988764044943,0
138398,Neto,neto,183.0,"6' 3""",75.0,36.0,1989-07-19T07:00Z,Brazil,G,359,4,0,4,0,0,0,0,2,0,0,0,50,22,4,Arsenal,#e20520,#132257,https://a.espncdn.com/i/teamlogos/soccer/500/359.png,,,,0.8461538461538461,0,50.609756097560975,47.5609756097561,,85.36585365853658,43.90243902439025,,,29.934640522875817,30.065359477124183,,44.31372549019608,15.42483660130719,50.609756097560975,95.83333333333334,58.536585365853654,64.6341463414634,50.0,21.34146341463415,0
138507,Luke Berry,luke-berry,159.0,"5' 10""",70.0,33.0,1992-07-12T07:00Z,England,M,301,17,6,7,1,0,0,1,0,4,7,2,0,1,7,Luton,#ff4f00,#1D428A,https://a.espncdn.com/i/teamlogos/soccer/500/301.png,0.5714285714285714,0.2857142857142857,0.5,,1,73.91304347826086,57.826086956521735,93.96551724137932,42.608695652173914,36.73913043478261,98.5632183908046,86.7741935483871,77.25490196078432,67.3202614379085,93.64161849710982,53.59477124183007,46.470588235294116,62.391304347826086,,39.78260869565217,61.95652173913043,54.56521739130435,81.30434782608695,0
138821,Charlie Taylor,charlie-taylor,152.0,"5' 9""",69.0,32.0,1993-09-18T07:00Z,England,D,379,36,21,19,9,0,0,1,8,1,10,1,0,14,55,Burnley,#6C1D45,#1a1a1a,https://a.espncdn.com/i/teamlogos/soccer/500/379.png,0.1,0.1,1.0,,9,77.71535580524345,76.02996254681648,23.82198952879581,82.58426966292134,76.59176029962546,74.60732984293193,94.03973509933775,66.60130718954248,67.3202614379085,16.570327552986512,75.16339869281046,76.1437908496732,5.992509363295881,,79.40074906367042,3.183520599250926,54.49438202247191,2.6217228464419406,1
138879,Sam Morsy,sam-morsy,152.0,"5' 9""",69.0,34.0,1991-09-10T07:00Z,Egypt,M,373,33,45,27,10,0,1,1,5,4,14,1,0,13,65,Ipswich,#0000fa,#cd1937,https://a.espncdn.com/i/teamlogos/soccer/500/373.png,0.2857142857142857,0.07142857142857142,0.25,,10,60.652173913043484,57.826086956521735,47.98850574712644,77.82608695652173,90.8695652173913,56.60919540229885,51.29032258064517,66.60130718954248,67.3202614379085,45.472061657032754,83.8562091503268,96.20915032679738,2.826086956521735,,95.86956521739131,3.9130434782608745,54.56521739130435,16.304347826086953,24
138924,Callum Wilson,callum-wilson,146.0,"5' 11""",71.0,33.0,1992-02-27T08:00Z,England,F,361,18,4,1,1,0,0,0,1,1,6,0,0,0,7,Newcastle,#000000,#cd1937,https://a.espncdn.com/i/teamlogos/soccer/500/361.png,0.16666666666666666,0.0,0.0,,1,18.817204301075268,23.387096774193548,12.080536912751679,25.268817204301076,35.752688172043015,11.073825503355705,7.037037037037037,29.934640522875817,30.065359477124183,22.736030828516377,30.84967320261438,41.96078431372549,62.365591397849464,,28.49462365591398,52.41935483870967,52.41935483870967,48.655913978494624,3
139744,Jack Taylor,jack-taylor,152.0,"6' 1""",73.0,27.0,1998-06-23T07:00Z,England,M,373,32,16,5,4,0,0,0,0,4,18,1,0,3,22,Ipswich,#0000fa,#cd1937,https://a.espncdn.com/i/teamlogos/soccer/500/373.png,0.2222222222222222,0.05555555555555555,0.25,,4,60.652173913043484,25.43478260869565,33.33333333333333,38.47826086956522,56.30434782608695,45.97701149425287,51.29032258064517,66.60130718954248,30.065359477124183,32.080924855491325,47.97385620915033,67.45098039215686,43.47826086956522,,57.608695652173914,33.04347826086956,54.56521739130435,81.30434782608695,5
140033,Tom Cairney,tom-cairney,183.0,"6' 1""",73.0,34.0,1991-01-20T08:00Z,Scotland,M,370,25,7,19,3,1,0,0,0,4,11,2,0,1,12,Fulham,#ffffff,#d11317,https://a.espncdn.com/i/teamlogos/soccer/500/370.png,0.36363636363636365,0.18181818181818182,0.5,,5,73.91304347826086,25.43478260869565,74.42528735632183,66.52173913043478,39.565217391304344,92.24137931034483,86.7741935483871,77.25490196078432,30.065359477124183,64.73988439306359,75.16339869281046,49.411764705882355,54.56521739130435,,39.78260869565217,43.04347826086956,5.0,81.30434782608695,11
141147,James Shea,james-shea,168.0,"6' 1""",73.0,34.0,1991-06-16T07:00Z,England,G,301,1,0,0,0,0,0,0,0,0,0,0,0,2,0,Luton,#ff4f00,#1D428A,https://a.espncdn.com/i/teamlogos/soccer/500/301.png,,,,1.0,0,50.609756097560975,47.5609756097561,,29.268292682926827,43.90243902439025,,,29.934640522875817,30.065359477124183,,14.117647058823529,15.42483660130719,77.4390243902439,98.95833333333334,44.51219512195122,64.6341463414634,50.0,67.07317073170731,0
141188,Joshua King,joshua-king,161.0,"5' 11""",71.0,33.0,1992-01-15T08:00Z,Norway,F,370,8,3,2,0,0,0,0,0,0,3,0,0,0,0,Fulham,#ffffff,#d11317,https://a.espncdn.com/i/teamlogos/soccer/500/370.png,0.0,0.0,,,0,18.817204301075268,23.387096774193548,5.033557046979865,29.03225806451613,32.526881720430104,11.073825503355705,,29.934640522875817,30.065359477124183,7.321772639691715,36.470588235294116,39.869281045751634,89.51612903225806,,28.49462365591398,80.64516129032258,52.41935483870967,78.49462365591398,0
141706,Danny Ings,danny-ings,161.0,"5' 10""",70.0,33.0,1992-07-23T07:00Z,England,F,371,15,0,2,0,0,0,2,1,5,13,1,0,0,4,West Ham,#7c2c3b,#000000,https://a.espncdn.com/i/teamlogos/soccer/500/371.png,0.38461538461538464,0.07692307692307693,0.2,,0,43.81720430107527,66.66666666666666,52.68456375838926,29.03225806451613,11.827956989247312,37.24832214765101,24.074074074074073,66.60130718954248,78.82352941176471,68.88246628131022,36.470588235294116,15.42483660130719,69.08602150537635,,28.49462365591398,80.64516129032258,52.41935483870967,48.655913978494624,6
142055,Bobby De Cordova-Reid,bobby-de-cordova-reid,150.0,"5' 7""",67.0,33.0,1993-02-02T08:00Z,Jamaica,F,375,23,9,9,2,0,0,2,0,3,8,1,0,1,15,Leicester,#0202fb,#000000,https://a.espncdn.com/i/teamlogos/soccer/500/375.png,0.375,0.125,0.3333333333333333,,2,43.81720430107527,66.66666666666666,47.31543624161073,45.16129032258064,48.924731182795696,57.38255033557047,51.48148148148148,66.60130718954248,78.82352941176471,66.47398843930635,57.647058823529406,54.70588235294118,52.68817204301075,,64.51612903225806,34.67741935483872,52.41935483870967,78.49462365591398,6
143007,Daniel Bentley,daniel-bentley,161.0,"6' 2""",74.0,32.0,1993-07-13T07:00Z,England,G,380,2,0,0,0,0,0,0,0,0,0,0,22,8,4,Wolves,#fdb913,#cd1937,https://a.espncdn.com/i/teamlogos/soccer/500/380.png,,,,0.6666666666666666,0,50.609756097560975,47.5609756097561,,29.268292682926827,43.90243902439025,,,29.934640522875817,30.065359477124183,,14.117647058823529,15.42483660130719,50.609756097560975,43.75,51.829268292682926,64.6341463414634,50.0,67.07317073170731,0
143378,Oliver Norwood,oliver-norwood,163.0,"5' 11""",71.0,34.0,1991-04-12T07:00Z,Northern Ireland,M,398,27,15,9,8,0,0,0,2,6,14,1,0,9,45,Sheffield Utd,#f42727,#1D428A,https://a.espncdn.com/i/teamlogos/soccer/500/398.png,0.42857142857142855,0.07142857142857142,0.16666666666666666,,8,60.652173913043484,25.43478260869565,84.48275862068965,47.391304347826086,53.2608695652174,56.60919540229885,36.12903225806451,66.60130718954248,30.065359477124183,77.9383429672447,57.647058823529406,65.09803921568627,9.130434782608702,,84.78260869565217,11.521739130434781,54.56521739130435,40.21739130434783,0
143637,Kieran Trippier,kieran-trippier,157.0,"5' 10""",70.0,35.0,1990-09-19T07:00Z,England,D,361,25,16,11,1,0,0,3,3,0,4,0,0,3,17,Newcastle,#000000,#cd1937,https://a.espncdn.com/i/teamlogos/soccer/500/361.png,0.0,0.0,,,1,35.0187265917603,94.00749063670412,10.732984293193718,68.91385767790263,67.97752808988764,29.05759162303665,,29.934640522875817,85.88235294117646,7.321772639691715,62.35294117647059,67.45098039215686,47.75280898876404,,41.19850187265918,60.48689138576779,54.49438202247191,23.220973782771537,21
144130,Christian Eriksen,christian-eriksen,168.0,"6' 0""",72.0,34.0,1992-02-14T08:00Z,Denmark,M,360,23,8,3,4,0,0,2,1,1,15,1,0,4,16,Man United,#da020e,#144992,https://a.espncdn.com/i/teamlogos/soccer/500/360.png,0.06666666666666667,0.06666666666666667,1.0,,4,60.652173913043484,70.86956521739131,12.068965517241379,33.47826086956522,42.173913043478265,52.29885057471264,98.70967741935483,66.60130718954248,78.82352941176471,14.836223506743737,40.849673202614376,52.09150326797386,51.08695652173913,,63.69565217391304,33.04347826086956,54.56521739130435,54.56521739130435,31
144517,Idrissa Gueye,idrissa-gueye,146.0,"5' 9""",69.0,36.0,1989-09-26T07:00Z,Senegal,M,368,37,55,46,9,0,0,3,7,4,24,0,0,9,39,Everton,#0606fa,#132257,https://a.espncdn.com/i/teamlogos/soccer/500/368.png,0.16666666666666666,0.0,0.0,,9,26.304347826086953,81.08695652173913,21.839080459770116,90.8695652173913,96.30434782608695,18.67816091954023,14.838709677419354,29.934640522875817,85.88235294117646,22.736030828516377,94.90196078431372,98.4967320261438,14.565217391304358,,84.78260869565217,7.173913043478265,54.56521739130435,6.956521739130437,19
146091,Nathan Redmond,nathan-redmond,150.0,"5' 8""",68.0,31.0,1994-03-06T08:00Z,England,F,379,12,4,2,1,0,0,0,2,0,0,0,0,0,5,Burnley,#6C1D45,#1a1a1a,https://a.espncdn.com/i/teamlogos/soccer/500/379.png,,,,,1,18.817204301075268,23.387096774193548,,29.03225806451613,35.752688172043015,,,29.934640522875817,30.065359477124183,,36.470588235294116,41.96078431372549,65.59139784946237,,28.49462365591398,52.41935483870967,52.41935483870967,30.91397849462365,0
146566,George Baldock,george-baldock,157.0,"5' 10""",70.0,31.0,1993-03-09T08:00Z,Greece,D,398,13,19,14,4,0,0,1,2,0,1,0,0,8,19,Sheffield Utd,#f42727,#1D428A,https://a.espncdn.com/i/teamlogos/soccer/500/398.png,0.0,0.0,,,4,35.0187265917603,76.02996254681648,10.732984293193718,75.65543071161048,73.97003745318352,29.05759162303665,,29.934640522875817,67.3202614379085,7.321772639691715,68.16993464052288,73.26797385620914,44.569288389513105,,63.10861423220974,28.277153558052433,54.49438202247191,33.52059925093633,0
146679,Daniel Muñoz,daniel-munoz,161.0,"5' 11""",71.0,29.0,1996-05-26T07:00Z,Colombia,D,384,37,53,20,10,0,0,5,8,13,33,4,0,7,43,C Palace,#0202fb,#ffdd00,https://a.espncdn.com/i/teamlogos/soccer/500/384.png,0.3939393939393939,0.12121212121212122,0.3076923076923077,,10,98.12734082397003,97.56554307116106,75.91623036649214,84.45692883895131,99.625468164794,80.10471204188482,63.576158940397356,86.9281045751634,93.0718954248366,71.19460500963392,76.6013071895425,98.30065359477123,13.483146067415731,,59.176029962546814,1.3108614232209703,54.49438202247191,2.6217228464419406,45
147106,Lewis Dunk,lewis-dunk,192.0,"6' 4""",76.0,34.0,1991-11-21T08:00Z,England,D,331,25,7,11,5,0,1,0,4,4,12,0,0,19,40,Brighton,#0606fa,#ffdd00,https://a.espncdn.com/i/teamlogos/soccer/500/331.png,0.3333333333333333,0.0,0.0,,5,35.0187265917603,33.89513108614232,65.70680628272252,68.91385767790263,47.752808988764045,29.05759162303665,23.509933774834437,29.934640522875817,30.065359477124183,57.61078998073218,62.35294117647059,49.411764705882355,17.415730337078656,,87.26591760299625,18.16479400749064,54.49438202247191,15.730337078651687,6
147255,Jack Robinson,jack-robinson,148.0,"5' 11""",71.0,32.0,1993-09-01T07:00Z,England,D,398,34,18,16,10,0,2,2,5,7,14,1,0,35,78,Sheffield Utd,#f42727,#1D428A,https://a.espncdn.com/i/teamlogos/soccer/500/398.png,0.5,0.07142857142857142,0.14285714285714285,,10,77.71535580524345,88.57677902621724,87.43455497382199,79.02621722846442,71.91011235955057,67.5392670157068,48.675496688741724,66.60130718954248,78.82352941176471,88.82466281310212,70.84967320261438,71.50326797385621,0.7490636704119851,,96.62921348314607,1.3108614232209703,54.49438202247191,10.112359550561806,0
148515,Tom King,tom-king,174.0,"6' 4""",76.0,30.0,1995-03-09T08:00Z,Wales,G,380,1,0,0,0,0,0,0,0,0,0,0,0,0,0,Wolves,#fdb913,#cd1937,https://a.espncdn.com/i/teamlogos/soccer/500/380.png,,,,,0,50.609756097560975,47.5609756097561,,29.268292682926827,43.90243902439025,,,29.934640522875817,30.065359477124183,,14.117647058823529,15.42483660130719,77.4390243902439,,21.341463414634145,64.6341463414634,50.0,67.07317073170731,0
148987,Alphonse Areola,alphonse-areola,205.0,"6' 5""",77.0,32.0,1993-02-27T08:00Z,France,G,371,26,0,0,0,0,1,0,4,1,1,0,311,83,38,West Ham,#7c2c3b,#000000,https://a.espncdn.com/i/teamlogos/soccer/500/371.png,1.0,0.0,0.0,0.6859504132231405,0,50.609756097560975,47.5609756097561,80.0,29.268292682926827,43.90243902439025,60.0,66.66666666666666,29.934640522875817,30.065359477124183,97.88053949903662,14.117647058823529,15.42483660130719,19.51219512195121,58.333333333333336,78.04878048780488,64.6341463414634,50.0,15.853658536585371,0
149945,Son Heung-Min,son-heung-min,172.0,"6' 0""",72.0,33.0,1992-07-08T07:00Z,South Korea,F,367,30,6,28,1,0,0,9,2,25,55,7,0,2,33,Spurs,#ffffff,#9bafd8,https://a.espncdn.com/i/teamlogos/soccer/500/367.png,0.45454545454545453,0.12727272727272726,0.28,,1,79.03225806451613,97.31182795698925,80.87248322147651,78.76344086021506,39.247311827956985,59.06040268456376,38.51851851851852,93.33333333333333,98.75816993464053,83.23699421965318,85.29411764705883,46.470588235294116,20.6989247311828,,77.15053763440861,52.41935483870967,52.41935483870967,30.91397849462365,47
151855,Stefan Ortega,stefan-ortega,192.0,"6' 1""",73.0,33.0,1992-11-06T08:00Z,Germany,G,382,13,1,2,1,0,0,0,1,0,0,0,132,34,17,Man City,#99c5ea,#e6ff00,https://a.espncdn.com/i/teamlogos/soccer/500/382.png,,,,0.6666666666666666,1,50.609756097560975,47.5609756097561,,72.5609756097561,90.2439024390244,,,29.934640522875817,30.065359477124183,,36.470588235294116,32.745098039215684,32.92682926829268,43.75,68.29268292682927,25.609756097560975,50.0,28.65853658536585,0
152349,Willy Boly,willy-boly,203.0,"6' 5""",77.0,34.0,1991-02-03T08:00Z,Ivory Coast,D,393,6,1,0,1,0,0,0,0,1,1,0,0,2,1,Nottm Forest,#c8102e,#132257,https://a.espncdn.com/i/teamlogos/soccer/500/393.png,1.0,0.0,0.0,,1,35.0187265917603,33.89513108614232,98.42931937172776,13.48314606741573,26.96629213483146,29.05759162303665,23.509933774834437,29.934640522875817,30.065359477124183,97.88053949903662,14.117647058823529,32.745098039215684,76.96629213483146,,36.70411985018727,60.48689138576779,54.49438202247191,78.08988764044943,0
152469,Ross Barkley,ross-barkley,168.0,"6' 2""",74.0,32.0,1993-12-05T08:00Z,England,M,301,52,34,43,9,0,0,5,7,23,83,8,0,12,72,Luton,#ff4f00,#1D428A,https://a.espncdn.com/i/teamlogos/soccer/500/301.png,0.27710843373493976,0.0963855421686747,0.34782608695652173,,9,96.73913043478261,90.65217391304347,44.252873563218394,90.43478260869566,81.73913043478261,71.26436781609196,68.38709677419355,94.64052287581698,93.0718954248366,42.58188824662813,93.72549019607843,91.30718954248366,1.3043478260869534,,94.1304347826087,7.173913043478265,54.56521739130435,6.956521739130437,9
152475,Jack Stephens,jack-stephens,163.0,"6' 1""",73.0,32.0,1994-01-27T08:00Z,England,D,376,19,13,4,2,2,0,0,1,2,5,1,0,13,31,Southampton,#ED1A3B,#f1ee13,https://a.espncdn.com/i/teamlogos/soccer/500/376.png,0.4,0.2,0.5,,6,77.71535580524345,33.89513108614232,77.4869109947644,46.254681647940075,63.670411985018724,90.0523560209424,80.79470198675497,66.60130718954248,30.065359477124183,73.41040462427746,44.31372549019608,62.22222222222222,28.838951310861432,,77.15355805243446,46.254681647940075,0.18726591760299982,48.12734082397003,2
152479,Wataru Endo,wataru-endo,168.0,"5' 10""",70.0,32.0,1993-02-09T08:00Z,Japan,M,364,20,15,7,0,0,0,0,0,0,0,0,0,1,3,Liverpool,#d11317,#132257,https://a.espncdn.com/i/teamlogos/soccer/500/364.png,,,,,0,26.304347826086953,25.43478260869565,,42.608695652173914,53.2608695652174,,,29.934640522875817,30.065359477124183,,53.59477124183007,65.09803921568627,70.0,,39.78260869565217,83.47826086956522,54.56521739130435,81.30434782608695,2
153012,Ryan Fraser,ryan-fraser,152.0,"5' 4""",64.0,31.0,1994-02-24T08:00Z,Scotland,M,376,8,1,4,0,1,0,0,1,1,1,0,0,1,12,Southampton,#ED1A3B,#f1ee13,https://a.espncdn.com/i/teamlogos/soccer/500/376.png,1.0,0.0,0.0,,2,26.304347826086953,25.43478260869565,97.98850574712644,36.08695652173913,25.43478260869565,18.67816091954023,14.838709677419354,29.934640522875817,30.065359477124183,97.88053949903662,44.31372549019608,32.745098039215684,54.56521739130435,,39.78260869565217,83.47826086956522,5.0,54.56521739130435,2
153570,Cauley Woodrow,cauley-woodrow,172.0,"6' 0""",72.0,31.0,1994-12-02T08:00Z,England,F,301,24,8,4,2,0,0,1,1,3,16,1,0,1,11,Luton,#ff4f00,#1D428A,https://a.espncdn.com/i/teamlogos/soccer/500/301.png,0.1875,0.0625,0.3333333333333333,,2,43.81720430107527,54.56989247311827,13.422818791946309,34.40860215053764,45.16129032258064,30.201342281879196,51.48148148148148,66.60130718954248,67.3202614379085,25.91522157996146,44.31372549019608,52.09150326797386,57.795698924731184,,64.51612903225806,34.67741935483872,52.41935483870967,48.655913978494624,0
153765,Bernd Leno,bernd-leno,181.0,"6' 2""",74.0,33.0,1992-03-04T08:00Z,Germany,G,370,38,0,4,5,0,0,1,1,0,0,0,356,113,52,Fulham,#ffffff,#d11317,https://a.espncdn.com/i/teamlogos/soccer/500/370.png,,,,0.6848484848484848,5,50.609756097560975,96.34146341463415,,85.36585365853658,43.90243902439025,,,29.934640522875817,67.3202614379085,,44.31372549019608,15.42483660130719,8.536585365853654,56.25,91.46341463414635,3.6585365853658516,50.0,28.65853658536585,2
154514,Pablo Sarabia,pablo-sarabia,152.0,"5' 9""",69.0,33.0,1992-05-11T07:00Z,Spain,M,380,23,16,16,3,0,0,2,7,7,16,3,0,0,17,Wolves,#fdb913,#cd1937,https://a.espncdn.com/i/teamlogos/soccer/500/380.png,0.4375,0.1875,0.42857142857142855,,3,81.52173913043478,70.86956521739131,85.63218390804597,60.86956521739131,56.30434782608695,93.10344827586206,79.03225806451613,83.20261437908498,78.82352941176471,79.57610789980733,70.84967320261438,67.45098039215686,49.1304347826087,,16.956521739130434,43.04347826086956,54.56521739130435,6.956521739130437,15
154595,Mateo Kovacic,mateo-kovacic,172.0,"5' 10""",70.0,31.0,1994-05-06T07:00Z,Croatia,M,382,31,23,26,5,1,0,2,4,9,40,6,0,0,28,Man City,#99c5ea,#e6ff00,https://a.espncdn.com/i/teamlogos/soccer/500/382.png,0.225,0.15,0.6666666666666666,,7,93.04347826086956,70.86956521739131,35.05747126436782,76.08695652173914,69.1304347826087,87.35632183908046,95.48387096774194,91.63398692810458,78.82352941176471,32.947976878612714,82.87581699346406,79.15032679738562,32.39130434782609,,16.956521739130434,25.434782608695656,5.0,23.26086956521739,30
155211,Jannik Vestergaard,jannik-vestergaard,205.0,"6' 6""",78.0,33.0,1992-08-03T07:00Z,Denmark,D,375,18,12,4,5,0,1,0,1,3,4,0,0,14,33,Leicester,#0202fb,#000000,https://a.espncdn.com/i/teamlogos/soccer/500/375.png,0.75,0.0,0.0,,5,35.0187265917603,33.89513108614232,96.33507853403141,46.254681647940075,61.79775280898876,29.05759162303665,23.509933774834437,29.934640522875817,30.065359477124183,95.56840077071291,44.31372549019608,60.588235294117645,26.217228464419478,,79.40074906367042,18.16479400749064,54.49438202247191,48.12734082397003,3
155226,James Tarkowski,james-tarkowski,179.0,"6' 1""",73.0,33.0,1992-11-19T08:00Z,England,D,368,33,35,28,6,0,0,1,9,4,15,1,0,41,38,Everton,#0606fa,#132257,https://a.espncdn.com/i/teamlogos/soccer/500/368.png,0.26666666666666666,0.06666666666666667,0.25,,6,77.71535580524345,76.02996254681648,50.78534031413613,90.63670411985018,96.62921348314607,64.65968586387434,58.27814569536424,66.60130718954248,67.3202614379085,41.040462427745666,85.29411764705883,92.09150326797385,20.411985018726597,,98.50187265917603,11.797752808988761,54.49438202247191,1.1235955056179847,14
156365,Conor Coady,conor-coady,174.0,"6' 1""",73.0,32.0,1993-02-25T08:00Z,England,D,375,22,7,2,3,0,0,0,4,2,2,1,0,24,42,Leicester,#0202fb,#000000,https://a.espncdn.com/i/teamlogos/soccer/500/375.png,1.0,0.5,0.5,,3,77.71535580524345,33.89513108614232,98.42931937172776,36.70411985018727,47.752808988764045,99.21465968586386,80.79470198675497,66.60130718954248,30.065359477124183,97.88053949903662,36.470588235294116,49.411764705882355,14.981273408239701,,92.13483146067416,36.89138576779026,54.49438202247191,15.730337078651687,1
156366,Raheem Sterling,raheem-sterling,150.0,"5' 8""",68.0,31.0,1994-12-08T08:00Z,England,F,359,19,11,8,1,0,0,2,2,0,11,0,0,0,4,Arsenal,#e20520,#132257,https://a.espncdn.com/i/teamlogos/soccer/500/359.png,0.0,0.0,,,1,18.817204301075268,66.66666666666666,5.033557046979865,43.54838709677419,54.3010752688172,11.073825503355705,,29.934640522875817,78.82352941176471,7.321772639691715,55.62091503267974,58.56209150326798,69.08602150537635,,28.49462365591398,52.41935483870967,52.41935483870967,30.91397849462365,8
156799,Richarlison,richarlison,183.0,"6' 0""",72.0,28.0,1997-05-10T07:00Z,Brazil,F,367,15,7,13,2,0,0,1,0,7,18,4,0,1,8,Spurs,#ffffff,#9bafd8,https://a.espncdn.com/i/teamlogos/soccer/500/367.png,0.3888888888888889,0.2222222222222222,0.5714285714285714,,2,65.86021505376344,54.56989247311827,54.69798657718121,54.3010752688172,42.204301075268816,93.28859060402685,95.92592592592592,86.9281045751634,67.3202614379085,69.94219653179191,66.33986928104575,49.411764705882355,61.29032258064516,,64.51612903225806,34.67741935483872,52.41935483870967,78.49462365591398,4
156867,Jamaal Lascelles,jamaal-lascelles,194.0,"6' 2""",74.0,32.0,1993-11-11T08:00Z,England,D,361,0,0,0,0,0,0,0,0,0,0,0,0,0,0,Newcastle,#000000,#cd1937,https://a.espncdn.com/i/teamlogos/soccer/500/361.png,,,,,0,35.0187265917603,33.89513108614232,,13.48314606741573,12.734082397003746,,,29.934640522875817,30.065359477124183,,14.117647058823529,15.42483660130719,89.32584269662921,,14.981273408239701,84.45692883895131,54.49438202247191,78.08988764044943,0
157073,Harry Maguire,harry-maguire,196.0,"6' 4""",76.0,32.0,1993-03-05T08:00Z,England,D,360,27,18,11,7,0,0,0,5,6,16,1,0,13,27,Man United,#da020e,#144992,https://a.espncdn.com/i/teamlogos/soccer/500/360.png,0.375,0.0625,0.16666666666666666,,7,77.71535580524345,33.89513108614232,73.82198952879581,68.91385767790263,71.91011235955057,63.35078534031413,51.324503311258276,66.60130718954248,30.065359477124183,66.47398843930635,62.35294117647059,71.50326797385621,32.77153558052434,,77.15355805243446,8.239700374531836,54.49438202247191,10.112359550561806,7
157236,Wes Foderingham,wes-foderingham,163.0,"6' 1""",73.0,34.0,1991-01-14T08:00Z,England,G,398,30,0,12,2,0,1,0,9,1,1,0,438,136,74,Sheffield Utd,#f42727,#1D428A,https://a.espncdn.com/i/teamlogos/soccer/500/398.png,1.0,0.0,0.0,0.6476190476190476,2,50.609756097560975,47.5609756097561,80.0,100.0,43.90243902439025,60.0,66.66666666666666,29.934640522875817,30.065359477124183,97.88053949903662,64.31372549019608,15.42483660130719,1.2195121951219505,29.166666666666668,97.5609756097561,17.07317073170732,50.0,3.0487804878048763,0
157473,Jordan Clark,jordan-clark,157.0,"6' 0""",72.0,32.0,1993-09-22T07:00Z,England,M,301,23,12,26,4,0,0,1,2,3,16,1,0,3,39,Luton,#ff4f00,#1D428A,https://a.espncdn.com/i/teamlogos/soccer/500/301.png,0.1875,0.0625,0.3333333333333333,,4,60.652173913043484,57.826086956521735,25.287356321839084,76.08695652173914,48.69565217391305,50.57471264367817,65.16129032258064,66.60130718954248,67.3202614379085,25.91522157996146,82.87581699346406,60.588235294117645,14.565217391304358,,57.608695652173914,33.04347826086956,54.56521739130435,40.21739130434783,0
157892,Virgil van Dijk,virgil-van-dijk,203.0,"6' 5""",77.0,34.0,1991-07-08T07:00Z,Netherlands,D,364,37,16,13,5,0,0,1,2,7,27,3,0,18,36,Liverpool,#d11317,#132257,https://a.espncdn.com/i/teamlogos/soccer/500/364.png,0.25925925925925924,0.1111111111111111,0.42857142857142855,,5,96.06741573033707,76.02996254681648,49.73821989528796,73.78277153558052,67.97752808988764,77.22513089005236,75.82781456953643,83.20261437908498,67.3202614379085,39.78805394990366,66.33986928104575,67.45098039215686,22.471910112359552,,85.58052434456928,18.16479400749064,54.49438202247191,33.52059925093633,10
157974,John Stones,john-stones,174.0,"6' 2""",74.0,31.0,1994-05-28T07:00Z,England,D,382,11,2,2,1,0,0,0,1,2,2,2,0,3,11,Man City,#99c5ea,#e6ff00,https://a.espncdn.com/i/teamlogos/soccer/500/382.png,1.0,1.0,1.0,,1,90.0749063670412,33.89513108614232,98.42931937172776,36.70411985018727,30.711610486891384,100.0,94.03973509933775,77.25490196078432,30.065359477124183,97.88053949903662,36.470588235294116,36.60130718954248,55.430711610486895,,41.19850187265918,60.48689138576779,54.49438202247191,48.12734082397003,1
158626,Emiliano Martínez,emiliano-martinez,192.0,"6' 5""",77.0,33.0,1992-09-02T07:00Z,Argentina,G,362,37,2,6,5,1,0,0,7,0,0,0,358,101,45,Aston Villa,#660e36,#ffffff,https://a.espncdn.com/i/teamlogos/soccer/500/362.png,,,,0.6917808219178082,7,50.609756097560975,47.5609756097561,,92.07317073170732,96.34146341463415,,,29.934640522875817,30.065359477124183,,51.045751633986924,36.60130718954248,14.63414634146342,62.5,86.58536585365853,3.6585365853658516,0.0,6.707317073170728,2
159051,Emerson,emerson,139.0,"5' 9""",69.0,31.0,1994-08-03T07:00Z,Italy,D,371,31,24,13,5,0,0,1,3,5,15,2,0,8,40,West Ham,#7c2c3b,#000000,https://a.espncdn.com/i/teamlogos/soccer/500/371.png,0.3333333333333333,0.13333333333333333,0.4,,5,90.0749063670412,76.02996254681648,65.70680628272252,73.78277153558052,83.14606741573034,82.72251308900523,72.84768211920529,77.25490196078432,67.3202614379085,57.61078998073218,66.33986928104575,80.84967320261438,17.415730337078656,,63.10861423220974,18.16479400749064,54.49438202247191,23.220973782771537,15
159135,Odisseas Vlachodimos,odisseas-vlachodimos,172.0,"6' 2""",74.0,31.0,1994-04-26T07:00Z,Greece,G,361,0,0,0,0,0,0,0,0,0,0,0,0,0,0,Newcastle,#000000,#cd1937,https://a.espncdn.com/i/teamlogos/soccer/500/361.png,,,,,0,50.609756097560975,47.5609756097561,,29.268292682926827,43.90243902439025,,,29.934640522875817,30.065359477124183,,14.117647058823529,15.42483660130719,77.4390243902439,,21.341463414634145,64.6341463414634,50.0,67.07317073170731,0
159248,Nathan Aké,nathan-ake,163.0,"5' 11""",71.0,30.0,1995-02-18T08:00Z,Netherlands,D,382,10,2,0,0,0,0,0,2,0,3,0,0,2,11,Man City,#99c5ea,#e6ff00,https://a.espncdn.com/i/teamlogos/soccer/500/382.png,0.0,0.0,,,0,35.0187265917603,33.89513108614232,10.732984293193718,13.48314606741573,30.711610486891384,29.05759162303665,,29.934640522875817,30.065359477124183,7.321772639691715,14.117647058823529,36.60130718954248,55.430711610486895,,36.70411985018727,84.45692883895131,54.49438202247191,33.52059925093633,1
159443,Jordan Pickford,jordan-pickford,181.0,"6' 1""",73.0,31.0,1994-03-07T08:00Z,England,G,368,38,0,7,7,0,0,1,9,0,0,0,406,121,44,Everton,#0606fa,#132257,https://a.espncdn.com/i/teamlogos/soccer/500/368.png,,,,0.7333333333333333,7,50.609756097560975,96.34146341463415,,94.51219512195121,43.90243902439025,,,29.934640522875817,67.3202614379085,,53.59477124183007,15.42483660130719,15.853658536585371,77.08333333333334,93.90243902439023,0.0,50.0,3.0487804878048763,2
160115,Lucas Digne,lucas-digne,161.0,"5' 10""",70.0,32.0,1993-07-20T07:00Z,France,D,362,32,20,16,4,0,0,4,2,2,12,0,0,4,37,Aston Villa,#660e36,#ffffff,https://a.espncdn.com/i/teamlogos/soccer/500/362.png,0.16666666666666666,0.0,0.0,,4,35.0187265917603,96.06741573033707,31.93717277486911,79.02621722846442,75.84269662921348,29.05759162303665,23.509933774834437,29.934640522875817,90.45751633986929,22.736030828516377,70.84967320261438,74.9673202614379,21.348314606741567,,46.62921348314607,28.277153558052433,54.49438202247191,33.52059925093633,34
161715,Nick Pope,nick-pope,168.0,"6' 3""",75.0,33.0,1992-04-19T07:00Z,England,G,361,28,2,5,2,0,0,0,0,0,0,0,313,88,33,Newcastle,#000000,#cd1937,https://a.espncdn.com/i/teamlogos/soccer/500/361.png,,,,0.7272727272727273,2,50.609756097560975,47.5609756097561,,89.63414634146342,96.34146341463415,,,29.934640522875817,30.065359477124183,,47.97385620915033,36.60130718954248,24.390243902439025,75.0,80.48780487804879,17.07317073170732,50.0,67.07317073170731,1
162338,Sam Johnstone,sam-johnstone,185.0,"6' 4""",76.0,32.0,1993-03-25T08:00Z,England,G,380,7,0,0,0,0,0,0,1,0,0,0,78,23,16,Wolves,#fdb913,#cd1937,https://a.espncdn.com/i/teamlogos/soccer/500/380.png,,,,0.5897435897435898,0,50.609756097560975,47.5609756097561,,29.268292682926827,43.90243902439025,,,29.934640522875817,30.065359477124183,,14.117647058823529,15.42483660130719,34.756097560975604,12.5,59.756097560975604,64.6341463414634,50.0,28.65853658536585,1
162843,John McGinn,john-mcginn,150.0,"5' 10""",70.0,31.0,1994-10-18T07:00Z,Scotland,M,362,34,42,69,7,0,0,4,1,5,31,1,0,2,34,Aston Villa,#660e36,#ffffff,https://a.espncdn.com/i/teamlogos/soccer/500/362.png,0.16129032258064516,0.03225806451612903,0.2,,7,60.652173913043484,87.60869565217392,20.689655172413794,99.56521739130434,88.26086956521739,38.50574712643678,41.29032258064516,66.60130718954248,90.45751633986929,21.57996146435453,99.6078431372549,95.03267973856208,20.652173913043484,,50.21739130434783,16.086956521739125,54.56521739130435,54.56521739130435,30
163111,James Ward-Prowse,james-ward-prowse,146.0,"5' 10""",70.0,31.0,1994-11-01T08:00Z,England,M,371,34,21,8,4,2,0,3,3,5,17,1,0,7,26,West Ham,#7c2c3b,#000000,https://a.espncdn.com/i/teamlogos/soccer/500/371.png,0.29411764705882354,0.058823529411764705,0.2,,8,60.652173913043484,81.08695652173913,50.287356321839084,44.78260869565218,67.17391304347827,47.701149425287355,41.29032258064516,66.60130718954248,85.88235294117646,47.88053949903661,55.62091503267974,76.1437908496732,37.39130434782608,,77.6086956521739,33.04347826086956,0.21739130434782794,30.434782608695656,23
165266,Massimo Luongo,massimo-luongo,146.0,"5' 9""",69.0,33.0,1992-09-25T07:00Z,Australia,M,373,11,1,2,0,0,0,0,1,0,0,0,0,2,6,Ipswich,#0000fa,#cd1937,https://a.espncdn.com/i/teamlogos/soccer/500/373.png,,,,,0,26.304347826086953,25.43478260869565,,30.0,25.43478260869565,,,29.934640522875817,30.065359477124183,,36.470588235294116,32.745098039215684,63.69565217391304,,50.21739130434783,83.47826086956522,54.56521739130435,54.56521739130435,0
165648,Jamie Vardy,jamie-vardy,161.0,"5' 10""",70.0,39.0,1987-01-11T08:00Z,England,F,375,35,24,23,5,0,0,4,7,22,55,9,0,5,66,Leicester,#0202fb,#000000,https://a.espncdn.com/i/teamlogos/soccer/500/375.png,0.4,0.16363636363636364,0.4090909090909091,,5,85.48387096774194,82.52688172043011,60.738255033557046,71.23655913978494,81.98924731182797,74.49664429530202,71.11111111111111,95.88235294117648,90.45751633986929,73.41040462427746,79.86928104575163,80.84967320261438,1.0752688172043037,,93.54838709677419,8.602150537634415,52.41935483870967,4.3010752688172005,19
165778,Jorginho,jorginho,141.0,"5' 11""",71.0,33.0,1991-12-20T08:00Z,Italy,M,359,15,14,17,5,0,0,0,0,0,2,0,0,0,7,Arsenal,#e20520,#132257,https://a.espncdn.com/i/teamlogos/soccer/500/359.png,0.0,0.0,,,5,26.304347826086953,25.43478260869565,5.747126436781609,62.39130434782608,50.8695652173913,18.67816091954023,,29.934640522875817,30.065359477124183,7.321772639691715,72.35294117647058,63.39869281045751,62.391304347826086,,16.956521739130434,25.434782608695656,54.56521739130435,81.30434782608695,3
167060,Raúl Jiménez,raul-jimenez,168.0,"6' 3""",75.0,34.0,1991-05-05T07:00Z,Mexico,F,370,38,39,42,4,0,0,3,2,32,95,12,0,5,36,Fulham,#ffffff,#d11317,https://a.espncdn.com/i/teamlogos/soccer/500/370.png,0.3368421052631579,0.12631578947368421,0.375,,4,93.01075268817203,75.0,39.59731543624161,89.78494623655914,95.6989247311828,58.38926174496645,61.85185185185185,98.16993464052287,85.88235294117646,60.5009633911368,93.4640522875817,93.85620915032679,16.129032258064512,,93.54838709677419,15.053763440860209,52.41935483870967,30.91397849462365,24
167127,Luke Shaw,luke-shaw,174.0,"5' 10""",70.0,30.0,1995-07-12T07:00Z,England,D,360,7,3,1,1,0,1,0,0,1,2,0,0,1,4,Man United,#da020e,#144992,https://a.espncdn.com/i/teamlogos/soccer/500/360.png,0.5,0.0,0.0,,1,35.0187265917603,33.89513108614232,87.43455497382199,29.775280898876407,34.08239700374532,29.05759162303665,23.509933774834437,29.934640522875817,30.065359477124183,88.82466281310212,30.84967320261438,39.869281045751634,69.47565543071161,,32.20973782771536,60.48689138576779,54.49438202247191,78.08988764044943,5
168309,Conor Townsend,conor-townsend,137.0,"6' 0""",72.0,32.0,1993-03-04T08:00Z,England,D,373,6,2,4,1,0,0,1,1,0,1,0,0,6,6,Ipswich,#0000fa,#cd1937,https://a.espncdn.com/i/teamlogos/soccer/500/373.png,0.0,0.0,,,1,35.0187265917603,76.02996254681648,10.732984293193718,46.254681647940075,30.711610486891384,29.05759162303665,,29.934640522875817,67.3202614379085,7.321772639691715,44.31372549019608,36.60130718954248,64.7940074906367,,54.68164794007491,60.48689138576779,54.49438202247191,48.12734082397003,3
168421,Will Hughes,will-hughes,161.0,"6' 1""",73.0,30.0,1995-04-17T07:00Z,England,M,384,33,64,31,11,0,0,3,8,1,20,0,0,14,29,C Palace,#0202fb,#ffdd00,https://a.espncdn.com/i/teamlogos/soccer/500/384.png,0.05,0.0,0.0,,11,26.304347826086953,81.08695652173913,11.494252873563218,82.17391304347827,98.26086956521739,18.67816091954023,14.838709677419354,29.934640522875817,85.88235294117646,14.64354527938343,87.6470588235294,99.2156862745098,30.217391304347828,,96.52173913043478,1.7391304347826093,54.56521739130435,3.6956521739130466,32
168424,John Egan,john-egan,163.0,"6' 1""",73.0,33.0,1992-10-20T07:00Z,Republic of Ireland,D,398,6,5,1,2,0,0,0,2,1,2,0,0,6,17,Sheffield Utd,#f42727,#1D428A,https://a.espncdn.com/i/teamlogos/soccer/500/398.png,0.5,0.0,0.0,,2,35.0187265917603,33.89513108614232,87.43455497382199,29.775280898876407,39.325842696629216,29.05759162303665,23.509933774834437,29.934640522875817,30.065359477124183,88.82466281310212,30.84967320261438,43.72549019607843,47.75280898876404,,54.68164794007491,46.254681647940075,54.49438202247191,33.52059925093633,0
168695,Tom Lockyer,tom-lockyer,159.0,"6' 1""",73.0,31.0,1994-12-03T08:00Z,Wales,D,301,14,15,10,4,0,1,1,1,2,8,1,0,13,22,Luton,#ff4f00,#1D428A,https://a.espncdn.com/i/teamlogos/soccer/500/301.png,0.25,0.125,0.5,,4,77.71535580524345,76.02996254681648,47.64397905759162,66.29213483146067,65.54307116104869,81.67539267015707,80.79470198675497,66.60130718954248,67.3202614379085,37.47591522157997,60.0,65.09803921568627,41.01123595505618,,77.15355805243446,28.277153558052433,54.49438202247191,48.12734082397003,0
168746,Christian Walton,christian-walton,163.0,"6' 5""",77.0,30.0,1995-11-09T08:00Z,England,G,373,7,0,1,0,0,0,0,0,0,0,0,79,20,19,Ipswich,#0000fa,#cd1937,https://a.espncdn.com/i/teamlogos/soccer/500/373.png,,,,0.5128205128205128,0,50.609756097560975,47.5609756097561,,62.80487804878049,43.90243902439025,,,29.934640522875817,30.065359477124183,,30.84967320261438,15.42483660130719,31.707317073170728,10.416666666666668,56.09756097560976,64.6341463414634,50.0,67.07317073170731,1
169338,Pelly Ruddock Mpanzu,pelly-ruddock-mpanzu,139.0,"5' 9""",69.0,31.0,1994-03-22T08:00Z,Congo DR,M,301,27,9,14,1,0,0,0,2,1,10,0,0,7,27,Luton,#ff4f00,#1D428A,https://a.espncdn.com/i/teamlogos/soccer/500/301.png,0.1,0.0,0.0,,1,26.304347826086953,25.43478260869565,14.367816091954023,57.826086956521735,44.130434782608695,18.67816091954023,14.838709677419354,29.934640522875817,30.065359477124183,16.570327552986512,68.16993464052288,54.70588235294118,34.565217391304344,,77.6086956521739,61.95652173913043,54.56521739130435,40.21739130434783,0
169532,Kepa Arrizabalaga,kepa-arrizabalaga,183.0,"6' 2""",74.0,31.0,1994-10-03T07:00Z,Spain,G,349,31,2,6,3,0,0,0,4,0,1,0,325,97,39,Bournemouth,#f42727,#ffffff,https://a.espncdn.com/i/teamlogos/soccer/500/349.png,0.0,0.0,,0.7132352941176471,3,50.609756097560975,47.5609756097561,30.0,92.07317073170732,96.34146341463415,60.0,,29.934640522875817,30.065359477124183,7.321772639691715,51.045751633986924,36.60130718954248,18.292682926829272,68.75,85.36585365853658,10.36585365853658,50.0,15.853658536585371,0
170257,Niclas Füllkrug,niclas-fullkrug,183.0,"6' 2""",74.0,33.0,1993-02-09T08:00Z,Germany,F,371,18,21,6,2,0,0,2,2,7,16,3,0,0,17,West Ham,#7c2c3b,#000000,https://a.espncdn.com/i/teamlogos/soccer/500/371.png,0.4375,0.1875,0.42857142857142855,,2,59.946236559139784,66.66666666666666,72.81879194630872,39.784946236559136,76.61290322580645,82.5503355704698,75.55555555555556,83.20261437908498,78.82352941176471,79.57610789980733,51.045751633986924,76.1437908496732,48.655913978494624,,28.49462365591398,34.67741935483872,52.41935483870967,30.91397849462365,14
170597,Joël Veltman,joel-veltman,163.0,"6' 0""",72.0,33.0,1992-01-15T08:00Z,Netherlands,D,331,21,22,44,5,0,0,0,3,0,6,0,0,7,23,Brighton,#0606fa,#ffdd00,https://a.espncdn.com/i/teamlogos/soccer/500/331.png,0.0,0.0,,,5,35.0187265917603,33.89513108614232,10.732984293193718,97.94007490636703,78.65168539325843,29.05759162303665,,29.934640522875817,30.065359477124183,7.321772639691715,94.18300653594771,77.45098039215686,38.76404494382022,,59.176029962546814,18.16479400749064,54.49438202247191,23.220973782771537,6
171144,Ricardo Pereira,ricardo-pereira,152.0,"5' 9""",69.0,32.0,1993-10-06T07:00Z,Portugal,D,375,10,6,8,1,0,0,0,1,1,2,0,0,3,8,Leicester,#0202fb,#000000,https://a.espncdn.com/i/teamlogos/soccer/500/375.png,0.5,0.0,0.0,,1,35.0187265917603,33.89513108614232,87.43455497382199,61.61048689138576,43.82022471910113,29.05759162303665,23.509933774834437,29.934640522875817,30.065359477124183,88.82466281310212,55.62091503267974,46.470588235294116,61.79775280898877,,41.19850187265918,60.48689138576779,54.49438202247191,48.12734082397003,0
172833,Harry Toffolo,harry-toffolo,157.0,"6' 0""",72.0,30.0,1995-08-19T07:00Z,England,D,393,4,1,0,1,0,0,0,0,0,1,0,0,2,2,Nottm Forest,#c8102e,#132257,https://a.espncdn.com/i/teamlogos/soccer/500/393.png,0.0,0.0,,,1,35.0187265917603,33.89513108614232,10.732984293193718,13.48314606741573,26.96629213483146,29.05759162303665,,29.934640522875817,30.065359477124183,7.321772639691715,14.117647058823529,32.745098039215684,73.78277153558052,,36.70411985018727,60.48689138576779,54.49438202247191,78.08988764044943,0
172836,Jacob Murphy,jacob-murphy,161.0,"5' 10""",70.0,30.0,1995-02-24T08:00Z,England,M,361,35,11,15,4,0,0,12,8,14,41,8,0,1,31,Newcastle,#000000,#cd1937,https://a.espncdn.com/i/teamlogos/soccer/500/361.png,0.34146341463414637,0.1951219512195122,0.5714285714285714,,4,96.73913043478261,100.0,69.82758620689656,59.34782608695652,46.73913043478261,94.25287356321839,93.2258064516129,94.64052287581698,99.80392156862746,60.78998073217726,69.34640522875817,58.56209150326798,25.65217391304347,,39.78260869565217,33.04347826086956,54.56521739130435,3.6956521739130466,41
172850,Jack Grealish,jack-grealish,170.0,"5' 11""",71.0,30.0,1995-09-10T07:00Z,England,M,382,20,5,25,3,0,0,1,0,5,14,1,0,2,9,Man City,#99c5ea,#e6ff00,https://a.espncdn.com/i/teamlogos/soccer/500/382.png,0.35714285714285715,0.07142857142857142,0.2,,3,60.652173913043484,57.826086956521735,72.41379310344827,74.34782608695653,34.56521739130435,56.60919540229885,41.29032258064516,66.60130718954248,67.3202614379085,63.29479768786127,81.96078431372548,43.72549019607843,59.78260869565217,,50.21739130434783,43.04347826086956,54.56521739130435,81.30434782608695,23
172922,Emil Krafth,emil-krafth,183.0,"6' 0""",72.0,31.0,1994-08-02T07:00Z,Sweden,D,361,12,5,2,2,0,0,0,0,0,1,0,0,4,1,Newcastle,#000000,#cd1937,https://a.espncdn.com/i/teamlogos/soccer/500/361.png,0.0,0.0,,,2,35.0187265917603,33.89513108614232,10.732984293193718,36.70411985018727,39.325842696629216,29.05759162303665,,29.934640522875817,30.065359477124183,7.321772639691715,36.470588235294116,43.72549019607843,76.96629213483146,,46.62921348314607,46.254681647940075,54.49438202247191,78.08988764044943,1
173666,Casemiro,casemiro,183.0,"6' 1""",73.0,33.0,1992-02-23T08:00Z,Brazil,M,360,24,20,19,5,0,0,0,7,10,34,1,0,10,20,Man United,#da020e,#144992,https://a.espncdn.com/i/teamlogos/soccer/500/360.png,0.29411764705882354,0.029411764705882353,0.1,,5,60.652173913043484,25.43478260869565,50.287356321839084,66.52173913043478,65.65217391304347,37.93103448275862,30.32258064516129,66.60130718954248,30.065359477124183,47.88053949903661,75.16339869281046,74.9673202614379,46.08695652173913,,88.47826086956522,25.434782608695656,54.56521739130435,6.956521739130437,22
173896,Mohamed Salah,mohamed-salah,157.0,"5' 9""",69.0,33.0,1992-06-15T07:00Z,Egypt,F,364,38,23,39,1,0,0,18,6,56,124,29,0,0,39,Liverpool,#d11317,#132257,https://a.espncdn.com/i/teamlogos/soccer/500/364.png,0.45161290322580644,0.23387096774193547,0.5178571428571429,,1,100.0,100.0,78.18791946308725,88.70967741935483,79.56989247311827,94.63087248322147,91.11111111111111,100.0,100.0,82.36994219653178,92.54901960784314,79.15032679738562,12.634408602150543,,28.49462365591398,52.41935483870967,52.41935483870967,7.795698924731184,85
174980,Leandro Trossard,leandro-trossard,132.0,"5' 8""",68.0,31.0,1994-12-04T08:00Z,Belgium,F,359,38,25,46,3,1,0,7,9,20,69,8,0,0,27,Arsenal,#e20520,#132257,https://a.espncdn.com/i/teamlogos/soccer/500/359.png,0.2898550724637681,0.11594202898550725,0.4,,5,82.25806451612904,94.6236559139785,32.21476510067114,93.01075268817203,85.21505376344086,54.36241610738255,68.51851851851852,94.64052287581698,96.9281045751634,47.01348747591522,94.90196078431372,82.35294117647058,26.61290322580645,,28.49462365591398,22.311827956989248,2.9569892473118244,1.6129032258064484,40
175063,Alex Iwobi,alex-iwobi,163.0,"5' 11""",71.0,29.0,1996-05-03T07:00Z,Nigeria,F,370,38,18,18,1,0,0,6,6,28,69,9,0,1,44,Fulham,#ffffff,#d11317,https://a.espncdn.com/i/teamlogos/soccer/500/370.png,0.4057971014492754,0.13043478260869565,0.32142857142857145,,1,85.48387096774194,91.12903225806451,63.08724832214765,62.634408602150536,70.96774193548387,60.40268456375839,46.666666666666664,95.88235294117648,95.03267973856208,74.95183044315993,73.66013071895425,71.50326797385621,6.989247311827967,,64.51612903225806,52.41935483870967,52.41935483870967,7.795698924731184,55
176562,Abdoulaye Doucouré,abdoulaye-doucoure,163.0,"6' 0""",72.0,32.0,1993-01-01T08:00Z,Mali,M,368,33,46,5,4,1,0,2,5,9,29,3,0,6,33,Everton,#0606fa,#132257,https://a.espncdn.com/i/teamlogos/soccer/500/368.png,0.3103448275862069,0.10344827586206896,0.3333333333333333,,6,81.52173913043478,70.86956521739131,56.60919540229885,38.47826086956522,92.3913043478261,74.13793103448276,65.16129032258064,83.20261437908498,78.82352941176471,51.541425818882466,47.97385620915033,96.79738562091504,22.173913043478265,,72.3913043478261,33.04347826086956,5.0,16.304347826086953,26
176948,Ederson ,ederson,190.0,"6' 2""",74.0,32.0,1993-08-17T07:00Z,Brazil,G,382,26,1,0,4,0,0,4,0,0,0,0,167,54,25,Man City,#99c5ea,#e6ff00,https://a.espncdn.com/i/teamlogos/soccer/500/382.png,,,,0.6835443037974683,4,50.609756097560975,100.0,,29.268292682926827,90.2439024390244,,,29.934640522875817,90.45751633986929,,14.117647058823529,32.745098039215684,28.048780487804876,50.0,73.17073170731707,6.707317073170728,50.0,67.07317073170731,0
177545,Marcus Bettinelli,marcus-bettinelli,181.0,"6' 4""",76.0,33.0,1992-05-24T07:00Z,England,G,363,0,0,0,0,0,0,0,0,0,0,0,0,0,0,Chelsea,#144992,#ffeeee,https://a.espncdn.com/i/teamlogos/soccer/500/363.png,,,,,0,50.609756097560975,47.5609756097561,,29.268292682926827,43.90243902439025,,,29.934640522875817,30.065359477124183,,14.117647058823529,15.42483660130719,77.4390243902439,,21.341463414634145,64.6341463414634,50.0,67.07317073170731,0
177821,Mark Flekken,mark-flekken,192.0,"6' 5""",77.0,32.0,1993-06-13T07:00Z,Netherlands,G,337,37,0,3,1,0,0,2,5,0,0,0,551,155,53,Brentford,#f42727,#f8ced9,https://a.espncdn.com/i/teamlogos/soccer/500/337.png,,,,0.7451923076923077,1,50.609756097560975,98.78048780487805,,79.8780487804878,43.90243902439025,,,29.934640522875817,78.82352941176471,,40.849673202614376,15.42483660130719,7.317073170731703,87.5,100.0,25.609756097560975,50.0,11.58536585365853,3
178077,Christian Nørgaard,christian-nørgaard,161.0,"6' 2""",74.0,31.0,1994-03-10T08:00Z,Denmark,M,337,34,44,28,8,1,0,4,6,15,38,5,0,21,42,Brentford,#f42727,#f8ced9,https://a.espncdn.com/i/teamlogos/soccer/500/337.png,0.39473684210526316,0.13157894736842105,0.3333333333333333,,10,90.65217391304347,87.60869565217392,79.88505747126436,79.56521739130434,89.56521739130436,81.03448275862068,65.16129032258064,89.54248366013073,90.45751633986929,71.48362235067437,85.29411764705883,95.62091503267975,12.173913043478251,,99.56521739130434,11.521739130434781,5.0,11.08695652173914,18
178176,Robin Olsen,robin-olsen,194.0,"6' 6""",78.0,35.0,1990-01-08T08:00Z,Sweden,G,362,4,0,0,0,0,0,0,0,0,0,0,12,5,6,Aston Villa,#660e36,#ffffff,https://a.espncdn.com/i/teamlogos/soccer/500/362.png,,,,0.45454545454545453,0,50.609756097560975,47.5609756097561,,29.268292682926827,43.90243902439025,,,29.934640522875817,30.065359477124183,,14.117647058823529,15.42483660130719,46.95121951219512,4.166666666666666,50.0,64.6341463414634,50.0,67.07317073170731,0
178487,Willian,willian,170.0,"5' 9""",69.0,37.0,1988-08-09T07:00Z,Brazil,F,370,10,1,0,0,0,0,0,1,0,7,0,0,0,3,Fulham,#ffffff,#d11317,https://a.espncdn.com/i/teamlogos/soccer/500/370.png,0.0,0.0,,,0,18.817204301075268,23.387096774193548,5.033557046979865,11.827956989247312,25.537634408602152,11.073825503355705,,29.934640522875817,30.065359477124183,7.321772639691715,14.117647058823529,32.745098039215684,71.77419354838709,,28.49462365591398,80.64516129032258,52.41935483870967,48.655913978494624,7
178760,Neal Maupay,neal-maupay,150.0,"5' 8""",68.0,29.0,1996-08-14T07:00Z,France,F,368,0,0,0,0,0,0,0,0,0,0,0,0,0,0,Everton,#0606fa,#132257,https://a.espncdn.com/i/teamlogos/soccer/500/368.png,,,,,0,18.817204301075268,23.387096774193548,,11.827956989247312,11.827956989247312,,,29.934640522875817,30.065359477124183,,14.117647058823529,15.42483660130719,89.51612903225806,,28.49462365591398,80.64516129032258,52.41935483870967,78.49462365591398,0
179233,Fabian Schär,fabian-schar,183.0,"6' 1""",73.0,33.0,1991-12-20T08:00Z,Switzerland,D,361,34,35,15,9,1,0,0,8,10,41,4,0,26,41,Newcastle,#000000,#cd1937,https://a.espncdn.com/i/teamlogos/soccer/500/361.png,0.24390243902439024,0.0975609756097561,0.4,,11,98.12734082397003,33.89513108614232,45.287958115183244,76.77902621722846,96.62921348314607,73.82198952879581,72.84768211920529,86.9281045751634,30.065359477124183,34.77842003853564,69.34640522875817,92.09150326797385,16.47940074906367,,94.19475655430712,3.183520599250926,4.86891385767791,2.6217228464419406,5
179497,Matz Sels,matz-sels,163.0,"6' 2""",74.0,33.0,1992-02-26T08:00Z,Belgium,G,393,38,1,10,4,0,0,0,12,0,0,0,473,120,46,Nottm Forest,#c8102e,#132257,https://a.espncdn.com/i/teamlogos/soccer/500/393.png,,,,0.7228915662650602,4,50.609756097560975,47.5609756097561,,98.17073170731707,90.2439024390244,,,29.934640522875817,30.065359477124183,,60.0,32.745098039215684,12.804878048780495,72.91666666666666,92.6829268292683,6.707317073170728,50.0,0.0,2
181278,José Sá,jose-sa,183.0,"6' 4""",76.0,32.0,1993-01-17T08:00Z,Portugal,G,380,29,4,9,2,0,0,0,4,0,0,0,287,71,46,Wolves,#fdb913,#cd1937,https://a.espncdn.com/i/teamlogos/soccer/500/380.png,,,,0.6068376068376068,2,50.609756097560975,47.5609756097561,,96.34146341463415,100.0,,,29.934640522875817,30.065359477124183,,57.647058823529406,41.96078431372549,12.804878048780495,14.583333333333334,75.60975609756098,17.07317073170732,50.0,15.853658536585371,3
181312,Tyrone Mings,tyrone-mings,170.0,"6' 5""",77.0,32.0,1993-03-13T08:00Z,England,D,362,14,3,11,1,0,0,0,0,1,10,0,0,11,11,Aston Villa,#660e36,#ffffff,https://a.espncdn.com/i/teamlogos/soccer/500/362.png,0.1,0.0,0.0,,1,35.0187265917603,33.89513108614232,23.82198952879581,68.91385767790263,34.08239700374532,29.05759162303665,23.509933774834437,29.934640522875817,30.065359477124183,16.570327552986512,62.35294117647059,39.869281045751634,55.430711610486895,,73.03370786516854,60.48689138576779,54.49438202247191,78.08988764044943,3
181516,Wes Burns,wes-burns,150.0,"5' 8""",68.0,31.0,1994-11-23T08:00Z,Wales,F,373,18,3,11,1,0,0,1,0,1,8,0,0,2,23,Ipswich,#0000fa,#cd1937,https://a.espncdn.com/i/teamlogos/soccer/500/373.png,0.125,0.0,0.0,,1,18.817204301075268,54.56989247311827,10.738255033557047,49.46236559139785,32.526881720430104,11.073825503355705,7.037037037037037,29.934640522875817,67.3202614379085,18.59344894026975,62.35294117647059,39.869281045751634,37.903225806451616,,77.15053763440861,52.41935483870967,52.41935483870967,78.49462365591398,10
181729,Mario Lemina,mario-lemina,185.0,"6' 0""",72.0,32.0,1993-09-01T07:00Z,Gabon,M,380,17,17,8,4,0,0,3,5,5,18,1,0,7,36,Wolves,#fdb913,#cd1937,https://a.espncdn.com/i/teamlogos/soccer/500/380.png,0.2777777777777778,0.05555555555555555,0.2,,4,60.652173913043484,81.08695652173913,45.11494252873563,44.78260869565218,59.34782608695652,45.97701149425287,41.29032258064516,66.60130718954248,85.88235294117646,42.96724470134875,55.62091503267974,69.73856209150327,18.913043478260875,,77.6086956521739,33.04347826086956,54.56521739130435,16.304347826086953,9
187411,Maxwel Cornet,maxwel-cornet,150.0,"5' 10""",70.0,29.0,1996-09-27T07:00Z,Ivory Coast,F,376,2,0,1,1,0,0,0,0,0,1,0,0,0,4,Southampton,#ED1A3B,#f1ee13,https://a.espncdn.com/i/teamlogos/soccer/500/376.png,0.0,0.0,,,1,18.817204301075268,23.387096774193548,5.033557046979865,25.268817204301076,11.827956989247312,11.073825503355705,,29.934640522875817,30.065359477124183,7.321772639691715,30.84967320261438,15.42483660130719,69.08602150537635,,28.49462365591398,52.41935483870967,52.41935483870967,78.49462365591398,0
187638,Wilfred Ndidi,wilfred-ndidi,161.0,"6' 0""",72.0,29.0,1996-12-16T08:00Z,Nigeria,M,375,28,38,18,8,0,1,5,3,7,21,0,0,20,46,Leicester,#0202fb,#000000,https://a.espncdn.com/i/teamlogos/soccer/500/375.png,0.3333333333333333,0.0,0.0,,8,26.304347826086953,90.65217391304347,66.37931034482759,64.56521739130436,84.78260869565217,18.67816091954023,14.838709677419354,29.934640522875817,93.0718954248366,57.61078998073218,73.66013071895425,93.59477124183006,7.826086956521735,,98.91304347826086,11.521739130434781,54.56521739130435,30.434782608695656,17
189007,Reece James,reece-james,181.0,"6' 0""",72.0,26.0,1999-12-08T08:00Z,England,D,363,19,8,11,1,0,0,1,5,2,11,1,0,4,14,Chelsea,#144992,#ffeeee,https://a.espncdn.com/i/teamlogos/soccer/500/363.png,0.18181818181818182,0.09090909090909091,0.5,,1,77.71535580524345,76.02996254681648,34.81675392670157,68.91385767790263,51.12359550561798,72.25130890052355,80.79470198675497,66.60130718954248,67.3202614379085,24.759152215799617,62.35294117647059,52.09150326797386,52.059925093632955,,46.62921348314607,60.48689138576779,54.49438202247191,10.112359550561806,11
189972,Thomas Partey,thomas-partey,170.0,"6' 1""",73.0,32.0,1993-06-13T07:00Z,Ghana,M,359,35,45,31,4,0,0,2,5,9,28,4,0,8,30,Arsenal,#e20520,#132257,https://a.espncdn.com/i/teamlogos/soccer/500/359.png,0.32142857142857145,0.14285714285714285,0.4444444444444444,,4,86.73913043478261,70.86956521739131,61.49425287356321,82.17391304347827,90.8695652173913,84.77011494252874,80.3225806451613,86.9281045751634,78.82352941176471,54.14258188824663,87.6470588235294,96.20915032679738,28.043478260869563,,81.73913043478261,33.04347826086956,54.56521739130435,16.304347826086953,19
190257,Curtis Jones,curtis-jones,172.0,"6' 1""",73.0,24.0,2001-01-30T08:00Z,England,M,364,33,17,25,2,1,0,3,2,13,32,3,0,10,26,Liverpool,#d11317,#132257,https://a.espncdn.com/i/teamlogos/soccer/500/364.png,0.40625,0.09375,0.23076923076923078,,4,81.52173913043478,81.08695652173913,82.75862068965517,74.34782608695653,59.34782608695652,69.54022988505747,46.12903225806452,83.20261437908498,85.88235294117646,75.14450867052022,81.96078431372548,69.73856209150327,37.39130434782608,,88.47826086956522,52.17391304347826,5.0,40.21739130434783,22
190931,Joe Lumley,joe-lumley,161.0,"6' 3""",75.0,31.0,1995-02-15T08:00Z,England,G,376,3,0,0,0,0,0,0,1,0,0,0,59,13,7,Southampton,#ED1A3B,#f1ee13,https://a.espncdn.com/i/teamlogos/soccer/500/376.png,,,,0.65,0,50.609756097560975,47.5609756097561,,29.268292682926827,43.90243902439025,,,29.934640522875817,30.065359477124183,,14.117647058823529,15.42483660130719,45.12195121951219,33.33333333333333,53.65853658536586,64.6341463414634,50.0,28.65853658536585,0
190962,Fred Onyedinma,fred-onyedinma,152.0,"6' 1""",73.0,29.0,1996-11-24T08:00Z,Nigeria,F,301,8,10,6,1,0,0,0,0,2,5,0,0,0,12,Luton,#ff4f00,#1D428A,https://a.espncdn.com/i/teamlogos/soccer/500/301.png,0.4,0.0,0.0,,1,18.817204301075268,23.387096774193548,60.738255033557046,39.784946236559136,51.88172043010753,11.073825503355705,7.037037037037037,29.934640522875817,30.065359477124183,73.41040462427746,51.045751633986924,56.666666666666664,55.913978494623656,,28.49462365591398,52.41935483870967,52.41935483870967,78.49462365591398,0
190974,Kenny Tete,kenny-tete,157.0,"5' 11""",71.0,30.0,1995-10-09T07:00Z,Netherlands,D,370,22,33,16,5,0,0,2,4,2,25,0,0,10,25,Fulham,#ffffff,#d11317,https://a.espncdn.com/i/teamlogos/soccer/500/370.png,0.08,0.0,0.0,,5,35.0187265917603,88.57677902621724,22.5130890052356,79.02621722846442,94.3820224719101,29.05759162303665,23.509933774834437,29.934640522875817,78.82352941176471,15.606936416184972,70.84967320261438,90.06535947712419,36.142322097378276,,69.85018726591761,18.16479400749064,54.49438202247191,15.730337078651687,8
191026,Marcus Myers-Harness,marcus-myers-harness,152.0,"6' 0""",72.0,29.0,1996-02-24T08:00Z,England,F,373,2,0,0,0,0,0,0,0,0,0,0,0,1,2,Ipswich,#0000fa,#cd1937,https://a.espncdn.com/i/teamlogos/soccer/500/373.png,,,,,0,18.817204301075268,23.387096774193548,,11.827956989247312,11.827956989247312,,,29.934640522875817,30.065359477124183,,14.117647058823529,15.42483660130719,75.0,,64.51612903225806,80.64516129032258,52.41935483870967,78.49462365591398,0
191088,Timo Werner,timo-werner,163.0,"5' 11""",71.0,29.0,1996-03-06T08:00Z,Germany,F,367,18,3,5,0,0,0,3,3,3,8,0,0,1,12,Spurs,#ffffff,#9bafd8,https://a.espncdn.com/i/teamlogos/soccer/500/367.png,0.375,0.0,0.0,,0,18.817204301075268,75.0,47.31543624161073,37.634408602150536,32.526881720430104,11.073825503355705,7.037037037037037,29.934640522875817,85.88235294117646,66.47398843930635,47.97385620915033,39.869281045751634,55.913978494623656,,64.51612903225806,80.64516129032258,52.41935483870967,18.548387096774192,10
191209,Vladimír Coufal,vladimir-coufal,168.0,"5' 9""",69.0,33.0,1992-08-22T07:00Z,Czechia,D,371,22,22,16,5,0,1,0,2,3,8,0,0,11,20,West Ham,#7c2c3b,#000000,https://a.espncdn.com/i/teamlogos/soccer/500/371.png,0.375,0.0,0.0,,5,35.0187265917603,33.89513108614232,73.82198952879581,79.02621722846442,78.65168539325843,29.05759162303665,23.509933774834437,29.934640522875817,30.065359477124183,66.47398843930635,70.84967320261438,77.45098039215686,43.25842696629213,,73.03370786516854,18.16479400749064,54.49438202247191,33.52059925093633,8
192034,Amari'i Bell,amarii-bell,146.0,"5' 11""",71.0,31.0,1994-05-05T07:00Z,Jamaica,D,301,21,22,16,0,0,0,0,4,2,2,0,0,15,41,Luton,#ff4f00,#1D428A,https://a.espncdn.com/i/teamlogos/soccer/500/301.png,1.0,0.0,0.0,,0,35.0187265917603,33.89513108614232,98.42931937172776,79.02621722846442,78.65168539325843,29.05759162303665,23.509933774834437,29.934640522875817,30.065359477124183,97.88053949903662,70.84967320261438,77.45098039215686,16.47940074906367,,81.46067415730337,84.45692883895131,54.49438202247191,15.730337078651687,0
192278,Diego Gómez,diego-gomez,170.0,"6' 0""",72.0,22.0,2003-03-27T08:00Z,Paraguay,M,331,16,8,3,0,0,0,0,0,3,9,1,0,0,13,Brighton,#0606fa,#ffdd00,https://a.espncdn.com/i/teamlogos/soccer/500/331.png,0.3333333333333333,0.1111111111111111,0.3333333333333333,,0,60.652173913043484,25.43478260869565,66.37931034482759,33.47826086956522,42.173913043478265,75.28735632183908,65.16129032258064,66.60130718954248,30.065359477124183,57.61078998073218,40.849673202614376,52.09150326797386,53.47826086956522,,16.956521739130434,83.47826086956522,54.56521739130435,81.30434782608695,8
192660,Philip Billing,philip-billing,183.0,"6' 4""",76.0,29.0,1996-06-11T07:00Z,Denmark,M,349,10,3,2,1,0,0,0,1,1,5,0,0,0,4,Bournemouth,#f42727,#ffffff,https://a.espncdn.com/i/teamlogos/soccer/500/349.png,0.2,0.0,0.0,,1,26.304347826086953,25.43478260869565,28.160919540229884,30.0,31.956521739130434,18.67816091954023,14.838709677419354,29.934640522875817,30.065359477124183,28.227360308285164,36.470588235294116,39.869281045751634,66.52173913043478,,16.956521739130434,61.95652173913043,54.56521739130435,54.56521739130435,9
192929,Matt Targett,matt-targett,152.0,"6' 0""",72.0,30.0,1995-09-18T07:00Z,England,D,361,2,0,0,0,0,0,0,0,0,0,0,0,0,0,Newcastle,#000000,#cd1937,https://a.espncdn.com/i/teamlogos/soccer/500/361.png,,,,,0,35.0187265917603,33.89513108614232,,13.48314606741573,12.734082397003746,,,29.934640522875817,30.065359477124183,,14.117647058823529,15.42483660130719,89.32584269662921,,14.981273408239701,84.45692883895131,54.49438202247191,78.08988764044943,0
193010,Oliver McBurnie,oliver-mcburnie,172.0,"6' 2""",74.0,29.0,1996-06-04T07:00Z,Scotland,F,398,21,19,27,5,2,0,3,5,15,34,6,0,2,39,Sheffield Utd,#f42727,#1D428A,https://a.espncdn.com/i/teamlogos/soccer/500/398.png,0.4411764705882353,0.17647058823529413,0.4,,9,74.73118279569893,75.0,74.49664429530202,76.61290322580645,72.84946236559139,79.19463087248322,68.51851851851852,91.63398692810458,85.88235294117646,80.34682080924856,83.8562091503268,73.26797385620914,12.634408602150543,,77.15053763440861,8.602150537634415,0.26881720430107237,12.096774193548384,0
193246,Harrison Reed,harrison-reed,159.0,"5' 11""",71.0,30.0,1995-01-27T08:00Z,England,M,370,12,6,2,2,0,0,0,1,2,3,0,0,0,3,Fulham,#ffffff,#d11317,https://a.espncdn.com/i/teamlogos/soccer/500/370.png,0.6666666666666666,0.0,0.0,,2,26.304347826086953,25.43478260869565,95.40229885057471,30.0,36.73913043478261,18.67816091954023,14.838709677419354,29.934640522875817,30.065359477124183,95.27938342967245,36.470588235294116,46.470588235294116,70.0,,16.956521739130434,52.17391304347826,54.56521739130435,54.56521739130435,1
193297,Youri Tielemans,youri-tielemans,159.0,"5' 9""",69.0,28.0,1997-05-07T07:00Z,Belgium,M,362,36,40,57,4,0,0,7,6,12,40,3,0,17,46,Aston Villa,#660e36,#ffffff,https://a.espncdn.com/i/teamlogos/soccer/500/362.png,0.3,0.075,0.25,,4,81.52173913043478,95.0,52.87356321839081,96.08695652173913,86.08695652173914,58.620689655172406,51.29032258064517,83.20261437908498,96.9281045751634,49.51830443159923,98.30065359477123,94.24836601307189,7.826086956521735,,96.95652173913044,33.04347826086956,54.56521739130435,11.08695652173914,58
194108,Max Lowe,max-lowe,161.0,"5' 9""",69.0,28.0,1997-05-11T07:00Z,England,D,398,10,7,3,1,0,0,1,0,0,2,0,0,4,10,Sheffield Utd,#f42727,#1D428A,https://a.espncdn.com/i/teamlogos/soccer/500/398.png,0.0,0.0,,,1,35.0187265917603,76.02996254681648,10.732984293193718,42.13483146067416,47.752808988764045,29.05759162303665,,29.934640522875817,67.3202614379085,7.321772639691715,40.849673202614376,49.411764705882355,58.052434456928836,,46.62921348314607,60.48689138576779,54.49438202247191,78.08988764044943,0
194115,Dominic Solanke,dominic-solanke,174.0,"6' 2""",74.0,28.0,1997-09-14T07:00Z,England,F,367,27,35,36,0,0,1,3,2,26,61,9,0,8,41,Spurs,#ffffff,#9bafd8,https://a.espncdn.com/i/teamlogos/soccer/500/367.png,0.4262295081967213,0.14754098360655737,0.34615384615384615,,0,85.48387096774194,75.0,69.79865771812081,87.09677419354838,94.35483870967742,70.46979865771812,56.2962962962963,95.88235294117648,85.88235294117646,77.26396917148362,91.37254901960785,92.09150326797385,9.408602150537632,,96.7741935483871,80.64516129032258,52.41935483870967,30.91397849462365,14
194116,Adam Armstrong,adam-armstrong,150.0,"5' 8""",68.0,28.0,1997-02-10T08:00Z,England,F,376,20,12,5,4,0,0,2,2,7,25,2,0,2,35,Southampton,#ED1A3B,#f1ee13,https://a.espncdn.com/i/teamlogos/soccer/500/376.png,0.28,0.08,0.2857142857142857,,4,53.494623655913976,66.66666666666666,28.859060402684566,37.634408602150536,56.72043010752689,38.92617449664429,41.48148148148148,77.25490196078432,78.82352941176471,43.35260115606936,47.97385620915033,60.588235294117645,18.81720430107528,,77.15053763440861,15.053763440860209,52.41935483870967,30.91397849462365,9
194450,James Maddison,james-maddison,161.0,"5' 9""",69.0,29.0,1996-11-23T08:00Z,England,M,367,31,32,64,6,0,0,7,4,17,38,9,0,4,30,Spurs,#ffffff,#9bafd8,https://a.espncdn.com/i/teamlogos/soccer/500/367.png,0.4473684210526316,0.23684210526315788,0.5294117647058824,,6,98.26086956521739,95.0,87.35632183908046,98.47826086956522,78.47826086956522,96.55172413793103,90.96774193548387,95.88235294117648,96.9281045751634,81.79190751445087,99.281045751634,88.95424836601306,28.043478260869563,,63.69565217391304,20.652173913043484,54.56521739130435,23.26086956521739,40
194557,Josh Brownhill,josh-brownhill,150.0,"5' 11""",71.0,29.0,1995-12-19T08:00Z,England,M,379,33,38,24,4,1,0,2,4,11,28,4,0,8,54,Burnley,#6C1D45,#1a1a1a,https://a.espncdn.com/i/teamlogos/soccer/500/379.png,0.39285714285714285,0.14285714285714285,0.36363636363636365,,6,86.73913043478261,70.86956521739131,78.73563218390804,72.60869565217392,84.78260869565217,84.77011494252874,69.35483870967742,86.9281045751634,78.82352941176471,70.8092485549133,81.04575163398692,93.59477124183006,4.347826086956516,,81.73913043478261,33.04347826086956,5.0,23.26086956521739,0
194686,Taiwo Awoniyi,taiwo-awoniyi,183.0,"6' 0""",72.0,28.0,1997-08-12T07:00Z,Nigeria,F,393,26,8,10,0,0,0,0,0,4,10,1,0,0,10,Nottm Forest,#c8102e,#132257,https://a.espncdn.com/i/teamlogos/soccer/500/393.png,0.4,0.1,0.25,,0,43.81720430107527,23.387096774193548,60.738255033557046,46.774193548387096,45.16129032258064,46.644295302013425,32.22222222222222,66.60130718954248,30.065359477124183,73.41040462427746,60.0,52.09150326797386,58.60215053763441,,28.49462365591398,80.64516129032258,52.41935483870967,78.49462365591398,2
194778,Ivo Grbic,ivo-grbic,183.0,"6' 5""",77.0,30.0,1996-01-18T08:00Z,Croatia,G,398,9,0,2,1,0,0,0,1,0,0,0,132,37,23,Sheffield Utd,#f42727,#1D428A,https://a.espncdn.com/i/teamlogos/soccer/500/398.png,,,,0.6166666666666667,1,50.609756097560975,47.5609756097561,,72.5609756097561,43.90243902439025,,,29.934640522875817,30.065359477124183,,36.470588235294116,15.42483660130719,29.268292682926827,16.666666666666664,69.51219512195121,25.609756097560975,50.0,28.65853658536585,0
194801,Harry Wilson,harry-wilson,139.0,"5' 8""",68.0,28.0,1997-03-22T08:00Z,Wales,F,370,25,11,22,2,0,0,1,1,16,41,6,0,1,21,Fulham,#ffffff,#d11317,https://a.espncdn.com/i/teamlogos/soccer/500/370.png,0.3902439024390244,0.14634146341463414,0.375,,2,74.73118279569893,54.56989247311827,56.04026845637584,68.54838709677419,54.3010752688172,68.45637583892618,61.85185185185185,91.63398692810458,67.3202614379085,70.42389210019267,78.75816993464052,58.56209150326798,41.397849462365585,,64.51612903225806,34.67741935483872,52.41935483870967,48.655913978494624,19
194823,Carlton Morris,carlton-morris,185.0,"6' 1""",73.0,30.0,1995-12-16T08:00Z,England,F,301,38,44,43,4,0,0,4,13,31,74,11,0,5,68,Luton,#ff4f00,#1D428A,https://a.espncdn.com/i/teamlogos/soccer/500/301.png,0.4189189189189189,0.14864864864864866,0.3548387096774194,,4,91.39784946236558,82.52688172043011,68.45637583892618,90.32258064516128,97.31182795698925,71.81208053691275,58.51851851851851,97.7124183006536,90.45751633986929,76.878612716763,93.72549019607843,95.62091503267975,0.5376344086021447,,93.54838709677419,15.053763440860209,52.41935483870967,0.0,0
195816,Lawrence Vigouroux,lawrence-vigouroux,170.0,"6' 4""",76.0,32.0,1993-11-19T08:00Z,Chile,G,379,0,0,0,0,0,0,0,0,0,0,0,0,0,0,Burnley,#6C1D45,#1a1a1a,https://a.espncdn.com/i/teamlogos/soccer/500/379.png,,,,,0,50.609756097560975,47.5609756097561,,29.268292682926827,43.90243902439025,,,29.934640522875817,30.065359477124183,,14.117647058823529,15.42483660130719,77.4390243902439,,21.341463414634145,64.6341463414634,50.0,67.07317073170731,0
195821,Marco Asensio,marco-asensio,168.0,"6' 0""",72.0,30.0,1996-01-21T08:00Z,Spain,M,362,13,11,8,2,0,0,1,2,8,22,3,0,3,8,Aston Villa,#660e36,#ffffff,https://a.espncdn.com/i/teamlogos/soccer/500/362.png,0.36363636363636365,0.13636363636363635,0.375,,2,81.52173913043478,57.826086956521735,74.42528735632183,44.78260869565218,46.73913043478261,82.75862068965517,72.25806451612902,83.20261437908498,67.3202614379085,64.73988439306359,55.62091503267974,58.56209150326798,61.08695652173913,,57.608695652173914,52.17391304347826,54.56521739130435,40.21739130434783,15
196081,Joachim Andersen,joachim-andersen,190.0,"6' 4""",76.0,29.0,1996-05-31T07:00Z,Denmark,D,370,31,22,19,8,1,1,0,7,7,22,0,0,28,47,Fulham,#ffffff,#d11317,https://a.espncdn.com/i/teamlogos/soccer/500/370.png,0.3181818181818182,0.0,0.0,,10,35.0187265917603,33.89513108614232,61.25654450261781,82.58426966292134,78.65168539325843,29.05759162303665,23.509933774834437,29.934640522875817,30.065359477124183,53.75722543352601,75.16339869281046,77.45098039215686,8.239700374531836,,95.13108614232209,5.056179775280896,4.86891385767791,4.68164794007491,4
196176,David Raya,david-raya,174.0,"6' 0""",72.0,30.0,1995-09-15T07:00Z,Spain,G,359,38,1,10,3,0,0,0,3,0,0,0,314,87,34,Arsenal,#e20520,#132257,https://a.espncdn.com/i/teamlogos/soccer/500/359.png,,,,0.71900826446281,3,50.609756097560975,47.5609756097561,,98.17073170731707,90.2439024390244,,,29.934640522875817,30.065359477124183,,60.0,32.745098039215684,22.5609756097561,70.83333333333334,79.26829268292683,10.36585365853658,50.0,18.902439024390233,1
196860,Diego Carlos,diego-carlos,172.0,"6' 1""",73.0,32.0,1993-03-15T08:00Z,Brazil,D,362,10,11,1,1,0,0,0,3,1,4,0,0,7,15,Aston Villa,#660e36,#ffffff,https://a.espncdn.com/i/teamlogos/soccer/500/362.png,0.25,0.0,0.0,,1,35.0187265917603,33.89513108614232,47.64397905759162,29.775280898876407,59.36329588014981,29.05759162303665,23.509933774834437,29.934640522875817,30.065359477124183,37.47591522157997,30.84967320261438,58.56209150326798,50.936329588014985,,59.176029962546814,60.48689138576779,54.49438202247191,23.220973782771537,0
196876,Alisson Becker,alisson-becker,201.0,"6' 4""",76.0,33.0,1992-10-02T07:00Z,Brazil,G,364,28,0,2,0,0,0,0,2,0,0,0,233,78,27,Liverpool,#d11317,#132257,https://a.espncdn.com/i/teamlogos/soccer/500/364.png,,,,0.7428571428571429,0,50.609756097560975,47.5609756097561,,72.5609756097561,43.90243902439025,,,29.934640522875817,30.065359477124183,,36.470588235294116,15.42483660130719,26.829268292682926,85.41666666666666,76.82926829268293,64.6341463414634,50.0,21.34146341463415,1
197163,Timothy Castagne,timothy-castagne,174.0,"6' 1""",73.0,30.0,1995-12-05T08:00Z,Belgium,D,370,24,16,6,1,0,0,1,0,2,7,0,0,6,27,Fulham,#ffffff,#d11317,https://a.espncdn.com/i/teamlogos/soccer/500/370.png,0.2857142857142857,0.0,0.0,,1,35.0187265917603,76.02996254681648,55.235602094240846,55.80524344569289,67.97752808988764,29.05759162303665,23.509933774834437,29.934640522875817,67.3202614379085,45.472061657032754,51.045751633986924,67.45098039215686,32.77153558052434,,54.68164794007491,60.48689138576779,54.49438202247191,78.08988764044943,9
197399,Jefferson Lerma,jefferson-lerma,152.0,"5' 10""",70.0,31.0,1994-10-25T07:00Z,Colombia,M,384,33,33,39,9,0,0,1,8,7,24,0,0,18,33,C Palace,#0202fb,#ffdd00,https://a.espncdn.com/i/teamlogos/soccer/500/384.png,0.2916666666666667,0.0,0.0,,9,26.304347826086953,57.826086956521735,49.42528735632184,88.47826086956522,80.0,18.67816091954023,14.838709677419354,29.934640522875817,67.3202614379085,47.30250481695568,92.54901960784314,90.06535947712419,22.173913043478265,,97.60869565217392,7.173913043478265,54.56521739130435,3.6956521739130466,10
197717,Dominic Calvert-Lewin,dominic-calvert-lewin,157.0,"6' 2""",74.0,28.0,1997-03-16T08:00Z,England,F,368,26,25,23,2,0,0,1,0,19,50,3,0,2,18,Everton,#0606fa,#132257,https://a.espncdn.com/i/teamlogos/soccer/500/368.png,0.38,0.06,0.15789473684210525,,2,59.946236559139784,54.56989247311827,49.664429530201346,71.23655913978494,85.21505376344086,28.859060402684566,18.51851851851852,83.20261437908498,67.3202614379085,67.82273603082851,79.86928104575163,82.35294117647058,46.505376344086024,,77.15053763440861,34.67741935483872,52.41935483870967,78.49462365591398,6
197924,Reece Burke,reece-burke,179.0,"6' 2""",74.0,29.0,1996-09-02T07:00Z,England,D,301,22,19,12,5,0,0,4,1,3,12,0,0,18,36,Luton,#ff4f00,#1D428A,https://a.espncdn.com/i/teamlogos/soccer/500/301.png,0.25,0.0,0.0,,5,35.0187265917603,96.06741573033707,47.64397905759162,71.34831460674157,73.97003745318352,29.05759162303665,23.509933774834437,29.934640522875817,90.45751633986929,37.47591522157997,64.31372549019608,73.26797385620914,22.471910112359552,,85.58052434456928,18.16479400749064,54.49438202247191,48.12734082397003,0
198138,Dan Burn,dan-burn,192.0,"6' 6""",78.0,33.0,1992-05-09T07:00Z,England,D,361,37,33,12,11,0,2,1,1,9,27,1,0,25,43,Newcastle,#000000,#cd1937,https://a.espncdn.com/i/teamlogos/soccer/500/361.png,0.3333333333333333,0.037037037037037035,0.1111111111111111,,11,77.71535580524345,76.02996254681648,65.70680628272252,71.34831460674157,94.3820224719101,59.68586387434554,47.019867549668874,66.60130718954248,67.3202614379085,57.61078998073218,64.31372549019608,90.06535947712419,13.483146067415731,,93.07116104868915,0.18726591760299982,54.49438202247191,48.12734082397003,9
198825,Ollie Watkins,ollie-watkins,163.0,"5' 11""",71.0,29.0,1995-12-30T08:00Z,England,F,362,38,29,33,2,0,0,10,6,38,85,16,0,3,40,Aston Villa,#660e36,#ffffff,https://a.espncdn.com/i/teamlogos/soccer/500/362.png,0.4470588235294118,0.18823529411764706,0.42105263157894735,,2,96.7741935483871,98.38709677419355,76.51006711409396,85.48387096774194,90.32258064516128,83.22147651006712,72.96296296296296,99.2156862745098,99.2156862745098,81.5028901734104,89.41176470588236,86.9281045751634,11.290322580645167,,84.40860215053763,34.67741935483872,52.41935483870967,7.795698924731184,23
199833,Bernardo Silva,bernardo-silva,141.0,"5' 8""",68.0,31.0,1994-08-10T07:00Z,Portugal,M,382,33,25,32,7,0,0,4,1,10,31,4,0,7,36,Man City,#99c5ea,#e6ff00,https://a.espncdn.com/i/teamlogos/soccer/500/382.png,0.3225806451612903,0.12903225806451613,0.4,,7,86.73913043478261,87.60869565217392,62.356321839080465,83.26086956521739,71.95652173913044,80.45977011494253,75.16129032258064,86.9281045751634,90.45751633986929,54.43159922928709,88.56209150326796,82.35294117647058,18.913043478260875,,77.6086956521739,16.086956521739125,54.56521739130435,54.56521739130435,50
199850,Jack Harrison,jack-harrison,152.0,"5' 9""",69.0,29.0,1996-11-20T08:00Z,England,F,368,34,13,28,0,0,0,0,7,7,27,1,0,0,27,Everton,#0606fa,#132257,https://a.espncdn.com/i/teamlogos/soccer/500/368.png,0.25925925925925924,0.037037037037037035,0.14285714285714285,,0,43.81720430107527,23.387096774193548,25.16778523489933,78.76344086021506,59.40860215053764,24.832214765100673,17.40740740740741,66.60130718954248,30.065359477124183,39.78805394990366,85.29411764705883,62.22222222222222,26.61290322580645,,28.49462365591398,80.64516129032258,52.41935483870967,4.3010752688172005,32
200911,Joseph Johnson,joseph-johnson,139.0,"6' 2""",74.0,19.0,2006-02-21T08:00Z,England,D,301,2,1,0,1,0,0,0,1,0,0,0,0,0,5,Luton,#ff4f00,#1D428A,https://a.espncdn.com/i/teamlogos/soccer/500/301.png,,,,,1,35.0187265917603,33.89513108614232,,13.48314606741573,26.96629213483146,,,29.934640522875817,30.065359477124183,,14.117647058823529,32.745098039215684,66.85393258426967,,14.981273408239701,60.48689138576779,54.49438202247191,48.12734082397003,0
201089,Jarrod Bowen,jarrod-bowen,152.0,"5' 9""",69.0,28.0,1996-12-20T08:00Z,England,F,371,34,19,51,1,0,0,8,6,36,86,13,0,3,48,West Ham,#7c2c3b,#000000,https://a.espncdn.com/i/teamlogos/soccer/500/371.png,0.4186046511627907,0.1511627906976744,0.3611111111111111,,1,94.35483870967742,96.23655913978494,67.78523489932886,95.6989247311828,72.84946236559139,72.48322147651007,59.25925925925925,98.4967320261438,98.16993464052287,76.6859344894027,97.05882352941177,73.26797385620914,5.376344086021504,,84.40860215053763,52.41935483870967,52.41935483870967,7.795698924731184,48
201304,Morato,morato,192.0,"6' 4""",76.0,24.0,2001-06-30T07:00Z,Brazil,D,393,26,11,2,5,0,0,0,2,1,2,0,0,5,14,Nottm Forest,#c8102e,#132257,https://a.espncdn.com/i/teamlogos/soccer/500/393.png,0.5,0.0,0.0,,5,35.0187265917603,33.89513108614232,87.43455497382199,36.70411985018727,59.36329588014981,29.05759162303665,23.509933774834437,29.934640522875817,30.065359477124183,88.82466281310212,36.470588235294116,58.56209150326798,52.059925093632955,,50.936329588014985,18.16479400749064,54.49438202247191,33.52059925093633,0
202232,Joelinton,joelinton,179.0,"6' 1""",73.0,29.0,1996-08-14T07:00Z,Brazil,M,361,29,58,35,10,0,0,3,3,13,46,4,0,8,30,Newcastle,#000000,#cd1937,https://a.espncdn.com/i/teamlogos/soccer/500/361.png,0.2826086956521739,0.08695652173913043,0.3076923076923077,,10,86.73913043478261,81.08695652173913,45.97701149425287,85.86956521739131,96.95652173913044,66.0919540229885,61.935483870967744,86.9281045751634,85.88235294117646,43.73795761078998,90.7843137254902,98.82352941176471,28.043478260869563,,81.73913043478261,3.9130434782608745,54.56521739130435,30.434782608695656,23
202332,Harry Winks,harry-winks,141.0,"5' 10""",70.0,30.0,1996-02-02T08:00Z,England,M,375,22,9,13,4,0,0,2,3,4,10,0,0,7,32,Leicester,#0202fb,#000000,https://a.espncdn.com/i/teamlogos/soccer/500/375.png,0.4,0.0,0.0,,4,26.304347826086953,70.86956521739131,81.32183908045977,55.869565217391305,44.130434782608695,18.67816091954023,14.838709677419354,29.934640522875817,78.82352941176471,73.41040462427746,66.33986928104575,54.70588235294118,23.695652173913047,,77.6086956521739,33.04347826086956,54.56521739130435,30.434782608695656,16
203669,Martin Ødegaard,martin-ødegaard,150.0,"5' 10""",70.0,26.0,1998-12-17T08:00Z,Norway,M,359,30,12,24,4,0,0,8,12,15,48,3,0,0,21,Arsenal,#e20520,#132257,https://a.espncdn.com/i/teamlogos/soccer/500/359.png,0.3125,0.0625,0.2,,4,81.52173913043478,97.60869565217392,58.620689655172406,72.60869565217392,48.69565217391305,50.57471264367817,41.29032258064516,83.20261437908498,98.16993464052287,52.408477842003855,81.04575163398692,60.588235294117645,44.99999999999999,,16.956521739130434,33.04347826086956,54.56521739130435,0.6521739130434696,60
204082,Guglielmo Vicario,guglielmo-vicario,183.0,"6' 4""",76.0,29.0,1996-10-07T07:00Z,Italy,G,367,24,0,2,1,0,0,0,0,0,0,0,243,70,35,Spurs,#ffffff,#9bafd8,https://a.espncdn.com/i/teamlogos/soccer/500/367.png,,,,0.6666666666666666,1,50.609756097560975,47.5609756097561,,72.5609756097561,43.90243902439025,,,29.934640522875817,30.065359477124183,,36.470588235294116,15.42483660130719,20.731707317073173,43.75,74.39024390243902,25.609756097560975,50.0,67.07317073170731,0
204286,James Bree,james-bree,161.0,"5' 10""",70.0,28.0,1997-12-11T08:00Z,England,D,376,17,4,5,0,0,0,1,1,0,3,0,0,3,31,Southampton,#ED1A3B,#f1ee13,https://a.espncdn.com/i/teamlogos/soccer/500/376.png,0.0,0.0,,,0,35.0187265917603,76.02996254681648,10.732984293193718,51.12359550561798,36.329588014981276,29.05759162303665,,29.934640522875817,67.3202614379085,7.321772639691715,47.97385620915033,41.96078431372549,28.838951310861432,,41.19850187265918,84.45692883895131,54.49438202247191,48.12734082397003,10
204661,Marvelous Nakamba,marvelous-nakamba,157.0,"5' 10""",70.0,32.0,1994-01-19T08:00Z,Zimbabwe,M,301,13,23,9,5,0,0,0,1,0,4,0,0,6,23,Luton,#ff4f00,#1D428A,https://a.espncdn.com/i/teamlogos/soccer/500/301.png,0.0,0.0,,,5,26.304347826086953,25.43478260869565,5.747126436781609,47.391304347826086,69.1304347826087,18.67816091954023,,29.934640522875817,30.065359477124183,7.321772639691715,57.647058823529406,79.15032679738562,42.173913043478265,,72.3913043478261,25.434782608695656,54.56521739130435,54.56521739130435,0
204679,Victor Lindelöf,victor-lindelof,174.0,"6' 2""",74.0,31.0,1994-07-17T07:00Z,Sweden,D,360,16,8,1,1,0,0,0,0,0,0,0,0,4,9,Man United,#da020e,#144992,https://a.espncdn.com/i/teamlogos/soccer/500/360.png,,,,,1,35.0187265917603,33.89513108614232,,29.775280898876407,51.12359550561798,,,29.934640522875817,30.065359477124183,,30.84967320261438,52.09150326797386,60.1123595505618,,46.62921348314607,60.48689138576779,54.49438202247191,78.08988764044943,3
205081,Jack Fletcher,jack-fletcher,172.0,"5' 11""",71.0,18.0,2007-03-19T07:00Z,England,M,360,0,0,0,0,0,0,0,0,0,0,0,0,0,0,Man United,#da020e,#144992,https://a.espncdn.com/i/teamlogos/soccer/500/360.png,,,,,0,26.304347826086953,25.43478260869565,,11.956521739130435,11.956521739130435,,,29.934640522875817,30.065359477124183,,14.117647058823529,15.42483660130719,89.13043478260869,,16.956521739130434,83.47826086956522,54.56521739130435,81.30434782608695,0
205646,Jeff Schlupp,jeff-schlupp,159.0,"5' 10""",70.0,33.0,1992-12-23T08:00Z,Ghana,M,384,12,1,0,0,0,0,0,0,1,4,0,0,1,3,C Palace,#0202fb,#ffdd00,https://a.espncdn.com/i/teamlogos/soccer/500/384.png,0.25,0.0,0.0,,0,26.304347826086953,25.43478260869565,39.94252873563218,11.956521739130435,25.43478260869565,18.67816091954023,14.838709677419354,29.934640522875817,30.065359477124183,37.47591522157997,14.117647058823529,32.745098039215684,70.0,,39.78260869565217,83.47826086956522,54.56521739130435,81.30434782608695,0
205981,Remi Matthews,remi-matthews,172.0,"6' 0""",72.0,31.0,1994-02-10T08:00Z,England,G,384,0,0,0,0,0,0,0,0,0,0,0,0,0,0,C Palace,#0202fb,#ffdd00,https://a.espncdn.com/i/teamlogos/soccer/500/384.png,,,,,0,50.609756097560975,47.5609756097561,,29.268292682926827,43.90243902439025,,,29.934640522875817,30.065359477124183,,14.117647058823529,15.42483660130719,77.4390243902439,,21.341463414634145,64.6341463414634,50.0,67.07317073170731,0
206173,Kristoffer Ajer,kristoffer-ajer,203.0,"6' 6""",78.0,27.0,1998-04-17T07:00Z,Norway,D,337,24,13,6,5,0,0,0,2,3,9,0,0,4,23,Brentford,#f42727,#f8ced9,https://a.espncdn.com/i/teamlogos/soccer/500/337.png,0.3333333333333333,0.0,0.0,,5,35.0187265917603,33.89513108614232,65.70680628272252,55.80524344569289,63.670411985018724,29.05759162303665,23.509933774834437,29.934640522875817,30.065359477124183,57.61078998073218,51.045751633986924,62.22222222222222,38.76404494382022,,46.62921348314607,18.16479400749064,54.49438202247191,33.52059925093633,6
206227,Ola Aina,ola-aina,181.0,"6' 0""",72.0,29.0,1996-10-08T07:00Z,Nigeria,D,393,35,22,35,5,0,0,1,2,2,11,2,0,12,39,Nottm Forest,#c8102e,#132257,https://a.espncdn.com/i/teamlogos/soccer/500/393.png,0.18181818181818182,0.18181818181818182,1.0,,5,90.0749063670412,76.02996254681648,34.81675392670157,95.31835205992509,78.65168539325843,87.69633507853402,94.03973509933775,77.25490196078432,67.3202614379085,24.759152215799617,90.7843137254902,77.45098039215686,18.726591760299627,,75.28089887640449,18.16479400749064,54.49438202247191,33.52059925093633,16
206761,Rico Henry,rico-henry,148.0,"5' 7""",67.0,28.0,1997-07-08T07:00Z,Jamaica,D,337,5,2,2,0,0,0,0,0,0,0,0,0,1,3,Brentford,#f42727,#f8ced9,https://a.espncdn.com/i/teamlogos/soccer/500/337.png,,,,,0,35.0187265917603,33.89513108614232,,36.70411985018727,30.711610486891384,,,29.934640522875817,30.065359477124183,,36.470588235294116,36.60130718954248,71.72284644194757,,32.20973782771536,84.45692883895131,54.49438202247191,78.08988764044943,0
207146,Josh Cullen,josh-cullen,152.0,"5' 9""",69.0,29.0,1996-04-07T08:00Z,Republic of Ireland,M,379,25,23,49,9,0,0,3,5,5,16,2,0,19,45,Burnley,#6C1D45,#1a1a1a,https://a.espncdn.com/i/teamlogos/soccer/500/379.png,0.3125,0.125,0.4,,9,73.91304347826086,81.08695652173913,58.620689655172406,93.04347826086956,69.1304347826087,79.59770114942529,75.16129032258064,77.25490196078432,85.88235294117646,52.408477842003855,96.20915032679738,79.15032679738562,9.130434782608702,,98.26086956521739,7.173913043478265,54.56521739130435,16.304347826086953,0
207350,Cameron Burgess,cameron-burgess,203.0,"6' 4""",76.0,30.0,1995-10-21T07:00Z,Australia,D,373,18,6,4,0,0,0,2,4,2,11,0,0,16,36,Ipswich,#0000fa,#cd1937,https://a.espncdn.com/i/teamlogos/soccer/500/373.png,0.18181818181818182,0.0,0.0,,0,35.0187265917603,88.57677902621724,34.81675392670157,46.254681647940075,43.82022471910113,29.05759162303665,23.509933774834437,29.934640522875817,78.82352941176471,24.759152215799617,44.31372549019608,46.470588235294116,22.471910112359552,,82.77153558052434,84.45692883895131,54.49438202247191,15.730337078651687,7
207592,Mason Holgate,mason-holgate,181.0,"6' 2""",74.0,29.0,1996-10-22T07:00Z,Jamaica,D,398,11,8,4,3,1,0,0,1,0,3,0,0,5,26,Sheffield Utd,#f42727,#1D428A,https://a.espncdn.com/i/teamlogos/soccer/500/398.png,0.0,0.0,,,5,35.0187265917603,33.89513108614232,10.732984293193718,46.254681647940075,51.12359550561798,29.05759162303665,,29.934640522875817,30.065359477124183,7.321772639691715,44.31372549019608,52.09150326797386,34.6441947565543,,50.936329588014985,36.89138576779026,4.86891385767791,48.12734082397003,0
208133,Diogo Jota,diogo-jota,150.0,"5' 10""",70.0,28.0,1996-12-04T08:00Z,Portugal,F,364,26,23,14,2,0,0,3,2,12,49,6,0,0,11,Liverpool,#d11317,#132257,https://a.espncdn.com/i/teamlogos/soccer/500/364.png,0.24489795918367346,0.12244897959183673,0.5,,2,74.73118279569893,75.0,19.463087248322147,56.72043010752689,79.56989247311827,56.375838926174495,87.77777777777777,91.63398692810458,85.88235294117646,35.16377649325626,68.16993464052288,79.15032679738562,57.795698924731184,,28.49462365591398,34.67741935483872,52.41935483870967,30.91397849462365,11
209485,Sam Curtis,sam-curtis,0.0,"6' 1""",73.0,20.0,2005-12-01T08:00Z,Republic of Ireland,D,398,1,0,0,0,0,0,0,0,0,0,0,0,0,0,Sheffield Utd,#f42727,#1D428A,https://a.espncdn.com/i/teamlogos/soccer/500/398.png,,,,,0,35.0187265917603,33.89513108614232,,13.48314606741573,12.734082397003746,,,29.934640522875817,30.065359477124183,,14.117647058823529,15.42483660130719,89.32584269662921,,14.981273408239701,84.45692883895131,54.49438202247191,78.08988764044943,0
209581,Mikel Merino,mikel-merino,183.0,"6' 2""",74.0,29.0,1996-06-22T07:00Z,Spain,M,359,28,41,23,3,1,0,2,6,11,36,7,0,5,17,Arsenal,#e20520,#132257,https://a.espncdn.com/i/teamlogos/soccer/500/359.png,0.3055555555555556,0.19444444444444445,0.6363636363636364,,5,95.0,70.86956521739131,55.172413793103445,71.08695652173913,87.17391304347825,93.67816091954023,94.19354838709677,93.33333333333333,78.82352941176471,50.67437379576107,79.86928104575163,94.70588235294117,49.1304347826087,,68.04347826086956,43.04347826086956,5.0,11.08695652173914,16
210143,Andreas Pereira,andreas-pereira,157.0,"5' 10""",70.0,29.0,1996-01-01T08:00Z,Brazil,M,370,33,28,24,8,0,0,4,4,7,38,2,0,3,32,Fulham,#ffffff,#d11317,https://a.espncdn.com/i/teamlogos/soccer/500/370.png,0.18421052631578946,0.05263157894736842,0.2857142857142857,,8,73.91304347826086,87.60869565217392,24.71264367816092,72.60869565217392,74.1304347826087,43.96551724137931,58.06451612903226,77.25490196078432,90.45751633986929,25.43352601156069,81.04575163398692,85.94771241830065,23.695652173913047,,57.608695652173914,11.521739130434781,54.56521739130435,23.26086956521739,55
211756,Conor Chaplin,conor-chaplin,152.0,"5' 6""",66.0,28.0,1997-02-16T08:00Z,England,F,373,22,10,7,2,0,0,1,0,3,15,1,0,1,19,Ipswich,#0000fa,#cd1937,https://a.espncdn.com/i/teamlogos/soccer/500/373.png,0.2,0.06666666666666667,0.3333333333333333,,2,43.81720430107527,54.56989247311827,15.436241610738255,41.66666666666667,51.88172043010753,32.88590604026846,51.48148148148148,66.60130718954248,67.3202614379085,28.227360308285164,53.59477124183007,56.666666666666664,44.35483870967742,,64.51612903225806,34.67741935483872,52.41935483870967,78.49462365591398,7
212185,Guido Rodríguez,guido-rodriguez,174.0,"6' 1""",73.0,31.0,1994-04-12T07:00Z,Argentina,M,371,23,17,12,6,0,0,1,0,1,8,0,0,9,19,West Ham,#7c2c3b,#000000,https://a.espncdn.com/i/teamlogos/soccer/500/371.png,0.125,0.0,0.0,,6,26.304347826086953,57.826086956521735,17.81609195402299,53.91304347826087,59.34782608695652,18.67816091954023,14.838709677419354,29.934640522875817,67.3202614379085,18.59344894026975,64.31372549019608,69.73856209150327,47.173913043478265,,84.78260869565217,20.652173913043484,54.56521739130435,81.30434782608695,4
212953,Ben Godfrey,ben-godfrey,161.0,"6' 0""",72.0,27.0,1998-01-15T08:00Z,England,D,373,3,1,0,1,0,0,0,0,0,0,0,0,1,10,Ipswich,#0000fa,#cd1937,https://a.espncdn.com/i/teamlogos/soccer/500/373.png,,,,,1,35.0187265917603,33.89513108614232,,13.48314606741573,26.96629213483146,,,29.934640522875817,30.065359477124183,,14.117647058823529,32.745098039215684,58.052434456928836,,32.20973782771536,60.48689138576779,54.49438202247191,78.08988764044943,0
213141,Gonçalo Guedes,goncalo-guedes,150.0,"5' 10""",70.0,29.0,1996-11-29T08:00Z,Portugal,F,380,29,15,17,1,0,0,4,3,7,26,2,0,0,25,Wolves,#fdb913,#cd1937,https://a.espncdn.com/i/teamlogos/soccer/500/380.png,0.2692307692307692,0.07692307692307693,0.2857142857142857,,1,53.494623655913976,82.52688172043011,27.516778523489933,60.752688172043015,64.24731182795699,37.24832214765101,41.48148148148148,77.25490196078432,90.45751633986929,41.23314065510597,72.35294117647058,65.09803921568627,31.72043010752688,,28.49462365591398,52.41935483870967,52.41935483870967,18.548387096774192,14
213718,Ibrahim Sangaré,ibrahim-sangare,170.0,"6' 3""",75.0,28.0,1997-12-02T08:00Z,Ivory Coast,M,393,13,14,8,3,0,0,1,0,1,1,0,0,4,6,Nottm Forest,#c8102e,#132257,https://a.espncdn.com/i/teamlogos/soccer/500/393.png,1.0,0.0,0.0,,3,26.304347826086953,57.826086956521735,97.98850574712644,44.78260869565218,50.8695652173913,18.67816091954023,14.838709677419354,29.934640522875817,67.3202614379085,97.88053949903662,55.62091503267974,63.39869281045751,63.69565217391304,,63.69565217391304,43.04347826086956,54.56521739130435,81.30434782608695,4
213924,Daniel Podence,daniel-podence,128.0,"5' 5""",65.0,30.0,1995-10-21T07:00Z,Portugal,F,380,2,0,2,0,0,0,0,0,0,1,0,0,0,2,Wolves,#fdb913,#cd1937,https://a.espncdn.com/i/teamlogos/soccer/500/380.png,0.0,0.0,,,0,18.817204301075268,23.387096774193548,5.033557046979865,29.03225806451613,11.827956989247312,11.073825503355705,,29.934640522875817,30.065359477124183,7.321772639691715,36.470588235294116,15.42483660130719,75.0,,28.49462365591398,80.64516129032258,52.41935483870967,78.49462365591398,0
214375,Emiliano Buendía,emiliano-buendia,159.0,"5' 8""",68.0,28.0,1996-12-25T08:00Z,Argentina,M,362,12,3,6,1,0,0,0,0,0,5,0,0,1,2,Aston Villa,#660e36,#ffffff,https://a.espncdn.com/i/teamlogos/soccer/500/362.png,0.0,0.0,,,1,26.304347826086953,25.43478260869565,5.747126436781609,40.65217391304348,31.956521739130434,18.67816091954023,,29.934640522875817,30.065359477124183,7.321772639691715,51.045751633986924,39.869281045751634,73.47826086956522,,39.78260869565217,61.95652173913043,54.56521739130435,81.30434782608695,1
214562,Manuel Akanji,manuel-akanji,201.0,"6' 2""",74.0,30.0,1995-07-19T07:00Z,Switzerland,D,382,26,17,9,3,0,0,0,1,2,15,0,0,9,27,Man City,#99c5ea,#e6ff00,https://a.espncdn.com/i/teamlogos/soccer/500/382.png,0.13333333333333333,0.0,0.0,,3,35.0187265917603,33.89513108614232,26.17801047120419,63.857677902621724,70.59925093632958,29.05759162303665,23.509933774834437,29.934640522875817,30.065359477124183,19.07514450867052,57.647058823529406,69.73856209150327,32.77153558052434,,66.47940074906367,36.89138576779026,54.49438202247191,48.12734082397003,8
214689,Pervis Estupiñán,pervis-estupinan,161.0,"5' 9""",69.0,28.0,1998-01-21T08:00Z,Ecuador,D,331,30,37,20,5,0,0,1,3,7,28,1,0,6,43,Brighton,#0606fa,#ffdd00,https://a.espncdn.com/i/teamlogos/soccer/500/331.png,0.25,0.03571428571428571,0.14285714285714285,,5,77.71535580524345,76.02996254681648,47.64397905759162,84.45692883895131,97.94007490636703,59.16230366492147,48.675496688741724,66.60130718954248,67.3202614379085,37.47591522157997,76.6013071895425,93.13725490196079,13.483146067415731,,54.68164794007491,18.16479400749064,54.49438202247191,23.220973782771537,26
214794,Kieran Tierney,kieran-tierney,152.0,"5' 10""",70.0,28.0,1997-06-05T07:00Z,Scotland,D,359,13,1,2,0,0,0,0,0,1,2,1,0,0,1,Arsenal,#e20520,#132257,https://a.espncdn.com/i/teamlogos/soccer/500/359.png,0.5,0.5,1.0,,0,77.71535580524345,33.89513108614232,87.43455497382199,36.70411985018727,26.96629213483146,99.21465968586386,94.03973509933775,66.60130718954248,30.065359477124183,88.82466281310212,36.470588235294116,32.745098039215684,76.96629213483146,,14.981273408239701,84.45692883895131,54.49438202247191,78.08988764044943,8
215340,André Onana,andre-onana,203.0,"6' 3""",75.0,29.0,1996-04-02T08:00Z,Cameroon,G,360,34,0,2,0,0,0,0,5,0,0,0,326,89,43,Man United,#da020e,#144992,https://a.espncdn.com/i/teamlogos/soccer/500/360.png,,,,0.6742424242424242,0,50.609756097560975,47.5609756097561,,72.5609756097561,43.90243902439025,,,29.934640522875817,30.065359477124183,,36.470588235294116,15.42483660130719,17.07317073170732,47.91666666666667,81.70731707317073,64.6341463414634,50.0,11.58536585365853,1
215716,Jacob Brown,jacob-brown,137.0,"5' 10""",70.0,27.0,1998-04-10T07:00Z,Scotland,F,301,19,19,19,4,0,0,0,2,6,25,2,0,1,26,Luton,#ff4f00,#1D428A,https://a.espncdn.com/i/teamlogos/soccer/500/301.png,0.24,0.08,0.3333333333333333,,4,53.494623655913976,23.387096774193548,18.79194630872483,64.78494623655914,72.84946236559139,38.92617449664429,51.48148148148148,77.25490196078432,30.065359477124183,34.48940269749518,75.16339869281046,73.26797385620914,29.3010752688172,,64.51612903225806,15.053763440860209,52.41935483870967,30.91397849462365,0
215772,Rodrigo Bentancur,rodrigo-bentancur,159.0,"6' 2""",74.0,28.0,1997-06-25T07:00Z,Uruguay,M,367,26,34,10,9,0,0,1,2,5,22,2,0,8,26,Spurs,#ffffff,#9bafd8,https://a.espncdn.com/i/teamlogos/soccer/500/367.png,0.22727272727272727,0.09090909090909091,0.4,,9,73.91304347826086,57.826086956521735,35.91954022988506,50.43478260869565,81.73913043478261,68.10344827586206,75.16129032258064,77.25490196078432,67.3202614379085,33.33333333333333,60.0,91.30718954248366,37.39130434782608,,81.73913043478261,7.173913043478265,54.56521739130435,40.21739130434783,10
216120,Benson Manuel,benson-manuel,150.0,"5' 10""",70.0,28.0,1997-03-28T08:00Z,Angola,F,379,8,1,4,0,0,0,0,1,2,4,0,0,0,5,Burnley,#6C1D45,#1a1a1a,https://a.espncdn.com/i/teamlogos/soccer/500/379.png,0.5,0.0,0.0,,0,18.817204301075268,23.387096774193548,89.26174496644296,34.40860215053764,25.537634408602152,11.073825503355705,7.037037037037037,29.934640522875817,30.065359477124183,88.82466281310212,44.31372549019608,32.745098039215684,65.59139784946237,,28.49462365591398,80.64516129032258,52.41935483870967,48.655913978494624,0
217289,Gabriel Jesus,gabriel-jesus,161.0,"5' 9""",69.0,28.0,1997-04-03T08:00Z,Brazil,F,359,17,13,10,4,0,0,0,3,6,17,3,0,1,5,Arsenal,#e20520,#132257,https://a.espncdn.com/i/teamlogos/soccer/500/359.png,0.35294117647058826,0.17647058823529413,0.5,,4,59.946236559139784,23.387096774193548,43.624161073825505,46.774193548387096,59.40860215053764,79.19463087248322,87.77777777777777,83.20261437908498,30.065359477124183,62.71676300578035,60.0,62.22222222222222,65.59139784946237,,64.51612903225806,15.053763440860209,52.41935483870967,18.548387096774192,8
217482,Oleksandr Zinchenko,oleksandr-zinchenko,139.0,"5' 9""",69.0,29.0,1996-12-15T08:00Z,Ukraine,D,359,15,8,3,1,0,0,1,3,0,10,0,0,2,1,Arsenal,#e20520,#132257,https://a.espncdn.com/i/teamlogos/soccer/500/359.png,0.0,0.0,,,1,35.0187265917603,76.02996254681648,10.732984293193718,42.13483146067416,51.12359550561798,29.05759162303665,,29.934640522875817,67.3202614379085,7.321772639691715,40.849673202614376,52.09150326797386,76.96629213483146,,36.70411985018727,60.48689138576779,54.49438202247191,23.220973782771537,3
218122,Enes Ünal,enes-unal,172.0,"6' 2""",74.0,28.0,1997-05-10T07:00Z,Türkiye,F,349,17,6,9,2,0,0,1,1,7,20,2,0,0,3,Bournemouth,#f42727,#ffffff,https://a.espncdn.com/i/teamlogos/soccer/500/349.png,0.35,0.1,0.2857142857142857,,2,53.494623655913976,54.56989247311827,42.281879194630875,45.16129032258064,39.247311827956985,46.644295302013425,41.48148148148148,77.25490196078432,67.3202614379085,62.23506743737958,57.647058823529406,46.470588235294116,71.77419354838709,,28.49462365591398,34.67741935483872,52.41935483870967,48.655913978494624,4
218188,Rob Holding,rob-holding,179.0,"6' 2""",74.0,30.0,1995-09-20T07:00Z,England,D,384,0,0,0,0,0,0,0,0,0,0,0,0,0,0,C Palace,#0202fb,#ffdd00,https://a.espncdn.com/i/teamlogos/soccer/500/384.png,,,,,0,35.0187265917603,33.89513108614232,,13.48314606741573,12.734082397003746,,,29.934640522875817,30.065359477124183,,14.117647058823529,15.42483660130719,89.32584269662921,,14.981273408239701,84.45692883895131,54.49438202247191,78.08988764044943,0
218522,Bruno Guimarães,bruno-guimaraes,161.0,"6' 0""",72.0,28.0,1997-11-16T08:00Z,Brazil,M,361,38,63,108,7,0,0,6,10,13,44,5,0,11,44,Newcastle,#000000,#cd1937,https://a.espncdn.com/i/teamlogos/soccer/500/361.png,0.29545454545454547,0.11363636363636363,0.38461538461538464,,7,90.65217391304347,92.3913043478261,51.14942528735632,100.0,97.82608695652173,76.4367816091954,73.22580645161291,89.54248366013073,95.03267973856208,48.36223506743738,100.0,99.08496732026144,10.217391304347828,,91.95652173913044,16.086956521739125,54.56521739130435,1.5217391304347814,51
218998,Sander Berge,sander-berge,212.0,"6' 5""",77.0,27.0,1998-02-14T08:00Z,Norway,M,379,68,69,29,15,1,0,2,2,4,29,1,0,28,100,Burnley,#6C1D45,#1a1a1a,https://a.espncdn.com/i/teamlogos/soccer/500/379.png,0.13793103448275862,0.034482758620689655,0.25,,17,60.652173913043484,70.86956521739131,18.39080459770115,80.8695652173913,99.34782608695653,39.08045977011494,51.29032258064517,66.60130718954248,78.82352941176471,19.36416184971098,86.47058823529412,99.54248366013073,0.0,,100.0,0.0,5.0,40.21739130434783,18
219362,Daichi Kamada,daichi-kamada,168.0,"6' 0""",72.0,29.0,1996-08-05T07:00Z,Japan,M,384,34,27,21,4,1,0,0,1,4,20,0,0,5,26,C Palace,#0202fb,#ffdd00,https://a.espncdn.com/i/teamlogos/soccer/500/384.png,0.2,0.0,0.0,,6,26.304347826086953,25.43478260869565,28.160919540229884,68.91304347826087,73.26086956521739,18.67816091954023,14.838709677419354,29.934640522875817,30.065359477124183,28.227360308285164,77.84313725490196,84.70588235294117,37.39130434782608,,68.04347826086956,33.04347826086956,5.0,54.56521739130435,19
219390,Alex Palmer,alex-palmer,159.0,"6' 3""",75.0,29.0,1996-08-10T07:00Z,England,G,373,14,0,4,2,0,0,0,0,0,0,0,203,46,28,Ipswich,#0000fa,#cd1937,https://a.espncdn.com/i/teamlogos/soccer/500/373.png,,,,0.6216216216216216,2,50.609756097560975,47.5609756097561,,85.36585365853658,43.90243902439025,,,29.934640522875817,30.065359477124183,,44.31372549019608,15.42483660130719,25.609756097560975,20.833333333333336,70.73170731707317,17.07317073170732,50.0,67.07317073170731,1
220626,Adama Traoré,adama-traore,190.0,"5' 10""",70.0,29.0,1996-01-25T08:00Z,Spain,F,370,36,24,32,3,0,0,8,2,10,35,2,0,0,27,Fulham,#ffffff,#d11317,https://a.espncdn.com/i/teamlogos/soccer/500/370.png,0.2857142857142857,0.05714285714285714,0.2,,3,53.494623655913976,96.23655913978494,30.87248322147651,83.60215053763442,81.98924731182797,28.187919463087248,24.074074074074073,77.25490196078432,98.16993464052287,45.472061657032754,88.56209150326796,80.84967320261438,26.61290322580645,,28.49462365591398,22.311827956989248,52.41935483870967,30.91397849462365,41
221738,Paul Onuachu,paul-onuachu,214.0,"6' 7""",79.0,31.0,1994-05-28T07:00Z,Nigeria,F,376,25,28,16,4,0,0,1,3,14,36,4,0,2,26,Southampton,#ED1A3B,#f1ee13,https://a.espncdn.com/i/teamlogos/soccer/500/376.png,0.3888888888888889,0.1111111111111111,0.2857142857142857,,4,65.86021505376344,54.56989247311827,54.69798657718121,59.13978494623656,89.51612903225806,51.34228187919463,41.48148148148148,86.9281045751634,67.3202614379085,69.94219653179191,70.84967320261438,85.94771241830065,29.3010752688172,,77.15053763440861,15.053763440860209,52.41935483870967,18.548387096774192,7
221788,Jan Bednarek,jan-bednarek,183.0,"6' 2""",74.0,29.0,1996-04-12T07:00Z,Poland,D,376,30,30,13,7,0,0,0,2,2,5,2,0,38,57,Southampton,#ED1A3B,#f1ee13,https://a.espncdn.com/i/teamlogos/soccer/500/376.png,0.4,0.4,1.0,,7,90.0749063670412,33.89513108614232,77.4869109947644,73.78277153558052,92.13483146067416,98.42931937172776,94.03973509933775,77.25490196078432,30.065359477124183,73.41040462427746,66.33986928104575,87.84313725490196,4.86891385767791,,97.56554307116106,8.239700374531836,54.49438202247191,33.52059925093633,5
222176,Christopher Nkunku,christopher-nkunku,150.0,"5' 10""",70.0,28.0,1997-11-14T08:00Z,France,F,363,27,15,11,2,0,0,2,0,11,25,3,0,2,16,Chelsea,#144992,#ffeeee,https://a.espncdn.com/i/teamlogos/soccer/500/363.png,0.44,0.12,0.2727272727272727,,2,59.946236559139784,66.66666666666666,73.8255033557047,49.46236559139785,64.24731182795699,55.70469798657718,35.92592592592593,83.20261437908498,78.82352941176471,80.15414258188824,62.35294117647059,65.09803921568627,50.806451612903224,,77.15053763440861,34.67741935483872,52.41935483870967,78.49462365591398,14
222180,Odsonne Édouard,odsonne-edouard,183.0,"6' 2""",74.0,28.0,1998-01-16T08:00Z,France,F,375,8,10,0,0,0,0,0,0,2,10,0,0,0,5,Leicester,#0202fb,#000000,https://a.espncdn.com/i/teamlogos/soccer/500/375.png,0.2,0.0,0.0,,0,18.817204301075268,23.387096774193548,15.436241610738255,11.827956989247312,51.88172043010753,11.073825503355705,7.037037037037037,29.934640522875817,30.065359477124183,28.227360308285164,14.117647058823529,56.666666666666664,65.59139784946237,,28.49462365591398,80.64516129032258,52.41935483870967,78.49462365591398,1
222300,Sasa Lukic,sasa-lukic,168.0,"6' 0""",72.0,29.0,1996-08-13T07:00Z,Serbia,M,370,30,65,26,12,0,0,2,1,2,18,0,0,7,36,Fulham,#ffffff,#d11317,https://a.espncdn.com/i/teamlogos/soccer/500/370.png,0.1111111111111111,0.0,0.0,,12,26.304347826086953,70.86956521739131,16.379310344827587,76.08695652173914,98.69565217391305,18.67816091954023,14.838709677419354,29.934640522875817,78.82352941176471,17.533718689788053,82.87581699346406,99.34640522875817,18.913043478260875,,77.6086956521739,0.6521739130434696,54.56521739130435,54.56521739130435,26
222396,Antonee Robinson,antonee-robinson,152.0,"6' 0""",72.0,28.0,1997-08-08T07:00Z,USA,D,370,36,33,20,8,0,0,10,7,2,17,0,0,7,47,Fulham,#ffffff,#d11317,https://a.espncdn.com/i/teamlogos/soccer/500/370.png,0.11764705882352941,0.0,0.0,,8,35.0187265917603,100.0,24.60732984293194,84.45692883895131,94.3820224719101,29.05759162303665,23.509933774834437,29.934640522875817,99.2156862745098,17.91907514450867,76.6013071895425,90.06535947712419,8.239700374531836,,59.176029962546814,5.056179775280896,54.49438202247191,4.68164794007491,42
222670,Nélson Semedo,nelson-semedo,150.0,"5' 10""",70.0,32.0,1993-11-16T08:00Z,Portugal,D,380,34,48,30,8,0,0,4,4,7,18,0,0,10,48,Wolves,#fdb913,#cd1937,https://a.espncdn.com/i/teamlogos/soccer/500/380.png,0.3888888888888889,0.0,0.0,,8,35.0187265917603,96.06741573033707,75.39267015706807,91.94756554307116,99.25093632958801,29.05759162303665,23.509933774834437,29.934640522875817,90.45751633986929,69.94219653179191,86.9281045751634,97.45098039215686,7.303370786516851,,69.85018726591761,5.056179775280896,54.49438202247191,15.730337078651687,24
222776,Tyler Adams,tyler-adams,159.0,"5' 9""",69.0,26.0,1999-02-14T08:00Z,USA,M,349,28,42,21,7,0,0,3,6,2,8,0,0,10,30,Bournemouth,#f42727,#ffffff,https://a.espncdn.com/i/teamlogos/soccer/500/349.png,0.25,0.0,0.0,,7,26.304347826086953,81.08695652173913,39.94252873563218,68.91304347826087,88.26086956521739,18.67816091954023,14.838709677419354,29.934640522875817,85.88235294117646,37.47591522157997,77.84313725490196,95.03267973856208,28.043478260869563,,88.47826086956522,16.086956521739125,54.56521739130435,11.08695652173914,18
223445,Solly March,solly-march,192.0,"5' 11""",71.0,31.0,1994-07-20T07:00Z,England,M,331,8,2,2,2,0,0,0,0,0,2,0,0,0,3,Brighton,#0606fa,#ffdd00,https://a.espncdn.com/i/teamlogos/soccer/500/331.png,0.0,0.0,,,2,26.304347826086953,25.43478260869565,5.747126436781609,30.0,28.913043478260867,18.67816091954023,,29.934640522875817,30.065359477124183,7.321772639691715,36.470588235294116,36.60130718954248,70.0,,16.956521739130434,52.17391304347826,54.56521739130435,81.30434782608695,3
223452,Lewis Cook,lewis-cook,157.0,"5' 9""",69.0,28.0,1997-02-03T08:00Z,England,M,349,36,47,10,8,1,0,3,2,4,14,1,0,12,44,Bournemouth,#f42727,#ffffff,https://a.espncdn.com/i/teamlogos/soccer/500/349.png,0.2857142857142857,0.07142857142857142,0.25,,10,60.652173913043484,81.08695652173913,47.98850574712644,50.43478260869565,93.26086956521739,56.60919540229885,51.29032258064517,66.60130718954248,85.88235294117646,45.472061657032754,60.0,97.12418300653594,10.217391304347828,,94.1304347826087,11.521739130434781,5.0,40.21739130434783,42
223453,Kalvin Phillips,kalvin-phillips,159.0,"5' 10""",70.0,30.0,1995-12-02T08:00Z,England,M,373,19,28,20,5,1,0,0,1,1,9,0,0,6,30,Ipswich,#0000fa,#cd1937,https://a.espncdn.com/i/teamlogos/soccer/500/373.png,0.1111111111111111,0.0,0.0,,7,26.304347826086953,25.43478260869565,16.379310344827587,67.6086956521739,74.1304347826087,18.67816091954023,14.838709677419354,29.934640522875817,30.065359477124183,17.533718689788053,76.6013071895425,85.94771241830065,28.043478260869563,,72.3913043478261,25.434782608695656,5.0,54.56521739130435,4
223532,Trent Alexander-Arnold,trent-alexander-arnold,148.0,"5' 9""",69.0,27.0,1998-10-07T07:00Z,England,D,364,33,11,9,5,0,0,6,10,7,45,3,0,9,24,Liverpool,#d11317,#132257,https://a.espncdn.com/i/teamlogos/soccer/500/364.png,0.15555555555555556,0.06666666666666667,0.42857142857142855,,5,96.06741573033707,98.87640449438202,28.79581151832461,63.857677902621724,59.36329588014981,64.65968586387434,75.82781456953643,83.20261437908498,95.03267973856208,21.001926782273603,57.647058823529406,58.56209150326798,37.07865168539326,,66.47940074906367,18.16479400749064,54.49438202247191,0.7490636704119851,49
223547,Sammie Szmodics,sammie-szmodics,139.0,"5' 6""",66.0,30.0,1995-09-24T07:00Z,Republic of Ireland,F,373,20,8,8,2,0,0,0,0,12,21,4,0,2,18,Ipswich,#0000fa,#cd1937,https://a.espncdn.com/i/teamlogos/soccer/500/373.png,0.5714285714285714,0.19047619047619047,0.3333333333333333,,2,65.86021505376344,23.387096774193548,94.96644295302013,43.54838709677419,45.16129032258064,84.56375838926175,51.48148148148148,86.9281045751634,30.065359477124183,93.64161849710982,55.62091503267974,52.09150326797386,46.505376344086024,,77.15053763440861,34.67741935483872,52.41935483870967,78.49462365591398,1
223919,Sam Edmundson,sam-edmundson,163.0,"6' 3""",75.0,28.0,1997-08-15T07:00Z,England,D,373,1,0,0,0,0,0,0,0,0,0,0,0,0,0,Ipswich,#0000fa,#cd1937,https://a.espncdn.com/i/teamlogos/soccer/500/373.png,,,,,0,35.0187265917603,33.89513108614232,,13.48314606741573,12.734082397003746,,,29.934640522875817,30.065359477124183,,14.117647058823529,15.42483660130719,89.32584269662921,,14.981273408239701,84.45692883895131,54.49438202247191,78.08988764044943,0
224077,Yoane Wissa,yoane-wissa,161.0,"5' 9""",69.0,29.0,1996-09-03T07:00Z,Congo DR,F,337,35,34,51,5,0,0,4,3,41,90,19,0,9,42,Brentford,#f42727,#f8ced9,https://a.espncdn.com/i/teamlogos/soccer/500/337.png,0.45555555555555555,0.2111111111111111,0.4634146341463415,,5,97.31182795698925,82.52688172043011,82.5503355704698,95.6989247311828,93.27956989247312,91.2751677852349,82.22222222222221,99.34640522875817,90.45751633986929,83.8150289017341,97.05882352941177,91.30718954248366,7.5268817204301115,,97.84946236559139,8.602150537634415,52.41935483870967,18.548387096774192,26
224809,Leon Bailey,leon-bailey,170.0,"5' 10""",70.0,28.0,1997-08-09T07:00Z,Jamaica,F,362,24,12,18,3,0,0,2,3,5,28,1,0,0,19,Aston Villa,#660e36,#ffffff,https://a.espncdn.com/i/teamlogos/soccer/500/362.png,0.17857142857142858,0.03571428571428571,0.2,,3,43.81720430107527,66.66666666666666,12.751677852348994,62.634408602150536,56.72043010752689,23.825503355704697,24.074074074074073,66.60130718954248,78.82352941176471,24.084778420038536,73.66013071895425,60.588235294117645,44.35483870967742,,28.49462365591398,22.311827956989248,52.41935483870967,18.548387096774192,16
225426,Ben Chilwell,ben-chilwell,170.0,"5' 10""",70.0,29.0,1996-12-21T08:00Z,England,D,384,8,2,3,1,0,0,0,0,3,5,1,0,2,4,C Palace,#0202fb,#ffdd00,https://a.espncdn.com/i/teamlogos/soccer/500/384.png,0.6,0.2,0.3333333333333333,,1,77.71535580524345,33.89513108614232,95.02617801047121,42.13483146067416,30.711610486891384,90.0523560209424,66.88741721854305,66.60130718954248,30.065359477124183,94.60500963391137,40.849673202614376,36.60130718954248,69.47565543071161,,36.70411985018727,60.48689138576779,54.49438202247191,78.08988764044943,5
225549,Stephy Mavididi,stephy-mavididi,157.0,"6' 0""",72.0,27.0,1998-05-31T07:00Z,England,F,375,30,17,18,2,0,0,1,5,7,27,4,0,2,39,Leicester,#0202fb,#000000,https://a.espncdn.com/i/teamlogos/soccer/500/375.png,0.25925925925925924,0.14814814814814814,0.5714285714285714,,2,65.86021505376344,54.56989247311827,25.16778523489933,62.634408602150536,68.54838709677419,71.14093959731544,95.92592592592592,86.9281045751634,67.3202614379085,39.78805394990366,73.66013071895425,69.73856209150327,12.634408602150543,,77.15053763440861,34.67741935483872,52.41935483870967,12.096774193548384,21
225564,Vitaly Janelt,vitaly-janelt,172.0,"6' 0""",72.0,27.0,1998-05-10T07:00Z,Germany,M,337,32,24,15,3,0,2,3,6,6,16,1,0,10,36,Brentford,#f42727,#f8ced9,https://a.espncdn.com/i/teamlogos/soccer/500/337.png,0.375,0.0625,0.16666666666666666,,3,60.652173913043484,81.08695652173913,76.14942528735632,59.34782608695652,70.86956521739131,50.57471264367817,36.12903225806451,66.60130718954248,85.88235294117646,66.47398843930635,69.34640522875817,80.84967320261438,18.913043478260875,,88.47826086956522,43.04347826086956,54.56521739130435,11.08695652173914,13
226125,Joe Aribo,joe-aribo,168.0,"6' 0""",72.0,29.0,1996-07-21T07:00Z,Nigeria,M,376,32,20,28,1,0,0,0,1,6,18,3,0,11,56,Southampton,#ED1A3B,#f1ee13,https://a.espncdn.com/i/teamlogos/soccer/500/376.png,0.3333333333333333,0.16666666666666666,0.5,,1,81.52173913043478,25.43478260869565,66.37931034482759,79.56521739130434,65.65217391304347,88.79310344827587,86.7741935483871,83.20261437908498,30.065359477124183,57.61078998073218,85.29411764705883,74.9673202614379,3.9130434782608745,,91.95652173913044,61.95652173913043,54.56521739130435,54.56521739130435,16
226177,Kostas Tsimikas,kostas-tsimikas,170.0,"5' 10""",70.0,29.0,1996-05-12T07:00Z,Greece,D,364,18,9,6,2,0,0,1,2,1,3,0,0,2,7,Liverpool,#d11317,#132257,https://a.espncdn.com/i/teamlogos/soccer/500/364.png,0.3333333333333333,0.0,0.0,,2,35.0187265917603,76.02996254681648,65.70680628272252,55.80524344569289,54.30711610486891,29.05759162303665,23.509933774834437,29.934640522875817,67.3202614379085,57.61078998073218,51.045751633986924,54.70588235294118,63.48314606741573,,36.70411985018727,46.254681647940075,54.49438202247191,33.52059925093633,15
227472,Mathias Jensen,mathias-jensen,159.0,"5' 11""",71.0,29.0,1996-01-01T08:00Z,Denmark,M,337,24,7,10,2,0,0,2,4,1,7,0,0,4,16,Brentford,#f42727,#f8ced9,https://a.espncdn.com/i/teamlogos/soccer/500/337.png,0.14285714285714285,0.0,0.0,,2,26.304347826086953,70.86956521739131,19.25287356321839,50.43478260869565,39.565217391304344,18.67816091954023,14.838709677419354,29.934640522875817,78.82352941176471,20.134874759152215,60.0,49.411764705882355,51.08695652173913,,63.69565217391304,52.17391304347826,54.56521739130435,23.26086956521739,15
227706,Luke Thomas,luke-thomas,157.0,"5' 11""",71.0,24.0,2001-06-10T07:00Z,England,D,375,14,16,10,3,0,0,0,2,0,5,0,0,6,23,Leicester,#0202fb,#000000,https://a.espncdn.com/i/teamlogos/soccer/500/375.png,0.0,0.0,,,3,35.0187265917603,33.89513108614232,10.732984293193718,66.29213483146067,67.97752808988764,29.05759162303665,,29.934640522875817,30.065359477124183,7.321772639691715,60.0,67.45098039215686,38.76404494382022,,54.68164794007491,36.89138576779026,54.49438202247191,33.52059925093633,8
227784,Trevoh Chalobah,trevoh-chalobah,163.0,"6' 3""",75.0,26.0,1999-07-05T07:00Z,England,D,363,37,29,37,4,0,0,1,0,8,28,6,0,23,34,Chelsea,#144992,#ffeeee,https://a.espncdn.com/i/teamlogos/soccer/500/363.png,0.2857142857142857,0.21428571428571427,0.75,,4,100.0,76.02996254681648,55.235602094240846,95.88014981273409,91.19850187265918,91.62303664921467,87.41721854304636,91.63398692810458,67.3202614379085,45.472061657032754,91.50326797385621,86.9281045751634,25.093632958801493,,91.19850187265918,28.277153558052433,54.49438202247191,78.08988764044943,6
227794,Reiss Nelson,reiss-nelson,157.0,"5' 9""",69.0,26.0,1999-12-10T08:00Z,England,F,370,13,8,11,1,0,0,1,1,6,12,1,0,0,8,Fulham,#ffffff,#d11317,https://a.espncdn.com/i/teamlogos/soccer/500/370.png,0.5,0.08333333333333333,0.16666666666666666,,1,43.81720430107527,54.56989247311827,89.26174496644296,49.46236559139785,45.16129032258064,40.26845637583892,19.62962962962963,66.60130718954248,67.3202614379085,88.82466281310212,62.35294117647059,52.09150326797386,61.29032258064516,,28.49462365591398,52.41935483870967,52.41935483870967,48.655913978494624,11
228421,Wout Faes,wout-faes,183.0,"6' 2""",74.0,27.0,1998-04-03T08:00Z,Belgium,D,375,34,23,11,4,0,0,0,3,1,13,1,0,36,60,Leicester,#0202fb,#000000,https://a.espncdn.com/i/teamlogos/soccer/500/375.png,0.07692307692307693,0.07692307692307693,1.0,,4,77.71535580524345,33.89513108614232,21.98952879581152,68.91385767790263,81.46067415730337,70.15706806282722,94.03973509933775,66.60130718954248,30.065359477124183,15.31791907514451,62.35294117647059,79.15032679738562,3.7453183520599254,,97.00374531835206,28.277153558052433,54.49438202247191,23.220973782771537,4
228424,Orel Mangala,orel-mangala,174.0,"5' 10""",70.0,27.0,1998-03-18T08:00Z,Belgium,M,368,19,24,17,2,0,0,0,1,5,16,1,0,3,10,Everton,#0606fa,#132257,https://a.espncdn.com/i/teamlogos/soccer/500/368.png,0.3125,0.0625,0.2,,2,60.652173913043484,25.43478260869565,58.620689655172406,62.39130434782608,70.86956521739131,50.57471264367817,41.29032258064516,66.60130718954248,30.065359477124183,52.408477842003855,72.35294117647058,80.84967320261438,58.04347826086956,,57.608695652173914,52.17391304347826,54.56521739130435,54.56521739130435,8
228498,Alfie Whiteman,alfie-whiteman,183.0,"6' 2""",74.0,26.0,1998-10-02T07:00Z,England,G,367,0,0,0,0,0,0,0,0,0,0,0,0,0,0,Spurs,#ffffff,#9bafd8,https://a.espncdn.com/i/teamlogos/soccer/500/367.png,,,,,0,50.609756097560975,47.5609756097561,,29.268292682926827,43.90243902439025,,,29.934640522875817,30.065359477124183,,14.117647058823529,15.42483660130719,77.4390243902439,,21.341463414634145,64.6341463414634,50.0,67.07317073170731,0
228563,Boubacar Traoré,boubacar-traore,148.0,"6' 0""",72.0,24.0,2001-08-20T07:00Z,Mali,M,380,1,0,0,0,0,0,0,0,0,0,0,0,0,0,Wolves,#fdb913,#cd1937,https://a.espncdn.com/i/teamlogos/soccer/500/380.png,,,,,0,26.304347826086953,25.43478260869565,,11.956521739130435,11.956521739130435,,,29.934640522875817,30.065359477124183,,14.117647058823529,15.42483660130719,89.13043478260869,,16.956521739130434,83.47826086956522,54.56521739130435,81.30434782608695,0
228619,Auston Trusty,auston-trusty,183.0,"6' 3""",75.0,27.0,1998-08-12T07:00Z,USA,D,398,32,23,13,4,0,0,0,2,2,8,0,0,23,74,Sheffield Utd,#f42727,#1D428A,https://a.espncdn.com/i/teamlogos/soccer/500/398.png,0.25,0.0,0.0,,4,35.0187265917603,33.89513108614232,47.64397905759162,73.78277153558052,81.46067415730337,29.05759162303665,23.509933774834437,29.934640522875817,30.065359477124183,37.47591522157997,66.33986928104575,79.15032679738562,1.68539325842697,,91.19850187265918,28.277153558052433,54.49438202247191,33.52059925093633,0
229524,Axel Tuanzebe,axel-tuanzebe,163.0,"6' 1""",73.0,28.0,1997-11-14T08:00Z,Congo DR,D,373,22,18,12,4,1,1,1,0,1,5,0,0,10,36,Ipswich,#0000fa,#cd1937,https://a.espncdn.com/i/teamlogos/soccer/500/373.png,0.2,0.0,0.0,,6,35.0187265917603,76.02996254681648,38.481675392670155,71.34831460674157,71.91011235955057,29.05759162303665,23.509933774834437,29.934640522875817,67.3202614379085,28.227360308285164,64.31372549019608,71.50326797385621,22.471910112359552,,69.85018726591761,28.277153558052433,4.86891385767791,78.08988764044943,4
229967,Max Kilman,max-kilman,194.0,"6' 4""",76.0,28.0,1997-05-23T07:00Z,England,D,371,38,23,13,5,0,0,1,5,2,14,0,0,39,59,West Ham,#7c2c3b,#000000,https://a.espncdn.com/i/teamlogos/soccer/500/371.png,0.14285714285714285,0.0,0.0,,5,35.0187265917603,76.02996254681648,27.748691099476442,73.78277153558052,81.46067415730337,29.05759162303665,23.509933774834437,29.934640522875817,67.3202614379085,20.134874759152215,66.33986928104575,79.15032679738562,4.307116104868911,,98.12734082397003,18.16479400749064,54.49438202247191,10.112359550561806,0
230666,Tomás Soucek,tomas-soucek,190.0,"6' 4""",76.0,30.0,1995-02-27T08:00Z,Czechia,M,371,35,46,25,8,0,0,1,3,16,53,9,0,20,41,West Ham,#7c2c3b,#000000,https://a.espncdn.com/i/teamlogos/soccer/500/371.png,0.3018867924528302,0.16981132075471697,0.5625,,8,98.26086956521739,57.826086956521735,54.02298850574713,74.34782608695653,92.3913043478261,89.65517241379311,92.25806451612904,95.88235294117648,67.3202614379085,50.28901734104046,81.96078431372548,96.79738562091504,13.043478260869563,,98.91304347826086,11.521739130434781,54.56521739130435,30.434782608695656,14
230945,Marcus Rashford,marcus-rashford,174.0,"6' 2""",74.0,28.0,1997-10-31T08:00Z,England,F,362,40,17,17,4,0,0,4,1,22,51,10,0,0,24,Aston Villa,#660e36,#ffffff,https://a.espncdn.com/i/teamlogos/soccer/500/362.png,0.43137254901960786,0.19607843137254902,0.45454545454545453,,4,88.70967741935483,82.52688172043011,71.14093959731544,60.752688172043015,68.54838709677419,85.23489932885906,81.11111111111111,96.9281045751634,90.45751633986929,78.61271676300578,72.35294117647058,69.73856209150327,34.40860215053763,,28.49462365591398,15.053763440860209,52.41935483870967,48.655913978494624,27
230963,Issa Diop,issa-diop,203.0,"6' 4""",76.0,28.0,1997-01-09T08:00Z,France,D,370,21,10,4,2,0,1,0,0,3,6,0,0,8,18,Fulham,#ffffff,#d11317,https://a.espncdn.com/i/teamlogos/soccer/500/370.png,0.5,0.0,0.0,,2,35.0187265917603,33.89513108614232,87.43455497382199,46.254681647940075,56.92883895131086,29.05759162303665,23.509933774834437,29.934640522875817,30.065359477124183,88.82466281310212,44.31372549019608,56.666666666666664,45.88014981273408,,63.10861423220974,46.254681647940075,54.49438202247191,78.08988764044943,3
231049,Fábio Carvalho,fabio-carvalho,137.0,"5' 7""",67.0,23.0,2002-08-30T07:00Z,Portugal,M,337,19,5,10,1,0,0,1,1,5,11,2,0,1,14,Brentford,#f42727,#f8ced9,https://a.espncdn.com/i/teamlogos/soccer/500/337.png,0.45454545454545453,0.18181818181818182,0.4,,1,73.91304347826086,57.826086956521735,88.50574712643679,50.43478260869565,34.56521739130435,92.24137931034483,75.16129032258064,77.25490196078432,67.3202614379085,83.23699421965318,60.0,43.72549019607843,52.82608695652174,,39.78260869565217,61.95652173913043,54.56521739130435,54.56521739130435,4
231167,Mason Mount,mason-mount,168.0,"5' 11""",71.0,26.0,1999-01-10T08:00Z,England,M,360,17,16,9,3,0,0,0,1,9,19,1,0,1,10,Man United,#da020e,#144992,https://a.espncdn.com/i/teamlogos/soccer/500/360.png,0.47368421052631576,0.05263157894736842,0.1111111111111111,,3,60.652173913043484,25.43478260869565,90.51724137931035,47.391304347826086,56.30434782608695,43.96551724137931,30.967741935483872,66.60130718954248,30.065359477124183,85.45279383429673,57.647058823529406,67.45098039215686,58.04347826086956,,39.78260869565217,43.04347826086956,54.56521739130435,54.56521739130435,8
231182,Kai Havertz,kai-havertz,183.0,"6' 4""",76.0,26.0,1999-06-11T07:00Z,Germany,F,359,23,36,23,5,0,0,3,2,21,53,9,0,4,20,Arsenal,#e20520,#132257,https://a.espncdn.com/i/teamlogos/soccer/500/359.png,0.39622641509433965,0.16981132075471697,0.42857142857142855,,5,85.48387096774194,75.0,58.053691275167786,71.23655913978494,95.16129032258065,77.18120805369128,75.55555555555556,95.88235294117648,85.88235294117646,71.77263969171483,79.86928104575163,92.6797385620915,42.74193548387096,,89.24731182795699,8.602150537634415,52.41935483870967,30.91397849462365,15
231198,Tosin Adarabioyo,tosin-adarabioyo,174.0,"6' 5""",77.0,28.0,1997-09-24T07:00Z,England,D,363,22,8,9,4,0,0,1,2,2,14,1,0,8,14,Chelsea,#144992,#ffeeee,https://a.espncdn.com/i/teamlogos/soccer/500/363.png,0.14285714285714285,0.07142857142857142,0.5,,4,77.71535580524345,76.02996254681648,27.748691099476442,63.857677902621724,51.12359550561798,67.5392670157068,80.79470198675497,66.60130718954248,67.3202614379085,20.134874759152215,57.647058823529406,52.09150326797386,52.059925093632955,,63.10861423220974,28.277153558052433,54.49438202247191,33.52059925093633,1
231241,Sergio Reguilón,sergio-reguilon,150.0,"5' 10""",70.0,28.0,1996-12-16T08:00Z,Spain,D,367,4,2,6,2,0,0,0,1,0,2,0,0,0,3,Spurs,#ffffff,#9bafd8,https://a.espncdn.com/i/teamlogos/soccer/500/367.png,0.0,0.0,,,2,35.0187265917603,33.89513108614232,10.732984293193718,55.80524344569289,30.711610486891384,29.05759162303665,,29.934640522875817,30.065359477124183,7.321772639691715,51.045751633986924,36.60130718954248,71.72284644194757,,14.981273408239701,46.254681647940075,54.49438202247191,48.12734082397003,1
231718,Axel Disasi,axel-disasi,183.0,"6' 3""",75.0,27.0,1998-03-11T08:00Z,France,D,362,19,7,2,4,0,0,0,2,2,6,2,0,3,15,Aston Villa,#660e36,#ffffff,https://a.espncdn.com/i/teamlogos/soccer/500/362.png,0.3333333333333333,0.3333333333333333,1.0,,4,90.0749063670412,33.89513108614232,65.70680628272252,36.70411985018727,47.752808988764045,95.81151832460732,94.03973509933775,77.25490196078432,30.065359477124183,57.61078998073218,36.470588235294116,49.411764705882355,50.936329588014985,,41.19850187265918,28.277153558052433,54.49438202247191,33.52059925093633,5
231828,Rodri,rodri,181.0,"6' 3""",75.0,29.0,1996-06-22T07:00Z,Spain,M,382,3,1,2,0,0,0,0,0,0,0,0,0,0,1,Man City,#99c5ea,#e6ff00,https://a.espncdn.com/i/teamlogos/soccer/500/382.png,,,,,0,26.304347826086953,25.43478260869565,,30.0,25.43478260869565,,,29.934640522875817,30.065359477124183,,36.470588235294116,32.745098039215684,76.52173913043478,,16.956521739130434,83.47826086956522,54.56521739130435,81.30434782608695,1
231859,Ezri Konsa,ezri-konsa,161.0,"6' 0""",72.0,28.0,1997-10-23T07:00Z,England,D,362,34,9,47,1,0,0,0,1,5,10,2,0,10,45,Aston Villa,#660e36,#ffffff,https://a.espncdn.com/i/teamlogos/soccer/500/362.png,0.5,0.2,0.4,,1,90.0749063670412,33.89513108614232,87.43455497382199,99.06367041198502,54.30711610486891,90.0523560209424,72.84768211920529,77.25490196078432,30.065359477124183,88.82466281310212,95.55555555555556,54.70588235294118,10.67415730337079,,69.85018726591761,60.48689138576779,54.49438202247191,48.12734082397003,6
231863,James Justin,james-justin,174.0,"6' 0""",72.0,27.0,1998-02-23T08:00Z,England,D,375,36,28,44,6,0,0,2,3,6,26,2,0,18,65,Leicester,#0202fb,#000000,https://a.espncdn.com/i/teamlogos/soccer/500/375.png,0.23076923076923078,0.07692307692307693,0.3333333333333333,,6,90.0749063670412,88.57677902621724,43.97905759162304,97.94007490636703,89.70037453183521,70.15706806282722,66.88741721854305,77.25490196078432,78.82352941176471,33.71868978805395,94.18300653594771,85.94771241830065,2.8089887640449405,,85.58052434456928,11.797752808988761,54.49438202247191,23.220973782771537,13
232662,Patson Daka,patson-daka,157.0,"6' 0""",72.0,27.0,1998-10-09T07:00Z,Zambia,F,375,23,15,19,0,0,0,0,0,4,16,1,0,1,16,Leicester,#0202fb,#000000,https://a.espncdn.com/i/teamlogos/soccer/500/375.png,0.25,0.0625,0.25,,0,43.81720430107527,23.387096774193548,22.14765100671141,64.78494623655914,64.24731182795699,30.201342281879196,32.22222222222222,66.60130718954248,30.065359477124183,37.47591522157997,75.16339869281046,65.09803921568627,50.806451612903224,,64.51612903225806,80.64516129032258,52.41935483870967,78.49462365591398,1
232810,Yves Bissouma,yves-bissouma,174.0,"6' 0""",72.0,29.0,1996-08-30T07:00Z,Mali,M,367,28,27,18,7,0,0,0,3,4,10,2,0,6,26,Spurs,#ffffff,#9bafd8,https://a.espncdn.com/i/teamlogos/soccer/500/367.png,0.4,0.2,0.5,,7,73.91304347826086,25.43478260869565,81.32183908045977,64.56521739130436,73.26086956521739,94.82758620689656,86.7741935483871,77.25490196078432,30.065359477124183,73.41040462427746,73.66013071895425,84.70588235294117,37.39130434782608,,72.3913043478261,16.086956521739125,54.56521739130435,30.434782608695656,6
233073,Jacob Bruun Larsen,jacob-bruun-larsen,170.0,"6' 0""",72.0,27.0,1998-09-19T07:00Z,Denmark,F,379,32,13,7,1,0,0,0,2,11,44,6,0,2,22,Burnley,#6C1D45,#1a1a1a,https://a.espncdn.com/i/teamlogos/soccer/500/379.png,0.25,0.13636363636363635,0.5454545454545454,,1,74.73118279569893,23.387096774193548,22.14765100671141,41.66666666666667,59.40860215053764,62.41610738255034,93.33333333333333,91.63398692810458,30.065359477124183,37.47591522157997,53.59477124183007,62.22222222222222,40.053763440860216,,77.15053763440861,52.41935483870967,52.41935483870967,30.91397849462365,0
233301,Daniel Iversen,daniel-iversen,174.0,"6' 4""",76.0,28.0,1997-07-19T07:00Z,Denmark,G,375,0,0,0,0,0,0,0,0,0,0,0,0,0,0,Leicester,#0202fb,#000000,https://a.espncdn.com/i/teamlogos/soccer/500/375.png,,,,,0,50.609756097560975,47.5609756097561,,29.268292682926827,43.90243902439025,,,29.934640522875817,30.065359477124183,,14.117647058823529,15.42483660130719,77.4390243902439,,21.341463414634145,64.6341463414634,50.0,67.07317073170731,0
233937,Lisandro Martínez,lisandro-martinez,159.0,"5' 9""",69.0,27.0,1998-01-18T08:00Z,Argentina,D,360,20,22,7,7,0,0,1,3,6,16,2,0,8,26,Man United,#da020e,#144992,https://a.espncdn.com/i/teamlogos/soccer/500/360.png,0.375,0.125,0.3333333333333333,,7,90.0749063670412,76.02996254681648,73.82198952879581,59.36329588014981,78.65168539325843,81.67539267015707,66.88741721854305,77.25490196078432,67.3202614379085,66.47398843930635,53.59477124183007,77.45098039215686,34.6441947565543,,63.10861423220974,8.239700374531836,54.49438202247191,23.220973782771537,9
233945,Marcos Senesi,marcos-senesi,174.0,"6' 1""",73.0,28.0,1997-05-10T07:00Z,Argentina,D,349,17,21,8,5,0,0,0,5,0,4,0,0,8,17,Bournemouth,#f42727,#ffffff,https://a.espncdn.com/i/teamlogos/soccer/500/349.png,0.0,0.0,,,5,35.0187265917603,33.89513108614232,10.732984293193718,61.61048689138576,76.59176029962546,29.05759162303665,,29.934640522875817,30.065359477124183,7.321772639691715,55.62091503267974,76.1437908496732,47.75280898876404,,63.10861423220974,18.16479400749064,54.49438202247191,10.112359550561806,3
234143,Igor Julio,igor-julio,185.0,"6' 1""",73.0,27.0,1998-02-07T08:00Z,Brazil,D,331,13,9,6,4,0,0,0,2,0,1,0,0,14,16,Brighton,#0606fa,#ffdd00,https://a.espncdn.com/i/teamlogos/soccer/500/331.png,0.0,0.0,,,4,35.0187265917603,33.89513108614232,10.732984293193718,55.80524344569289,54.30711610486891,29.05759162303665,,29.934640522875817,30.065359477124183,7.321772639691715,51.045751633986924,54.70588235294118,49.62546816479401,,79.40074906367042,28.277153558052433,54.49438202247191,33.52059925093633,2
234172,Dean Henderson,dean-henderson,185.0,"6' 2""",74.0,28.0,1997-03-12T08:00Z,England,G,384,38,0,2,3,0,0,0,0,0,1,0,415,104,48,C Palace,#0202fb,#ffdd00,https://a.espncdn.com/i/teamlogos/soccer/500/384.png,0.0,0.0,,0.6842105263157895,3,50.609756097560975,47.5609756097561,30.0,72.5609756097561,43.90243902439025,60.0,,29.934640522875817,30.065359477124183,7.321772639691715,36.470588235294116,15.42483660130719,10.36585365853658,53.125,89.02439024390245,10.36585365853658,50.0,67.07317073170731,3
234306,Federico Chiesa,federico-chiesa,152.0,"5' 9""",69.0,28.0,1997-10-25T07:00Z,Italy,F,364,6,3,2,0,0,0,0,0,1,4,0,0,0,3,Liverpool,#d11317,#132257,https://a.espncdn.com/i/teamlogos/soccer/500/364.png,0.25,0.0,0.0,,0,18.817204301075268,23.387096774193548,22.14765100671141,29.03225806451613,32.526881720430104,11.073825503355705,7.037037037037037,29.934640522875817,30.065359477124183,37.47591522157997,36.470588235294116,39.869281045751634,71.77419354838709,,28.49462365591398,80.64516129032258,52.41935483870967,78.49462365591398,2
234320,Hamza Choudhury,hamza-choudhury,139.0,"5' 10""",70.0,28.0,1997-10-01T07:00Z,Bangladesh,M,375,4,1,0,0,0,0,0,0,0,0,0,0,2,5,Leicester,#0202fb,#000000,https://a.espncdn.com/i/teamlogos/soccer/500/375.png,,,,,0,26.304347826086953,25.43478260869565,,11.956521739130435,25.43478260869565,,,29.934640522875817,30.065359477124183,,14.117647058823529,32.745098039215684,65.0,,50.21739130434783,83.47826086956522,54.56521739130435,81.30434782608695,2
234698,Matty Cash,matty-cash,172.0,"6' 1""",73.0,28.0,1997-08-07T07:00Z,Poland,D,362,27,26,20,7,0,0,1,1,7,14,1,0,9,23,Aston Villa,#660e36,#ffffff,https://a.espncdn.com/i/teamlogos/soccer/500/362.png,0.5,0.07142857142857142,0.14285714285714285,,7,77.71535580524345,76.02996254681648,87.43455497382199,84.45692883895131,85.76779026217228,67.5392670157068,48.675496688741724,66.60130718954248,67.3202614379085,88.82466281310212,76.6013071895425,83.66013071895425,38.76404494382022,,66.47940074906367,8.239700374531836,54.49438202247191,48.12734082397003,9
234715,Lucas Paquetá,lucas-paqueta,159.0,"5' 11""",71.0,28.0,1997-08-27T07:00Z,Brazil,M,371,33,55,62,10,0,0,0,7,5,42,4,0,4,48,West Ham,#7c2c3b,#000000,https://a.espncdn.com/i/teamlogos/soccer/500/371.png,0.11904761904761904,0.09523809523809523,0.8,,10,86.73913043478261,25.43478260869565,17.24137931034483,97.82608695652173,96.30434782608695,70.40229885057471,96.7741935483871,86.9281045751634,30.065359477124183,18.11175337186898,99.08496732026144,98.4967320261438,6.739130434782609,,63.69565217391304,3.9130434782608745,54.56521739130435,6.956521739130437,32
234878,Rúben Dias,ruben-dias,168.0,"6' 2""",74.0,28.0,1997-05-14T07:00Z,Portugal,D,382,27,12,8,4,0,1,0,3,8,22,0,0,17,19,Man City,#99c5ea,#e6ff00,https://a.espncdn.com/i/teamlogos/soccer/500/382.png,0.36363636363636365,0.0,0.0,,4,35.0187265917603,33.89513108614232,71.98952879581152,61.61048689138576,61.79775280898876,29.05759162303665,23.509933774834437,29.934640522875817,30.065359477124183,64.73988439306359,55.62091503267974,60.588235294117645,44.569288389513105,,84.08239700374533,28.277153558052433,54.49438202247191,23.220973782771537,5
235072,Carlos Soler,carlos-soler,168.0,"5' 11""",71.0,29.0,1997-01-02T08:00Z,Spain,M,371,31,26,19,6,0,0,1,2,6,23,1,0,6,24,West Ham,#7c2c3b,#000000,https://a.espncdn.com/i/teamlogos/soccer/500/371.png,0.2608695652173913,0.043478260869565216,0.16666666666666666,,6,60.652173913043484,57.826086956521735,42.5287356321839,66.52173913043478,72.60869565217392,40.229885057471265,36.12903225806451,66.60130718954248,67.3202614379085,40.26974951830443,75.16339869281046,83.66013071895425,40.869565217391305,,72.3913043478261,20.652173913043484,54.56521739130435,40.21739130434783,18
235116,Luis Sinisterra,luis-sinisterra,130.0,"5' 8""",68.0,26.0,1999-06-17T07:00Z,Colombia,M,349,12,4,2,0,0,0,1,2,5,12,1,0,0,4,Bournemouth,#f42727,#ffffff,https://a.espncdn.com/i/teamlogos/soccer/500/349.png,0.4166666666666667,0.08333333333333333,0.2,,0,60.652173913043484,57.826086956521735,83.33333333333334,30.0,33.47826086956522,63.2183908045977,41.29032258064516,66.60130718954248,67.3202614379085,76.49325626204238,36.470588235294116,41.96078431372549,66.52173913043478,,16.956521739130434,83.47826086956522,54.56521739130435,40.21739130434783,7
235129,Kyle Walker-Peters,kyle-walker-peters,137.0,"5' 8""",68.0,28.0,1997-04-13T07:00Z,England,D,376,33,28,52,5,0,0,2,3,6,22,0,0,15,77,Southampton,#ED1A3B,#f1ee13,https://a.espncdn.com/i/teamlogos/soccer/500/376.png,0.2727272727272727,0.0,0.0,,5,35.0187265917603,88.57677902621724,51.57068062827225,100.0,89.70037453183521,29.05759162303665,23.509933774834437,29.934640522875817,78.82352941176471,41.61849710982659,97.58169934640523,85.94771241830065,1.1235955056179847,,81.46067415730337,18.16479400749064,54.49438202247191,23.220973782771537,24
235538,Jake Evans,jake-evans,0.0,"5' 9""",69.0,17.0,2008-08-21T07:00Z,England,F,375,4,0,0,0,0,0,0,0,0,0,0,0,0,1,Leicester,#0202fb,#000000,https://a.espncdn.com/i/teamlogos/soccer/500/375.png,,,,,0,18.817204301075268,23.387096774193548,,11.827956989247312,11.827956989247312,,,29.934640522875817,30.065359477124183,,14.117647058823529,15.42483660130719,78.2258064516129,,28.49462365591398,80.64516129032258,52.41935483870967,78.49462365591398,0
235662,Alexander Isak,alexander-isak,170.0,"6' 4""",76.0,26.0,1999-09-21T07:00Z,Sweden,F,361,34,24,14,1,0,0,6,6,44,97,23,0,2,39,Newcastle,#000000,#cd1937,https://a.espncdn.com/i/teamlogos/soccer/500/361.png,0.4536082474226804,0.23711340206185566,0.5227272727272727,,1,99.46236559139786,91.12903225806451,79.19463087248322,56.72043010752689,81.98924731182797,95.30201342281879,91.85185185185185,99.86928104575163,95.03267973856208,82.65895953757226,68.16993464052288,80.84967320261438,12.634408602150543,,77.15053763440861,52.41935483870967,52.41935483870967,7.795698924731184,39
236015,Aaron Ramsdale,aaron-ramsdale,192.0,"6' 3""",75.0,27.0,1998-05-14T07:00Z,England,G,376,30,0,4,2,0,0,0,6,0,0,0,434,124,66,Southampton,#ED1A3B,#f1ee13,https://a.espncdn.com/i/teamlogos/soccer/500/376.png,,,,0.6526315789473685,2,50.609756097560975,47.5609756097561,,85.36585365853658,43.90243902439025,,,29.934640522875817,30.065359477124183,,44.31372549019608,15.42483660130719,2.439024390243901,37.5,95.1219512195122,17.07317073170732,50.0,8.536585365853654,0
236322,Gabriel Magalhães,gabriel-magalhaes,172.0,"6' 3""",75.0,27.0,1997-12-19T08:00Z,Brazil,D,359,28,19,19,4,0,0,1,1,5,22,3,0,29,22,Arsenal,#e20520,#132257,https://a.espncdn.com/i/teamlogos/soccer/500/359.png,0.22727272727272727,0.13636363636363635,0.6,,4,96.06741573033707,76.02996254681648,43.455497382198956,82.58426966292134,73.97003745318352,83.24607329842932,85.43046357615894,83.20261437908498,67.3202614379085,33.33333333333333,75.16339869281046,73.26797385620914,41.01123595505618,,95.69288389513109,28.277153558052433,54.49438202247191,48.12734082397003,12
236457,Mads Andersen,mads-andersen,179.0,"6' 4""",76.0,27.0,1997-12-27T08:00Z,Denmark,D,301,8,6,2,1,0,0,0,0,1,3,1,0,6,6,Luton,#ff4f00,#1D428A,https://a.espncdn.com/i/teamlogos/soccer/500/301.png,0.3333333333333333,0.3333333333333333,1.0,,1,77.71535580524345,33.89513108614232,65.70680628272252,36.70411985018727,43.82022471910113,95.81151832460732,94.03973509933775,66.60130718954248,30.065359477124183,57.61078998073218,36.470588235294116,46.470588235294116,64.7940074906367,,54.68164794007491,60.48689138576779,54.49438202247191,78.08988764044943,0
236912,Gustavo Hamer,gustavo-hamer,132.0,"5' 7""",67.0,28.0,1997-06-24T07:00Z,Netherlands,M,398,36,50,17,9,0,0,6,4,9,47,4,0,10,79,Sheffield Utd,#f42727,#1D428A,https://a.espncdn.com/i/teamlogos/soccer/500/398.png,0.19148936170212766,0.0851063829787234,0.4444444444444444,,9,86.73913043478261,92.3913043478261,25.862068965517242,62.39130434782608,94.78260869565217,64.65517241379311,80.3225806451613,86.9281045751634,95.03267973856208,26.204238921001927,72.35294117647058,97.90849673202614,0.4347826086956559,,88.47826086956522,7.173913043478265,54.56521739130435,23.26086956521739,0
237224,Hwang Hee-Chan,hwang-hee-chan,170.0,"5' 10""",70.0,29.0,1996-01-26T08:00Z,South Korea,F,380,21,6,9,0,0,0,0,1,3,5,2,0,0,18,Wolves,#fdb913,#cd1937,https://a.espncdn.com/i/teamlogos/soccer/500/380.png,0.6,0.4,0.6666666666666666,,0,53.494623655913976,23.387096774193548,96.30872483221476,45.16129032258064,39.247311827956985,100.0,98.51851851851852,77.25490196078432,30.065359477124183,94.60500963391137,57.647058823529406,46.470588235294116,46.505376344086024,,28.49462365591398,80.64516129032258,52.41935483870967,48.655913978494624,3
238004,Takehiro Tomiyasu,takehiro-tomiyasu,183.0,"6' 2""",74.0,27.0,1998-11-05T08:00Z,Japan,D,359,1,0,0,0,0,0,0,0,0,1,0,0,0,0,Arsenal,#e20520,#132257,https://a.espncdn.com/i/teamlogos/soccer/500/359.png,0.0,0.0,,,0,35.0187265917603,33.89513108614232,10.732984293193718,13.48314606741573,12.734082397003746,29.05759162303665,,29.934640522875817,30.065359477124183,7.321772639691715,14.117647058823529,15.42483660130719,89.32584269662921,,14.981273408239701,84.45692883895131,54.49438202247191,78.08988764044943,0
238192,Chiedozie Ogbene,chiedozie-ogbene,172.0,"5' 11""",71.0,28.0,1997-05-01T07:00Z,Republic of Ireland,F,301,35,8,57,1,0,0,1,2,14,35,4,0,3,49,Luton,#ff4f00,#1D428A,https://a.espncdn.com/i/teamlogos/soccer/500/301.png,0.4,0.11428571428571428,0.2857142857142857,,1,65.86021505376344,54.56989247311827,60.738255033557046,98.11827956989248,45.16129032258064,52.348993288590606,41.48148148148148,86.9281045751634,67.3202614379085,73.41040462427746,98.30065359477123,52.09150326797386,4.838709677419345,,84.40860215053763,52.41935483870967,52.41935483870967,30.91397849462365,2
238262,Declan Rice,declan-rice,183.0,"6' 2""",74.0,26.0,1999-01-14T08:00Z,England,M,359,35,21,16,6,1,0,7,5,16,48,4,0,12,29,Arsenal,#e20520,#132257,https://a.espncdn.com/i/teamlogos/soccer/500/359.png,0.3333333333333333,0.08333333333333333,0.25,,8,86.73913043478261,95.0,66.37931034482759,60.86956521739131,67.17391304347827,63.2183908045977,51.29032258064517,86.9281045751634,96.9281045751634,57.61078998073218,70.84967320261438,76.1437908496732,30.217391304347828,,94.1304347826087,20.652173913043484,5.0,16.304347826086953,56
238318,Ferdi Kadioglu,ferdi-kadioglu,150.0,"5' 9""",69.0,26.0,1999-10-07T07:00Z,Türkiye,D,331,6,5,3,1,0,0,0,1,1,4,1,0,2,8,Brighton,#0606fa,#ffdd00,https://a.espncdn.com/i/teamlogos/soccer/500/331.png,0.25,0.25,1.0,,1,77.71535580524345,33.89513108614232,47.64397905759162,42.13483146067416,39.325842696629216,93.19371727748691,94.03973509933775,66.60130718954248,30.065359477124183,37.47591522157997,40.849673202614376,43.72549019607843,61.79775280898877,,36.70411985018727,60.48689138576779,54.49438202247191,48.12734082397003,5
238472,Elliot Anderson,elliot-anderson,150.0,"5' 10""",70.0,23.0,2002-11-06T08:00Z,England,M,393,37,49,58,10,0,0,7,8,7,41,2,0,9,37,Nottm Forest,#c8102e,#132257,https://a.espncdn.com/i/teamlogos/soccer/500/393.png,0.17073170731707318,0.04878048780487805,0.2857142857142857,,10,73.91304347826086,95.0,22.988505747126435,96.73913043478261,94.34782608695652,41.09195402298851,58.06451612903226,77.25490196078432,96.9281045751634,23.699421965317917,98.62745098039215,97.7124183006536,17.391304347826093,,84.78260869565217,3.9130434782608745,54.56521739130435,3.6956521739130466,34
238902,Diogo Dalot,diogo-dalot,172.0,"6' 0""",72.0,26.0,1999-03-18T08:00Z,Portugal,D,360,33,40,10,5,0,0,3,4,5,24,0,0,10,45,Man United,#da020e,#144992,https://a.espncdn.com/i/teamlogos/soccer/500/360.png,0.20833333333333334,0.0,0.0,,5,35.0187265917603,94.00749063670412,41.361256544502616,66.29213483146067,98.50187265917603,29.05759162303665,23.509933774834437,29.934640522875817,85.88235294117646,30.63583815028902,60.0,94.24836601307189,10.67415730337079,,69.85018726591761,18.16479400749064,54.49438202247191,15.730337078651687,23
238990,Nikola Milenkovic,nikola-milenkovic,196.0,"6' 5""",77.0,28.0,1997-10-12T07:00Z,Serbia,D,393,37,19,5,4,0,0,2,8,8,29,5,0,26,45,Nottm Forest,#c8102e,#132257,https://a.espncdn.com/i/teamlogos/soccer/500/393.png,0.27586206896551724,0.1724137931034483,0.625,,4,99.25093632958801,88.57677902621724,52.35602094240838,51.12359550561798,73.97003745318352,86.38743455497382,86.09271523178808,89.54248366013073,78.82352941176471,42.29287090558767,47.97385620915033,73.26797385620914,10.67415730337079,,94.19475655430712,28.277153558052433,54.49438202247191,2.6217228464419406,9
239253,Andrew Irving,andrew-irving,146.0,"6' 3""",75.0,25.0,2000-05-13T07:00Z,Scotland,M,371,10,6,1,2,0,0,0,2,1,3,0,0,1,3,West Ham,#7c2c3b,#000000,https://a.espncdn.com/i/teamlogos/soccer/500/371.png,0.3333333333333333,0.0,0.0,,2,26.304347826086953,25.43478260869565,66.37931034482759,25.869565217391305,36.73913043478261,18.67816091954023,14.838709677419354,29.934640522875817,30.065359477124183,57.61078998073218,30.84967320261438,46.470588235294116,70.0,,39.78260869565217,52.17391304347826,54.56521739130435,40.21739130434783,0
239349,Matthijs de Ligt,matthijs-de-ligt,194.0,"6' 2""",74.0,26.0,1999-08-12T07:00Z,Netherlands,D,360,29,15,12,3,0,0,0,3,7,16,2,0,22,34,Man United,#da020e,#144992,https://a.espncdn.com/i/teamlogos/soccer/500/360.png,0.4375,0.125,0.2857142857142857,,3,90.0749063670412,33.89513108614232,80.89005235602095,71.34831460674157,65.54307116104869,81.67539267015707,62.251655629139066,77.25490196078432,30.065359477124183,79.57610789980733,64.31372549019608,65.09803921568627,25.093632958801493,,90.4494382022472,36.89138576779026,54.49438202247191,23.220973782771537,6
239350,Noussair Mazraoui,noussair-mazraoui,139.0,"6' 0""",72.0,28.0,1997-11-14T08:00Z,Morocco,D,360,37,34,25,3,0,0,1,1,2,12,0,0,9,42,Man United,#da020e,#144992,https://a.espncdn.com/i/teamlogos/soccer/500/360.png,0.16666666666666666,0.0,0.0,,3,35.0187265917603,76.02996254681648,31.93717277486911,88.57677902621724,95.88014981273409,29.05759162303665,23.509933774834437,29.934640522875817,67.3202614379085,22.736030828516377,81.96078431372548,91.30718954248366,14.981273408239701,,66.47940074906367,36.89138576779026,54.49438202247191,48.12734082397003,20
240369,Jean-Ricner Bellegarde,jean-ricner-bellegarde,152.0,"5' 7""",67.0,27.0,1998-06-27T07:00Z,Haiti,M,380,35,31,47,3,0,0,7,1,4,22,2,0,3,30,Wolves,#fdb913,#cd1937,https://a.espncdn.com/i/teamlogos/soccer/500/380.png,0.18181818181818182,0.09090909090909091,0.5,,3,73.91304347826086,95.0,23.850574712643677,91.52173913043478,77.82608695652173,68.10344827586206,86.7741935483871,77.25490196078432,96.9281045751634,24.759152215799617,95.55555555555556,88.56209150326796,28.043478260869563,,57.608695652173914,43.04347826086956,54.56521739130435,54.56521739130435,26
241012,Ismaïla Sarr,ismaila-sarr,168.0,"6' 1""",73.0,27.0,1998-02-25T08:00Z,Senegal,F,384,38,13,57,4,0,0,6,6,28,58,8,0,9,36,C Palace,#0202fb,#ffdd00,https://a.espncdn.com/i/teamlogos/soccer/500/384.png,0.4827586206896552,0.13793103448275862,0.2857142857142857,,4,82.25806451612904,91.12903225806451,85.90604026845638,98.11827956989248,59.40860215053764,65.1006711409396,41.48148148148148,94.64052287581698,95.03267973856208,85.9344894026975,98.30065359477123,62.22222222222222,16.129032258064512,,97.84946236559139,15.053763440860209,52.41935483870967,7.795698924731184,42
241077,Ben White,ben-white,168.0,"6' 1""",73.0,28.0,1997-10-08T07:00Z,England,D,359,17,10,5,2,0,0,2,2,2,9,0,0,8,13,Arsenal,#e20520,#132257,https://a.espncdn.com/i/teamlogos/soccer/500/359.png,0.2222222222222222,0.0,0.0,,2,35.0187265917603,88.57677902621724,42.40837696335078,51.12359550561798,56.92883895131086,29.05759162303665,23.509933774834437,29.934640522875817,78.82352941176471,32.080924855491325,47.97385620915033,56.666666666666664,53.18352059925094,,63.10861423220974,46.254681647940075,54.49438202247191,33.52059925093633,9
241093,Ethan Pinnock,ethan-pinnock,172.0,"6' 4""",76.0,32.0,1993-05-29T07:00Z,Jamaica,D,337,22,8,4,2,0,1,0,0,6,11,2,0,19,33,Brentford,#f42727,#f8ced9,https://a.espncdn.com/i/teamlogos/soccer/500/337.png,0.5454545454545454,0.18181818181818182,0.3333333333333333,,2,90.0749063670412,33.89513108614232,93.19371727748691,46.254681647940075,51.12359550561798,87.69633507853402,66.88741721854305,77.25490196078432,30.065359477124183,92.77456647398844,44.31372549019608,52.09150326797386,26.217228464419478,,87.26591760299625,46.254681647940075,54.49438202247191,78.08988764044943,8
241187,Jean-Philippe Mateta,jean-philippe-mateta,192.0,"6' 4""",76.0,28.0,1997-06-28T07:00Z,France,F,384,37,27,28,2,0,0,2,2,31,70,14,0,4,35,C Palace,#0202fb,#ffdd00,https://a.espncdn.com/i/teamlogos/soccer/500/384.png,0.44285714285714284,0.2,0.45161290322580644,,2,95.43010752688173,66.66666666666666,75.16778523489933,78.76344086021506,88.44086021505376,87.24832214765101,80.0,98.75816993464053,78.82352941176471,80.53949903660886,85.29411764705883,84.70588235294117,18.81720430107528,,89.24731182795699,34.67741935483872,52.41935483870967,30.91397849462365,26
241225,Santiago Bueno,santiago-bueno,168.0,"6' 3""",75.0,27.0,1998-11-09T08:00Z,Uruguay,D,380,29,26,5,2,0,0,0,1,3,6,0,0,21,31,Wolves,#fdb913,#cd1937,https://a.espncdn.com/i/teamlogos/soccer/500/380.png,0.5,0.0,0.0,,2,35.0187265917603,33.89513108614232,87.43455497382199,51.12359550561798,85.76779026217228,29.05759162303665,23.509933774834437,29.934640522875817,30.065359477124183,88.82466281310212,47.97385620915033,83.66013071895425,28.838951310861432,,89.70037453183521,46.254681647940075,54.49438202247191,48.12734082397003,0
241253,Ryan Yates,ryan-yates,192.0,"6' 3""",75.0,28.0,1997-11-21T08:00Z,England,M,393,35,51,49,10,0,0,1,4,9,33,2,0,10,28,Nottm Forest,#c8102e,#132257,https://a.espncdn.com/i/teamlogos/soccer/500/393.png,0.2727272727272727,0.06060606060606061,0.2222222222222222,,10,73.91304347826086,57.826086956521735,43.103448275862064,93.04347826086956,95.43478260869566,48.85057471264368,44.516129032258064,77.25490196078432,67.3202614379085,41.61849710982659,96.20915032679738,98.10457516339869,32.39130434782609,,88.47826086956522,3.9130434782608745,54.56521739130435,23.26086956521739,17
241325,George Hirst,george-hirst,183.0,"6' 3""",75.0,27.0,1999-02-15T08:00Z,Scotland,F,373,26,13,12,3,0,0,1,1,7,14,3,0,1,15,Ipswich,#0000fa,#cd1937,https://a.espncdn.com/i/teamlogos/soccer/500/373.png,0.5,0.21428571428571427,0.42857142857142855,,3,59.946236559139784,54.56989247311827,89.26174496644296,52.1505376344086,59.40860215053764,91.94630872483222,75.55555555555556,83.20261437908498,67.3202614379085,88.82466281310212,64.31372549019608,62.22222222222222,52.68817204301075,,64.51612903225806,22.311827956989248,52.41935483870967,48.655913978494624,4
241328,Ryan Sessegnon,ryan-sessegnon,152.0,"5' 10""",70.0,25.0,2000-05-18T07:00Z,England,M,370,16,19,4,1,0,0,2,0,8,14,4,0,1,10,Fulham,#ffffff,#d11317,https://a.espncdn.com/i/teamlogos/soccer/500/370.png,0.5714285714285714,0.2857142857142857,0.5,,1,86.73913043478261,70.86956521739131,93.96551724137932,36.08695652173913,63.69565217391304,98.5632183908046,86.7741935483871,86.9281045751634,78.82352941176471,93.64161849710982,44.31372549019608,73.26797385620914,58.04347826086956,,39.78260869565217,61.95652173913043,54.56521739130435,81.30434782608695,12
241429,Joe Gauci,joe-gauci,192.0,"6' 4""",76.0,25.0,2000-07-04T07:00Z,Australia,G,362,0,0,0,0,0,0,0,0,0,0,0,0,0,0,Aston Villa,#660e36,#ffffff,https://a.espncdn.com/i/teamlogos/soccer/500/362.png,,,,,0,50.609756097560975,47.5609756097561,,29.268292682926827,43.90243902439025,,,29.934640522875817,30.065359477124183,,14.117647058823529,15.42483660130719,77.4390243902439,,21.341463414634145,64.6341463414634,50.0,67.07317073170731,0
241468,Manuel Ugarte,manuel-ugarte,170.0,"6' 0""",72.0,24.0,2001-04-11T07:00Z,Uruguay,M,360,29,40,33,11,0,1,2,4,4,18,1,0,4,31,Man United,#da020e,#144992,https://a.espncdn.com/i/teamlogos/soccer/500/360.png,0.2222222222222222,0.05555555555555555,0.25,,11,60.652173913043484,70.86956521739131,33.33333333333333,83.91304347826087,86.08695652173914,45.97701149425287,51.29032258064517,66.60130718954248,78.82352941176471,32.080924855491325,89.41176470588236,94.24836601307189,25.65217391304347,,63.69565217391304,1.7391304347826093,54.56521739130435,23.26086956521739,9
241627,Edson Álvarez,edson-alvarez,161.0,"6' 2""",74.0,28.0,1997-10-24T07:00Z,Mexico,M,371,28,41,18,8,1,0,1,7,1,13,0,0,8,31,West Ham,#7c2c3b,#000000,https://a.espncdn.com/i/teamlogos/soccer/500/371.png,0.07692307692307693,0.0,0.0,,10,26.304347826086953,57.826086956521735,12.643678160919542,64.56521739130436,87.17391304347825,18.67816091954023,14.838709677419354,29.934640522875817,67.3202614379085,15.31791907514451,73.66013071895425,94.70588235294117,25.65217391304347,,81.73913043478261,11.521739130434781,5.0,6.956521739130437,12
242705,Konstantinos Mavropanos,konstantinos-mavropanos,205.0,"6' 4""",76.0,28.0,1997-12-11T08:00Z,Greece,D,371,33,16,16,5,1,0,0,4,5,17,0,0,17,38,West Ham,#7c2c3b,#000000,https://a.espncdn.com/i/teamlogos/soccer/500/371.png,0.29411764705882354,0.0,0.0,,7,35.0187265917603,33.89513108614232,57.85340314136126,79.02621722846442,67.97752808988764,29.05759162303665,23.509933774834437,29.934640522875817,30.065359477124183,47.88053949903661,70.84967320261438,67.45098039215686,20.411985018726597,,84.08239700374533,18.16479400749064,4.86891385767791,15.730337078651687,5
243334,Nathan Broadhead,nathan-broadhead,161.0,"5' 10""",70.0,27.0,1998-04-05T08:00Z,Wales,F,373,18,4,13,1,0,0,0,0,6,11,2,0,1,12,Ipswich,#0000fa,#cd1937,https://a.espncdn.com/i/teamlogos/soccer/500/373.png,0.5454545454545454,0.18181818181818182,0.3333333333333333,,1,53.494623655913976,23.387096774193548,93.95973154362416,54.3010752688172,35.752688172043015,81.54362416107382,51.48148148148148,77.25490196078432,30.065359477124183,92.77456647398844,66.33986928104575,41.96078431372549,55.913978494623656,,64.51612903225806,52.41935483870967,52.41935483870967,78.49462365591398,6
243364,Marcus Tavernier,marcus-tavernier,152.0,"5' 10""",70.0,26.0,1999-03-22T08:00Z,England,M,349,29,33,28,6,0,0,5,4,16,58,3,0,3,29,Bournemouth,#f42727,#ffffff,https://a.espncdn.com/i/teamlogos/soccer/500/349.png,0.27586206896551724,0.05172413793103448,0.1875,,6,81.52173913043478,90.65217391304347,43.67816091954023,79.56521739130434,80.0,42.5287356321839,38.70967741935484,83.20261437908498,93.0718954248366,42.29287090558767,85.29411764705883,90.06535947712419,30.217391304347828,,57.608695652173914,20.652173913043484,54.56521739130435,23.26086956521739,40
243386,Harvey Barnes,harvey-barnes,146.0,"5' 9""",69.0,28.0,1997-12-09T08:00Z,England,M,361,33,15,22,0,0,0,4,3,20,62,9,0,2,21,Newcastle,#000000,#cd1937,https://a.espncdn.com/i/teamlogos/soccer/500/361.png,0.3225806451612903,0.14516129032258066,0.45,,0,98.26086956521739,87.60869565217392,62.356321839080465,70.21739130434783,53.2608695652174,86.20689655172413,81.29032258064515,95.88235294117648,90.45751633986929,54.43159922928709,78.75816993464052,65.09803921568627,44.99999999999999,,50.21739130434783,83.47826086956522,54.56521739130435,30.434782608695656,26
243396,Morgan Gibbs-White,morgan-gibbs-white,146.0,"5' 7""",67.0,25.0,2000-01-27T08:00Z,England,M,393,34,38,40,10,1,0,8,7,19,61,7,0,5,34,Nottm Forest,#c8102e,#132257,https://a.espncdn.com/i/teamlogos/soccer/500/393.png,0.3114754098360656,0.11475409836065574,0.3684210526315789,,12,95.0,97.60869565217392,57.47126436781609,89.56521739130436,84.78260869565217,77.01149425287356,70.96774193548387,93.33333333333333,98.16993464052287,51.92678227360308,93.0718954248366,93.59477124183006,20.652173913043484,,68.04347826086956,3.9130434782608745,5.0,6.956521739130437,49
243400,Gabriel Osho,gabriel-osho,152.0,"6' 1""",73.0,27.0,1998-08-14T07:00Z,Nigeria,D,301,21,23,15,3,0,0,0,1,2,11,2,0,20,47,Luton,#ff4f00,#1D428A,https://a.espncdn.com/i/teamlogos/soccer/500/301.png,0.18181818181818182,0.18181818181818182,1.0,,3,90.0749063670412,33.89513108614232,34.81675392670157,76.77902621722846,81.46067415730337,87.69633507853402,94.03973509933775,77.25490196078432,30.065359477124183,24.759152215799617,69.34640522875817,79.15032679738562,8.239700374531836,,88.76404494382022,36.89138576779026,54.49438202247191,48.12734082397003,0
243408,Jayden Bogle,jayden-bogle,150.0,"5' 10""",70.0,25.0,2000-07-27T07:00Z,England,D,398,34,37,22,9,0,1,0,2,12,31,3,0,12,74,Sheffield Utd,#f42727,#1D428A,https://a.espncdn.com/i/teamlogos/soccer/500/398.png,0.3870967741935484,0.0967741935483871,0.25,,9,96.06741573033707,33.89513108614232,74.86910994764398,87.07865168539325,97.94007490636703,73.29842931937172,58.27814569536424,83.20261437908498,30.065359477124183,69.55684007707129,78.75816993464052,93.13725490196079,1.68539325842697,,75.28089887640449,3.183520599250926,54.49438202247191,33.52059925093633,0
243440,Dara O'Shea,dara-oshea,163.0,"6' 2""",74.0,26.0,1999-03-04T08:00Z,Republic of Ireland,D,373,68,57,41,11,1,1,6,12,8,43,3,0,82,143,Ipswich,#0000fa,#cd1937,https://a.espncdn.com/i/teamlogos/soccer/500/373.png,0.18604651162790697,0.06976744186046512,0.375,,13,96.06741573033707,98.87640449438202,36.12565445026178,97.00374531835206,100.0,65.44502617801047,70.19867549668875,83.20261437908498,95.03267973856208,25.626204238921,93.33333333333333,98.69281045751634,0.0,,100.0,0.18726591760299982,4.86891385767791,0.0,3
243725,Max Aarons,max-aarons,150.0,"5' 10""",70.0,25.0,2000-01-04T08:00Z,England,D,349,3,0,2,0,0,0,0,0,0,0,0,0,1,0,Bournemouth,#f42727,#ffffff,https://a.espncdn.com/i/teamlogos/soccer/500/349.png,,,,,0,35.0187265917603,33.89513108614232,,36.70411985018727,12.734082397003746,,,29.934640522875817,30.065359477124183,,36.470588235294116,15.42483660130719,89.32584269662921,,32.20973782771536,84.45692883895131,54.49438202247191,78.08988764044943,0
243787,Lloyd Kelly,lloyd-kelly,152.0,"6' 2""",74.0,27.0,1998-10-06T07:00Z,England,D,361,10,5,5,2,0,0,1,0,0,3,0,0,4,5,Newcastle,#000000,#cd1937,https://a.espncdn.com/i/teamlogos/soccer/500/361.png,0.0,0.0,,,2,35.0187265917603,76.02996254681648,10.732984293193718,51.12359550561798,39.325842696629216,29.05759162303665,,29.934640522875817,67.3202614379085,7.321772639691715,47.97385620915033,43.72549019607843,66.85393258426967,,46.62921348314607,46.254681647940075,54.49438202247191,78.08988764044943,2
245857,Anel Ahmedhodzic,anel-ahmedhodzic,183.0,"6' 3""",75.0,26.0,1999-03-26T08:00Z,Bosnia and Herzegovina,D,398,31,33,13,10,1,0,0,2,5,19,2,0,26,83,Sheffield Utd,#f42727,#1D428A,https://a.espncdn.com/i/teamlogos/soccer/500/398.png,0.2631578947368421,0.10526315789473684,0.4,,12,90.0749063670412,33.89513108614232,50.26178010471204,73.78277153558052,94.3820224719101,75.6544502617801,72.84768211920529,77.25490196078432,30.065359477124183,40.655105973025044,66.33986928104575,90.06535947712419,0.37453183520599964,,94.19475655430712,1.3108614232209703,4.86891385767791,33.52059925093633,0
245916,Justin Kluivert,justin-kluivert,148.0,"5' 7""",67.0,26.0,1999-05-05T07:00Z,Netherlands,F,349,34,45,33,8,0,0,6,7,28,61,12,0,0,30,Bournemouth,#f42727,#ffffff,https://a.espncdn.com/i/teamlogos/soccer/500/349.png,0.45901639344262296,0.19672131147540983,0.42857142857142855,,8,93.01075268817203,91.12903225806451,83.89261744966443,85.48387096774194,97.84946236559139,85.90604026845638,75.55555555555556,98.16993464052287,95.03267973856208,84.20038535645472,89.41176470588236,96.20915032679738,22.58064516129032,,28.49462365591398,2.1505376344086073,52.41935483870967,4.3010752688172005,40
246943,William Smallbone,william-smallbone,157.0,"6' 0""",72.0,25.0,2000-02-21T08:00Z,Republic of Ireland,M,376,18,11,3,1,0,0,0,2,1,7,1,0,0,22,Southampton,#ED1A3B,#f1ee13,https://a.espncdn.com/i/teamlogos/soccer/500/376.png,0.14285714285714285,0.14285714285714285,1.0,,1,60.652173913043484,25.43478260869565,19.25287356321839,33.47826086956522,46.73913043478261,84.77011494252874,98.70967741935483,66.60130718954248,30.065359477124183,20.134874759152215,40.849673202614376,58.56209150326798,43.47826086956522,,16.956521739130434,61.95652173913043,54.56521739130435,40.21739130434783,0
249172,Mads Roerslev,mads-roerslev,170.0,"6' 0""",72.0,26.0,1999-06-24T07:00Z,Denmark,D,337,18,5,8,2,0,0,2,2,2,4,0,0,5,18,Brentford,#f42727,#f8ced9,https://a.espncdn.com/i/teamlogos/soccer/500/337.png,0.5,0.0,0.0,,2,35.0187265917603,88.57677902621724,87.43455497382199,61.61048689138576,39.325842696629216,29.05759162303665,23.509933774834437,29.934640522875817,78.82352941176471,88.82466281310212,55.62091503267974,43.72549019607843,45.88014981273408,,50.936329588014985,46.254681647940075,54.49438202247191,33.52059925093633,14
249299,Alexis Mac Allister,alexis-mac-allister,150.0,"5' 9""",69.0,26.0,1998-12-24T08:00Z,Argentina,M,364,35,61,40,6,0,0,5,5,13,36,5,0,6,24,Liverpool,#d11317,#132257,https://a.espncdn.com/i/teamlogos/soccer/500/364.png,0.3611111111111111,0.1388888888888889,0.38461538461538464,,6,90.65217391304347,90.65217391304347,72.98850574712644,89.56521739130436,97.3913043478261,83.33333333333334,73.22580645161291,89.54248366013073,93.0718954248366,63.68015414258189,93.0718954248366,98.95424836601308,40.869565217391305,,72.3913043478261,20.652173913043484,54.56521739130435,16.304347826086953,44
249524,Cody Gakpo,cody-gakpo,168.0,"6' 4""",76.0,26.0,1999-05-07T07:00Z,Netherlands,F,364,35,20,31,5,0,0,4,2,22,56,10,0,4,23,Liverpool,#d11317,#132257,https://a.espncdn.com/i/teamlogos/soccer/500/364.png,0.39285714285714285,0.17857142857142858,0.45454545454545453,,5,88.70967741935483,82.52688172043011,57.04697986577181,82.25806451612904,74.73118279569893,80.53691275167785,81.11111111111111,96.9281045751634,90.45751633986929,70.8092485549133,87.6470588235294,74.9673202614379,37.903225806451616,,89.24731182795699,8.602150537634415,52.41935483870967,30.91397849462365,33
250183,Conor Bradley,conor-bradley,139.0,"5' 11""",71.0,22.0,2003-07-09T07:00Z,Northern Ireland,D,364,19,12,14,4,0,0,2,2,3,10,0,0,3,10,Liverpool,#d11317,#132257,https://a.espncdn.com/i/teamlogos/soccer/500/364.png,0.3,0.0,0.0,,4,35.0187265917603,88.57677902621724,59.424083769633505,75.65543071161048,61.79775280898876,29.05759162303665,23.509933774834437,29.934640522875817,78.82352941176471,49.51830443159923,68.16993464052288,60.588235294117645,58.052434456928836,,41.19850187265918,28.277153558052433,54.49438202247191,33.52059925093633,6
250543,Kevin Danso,kevin-danso,185.0,"6' 3""",75.0,27.0,1998-09-19T07:00Z,Austria,D,367,10,9,13,0,0,0,0,0,3,7,0,0,12,17,Spurs,#ffffff,#9bafd8,https://a.espncdn.com/i/teamlogos/soccer/500/367.png,0.42857142857142855,0.0,0.0,,0,35.0187265917603,33.89513108614232,79.31937172774869,73.78277153558052,54.30711610486891,29.05759162303665,23.509933774834437,29.934640522875817,30.065359477124183,77.9383429672447,66.33986928104575,54.70588235294118,47.75280898876404,,75.28089887640449,84.45692883895131,54.49438202247191,78.08988764044943,2
250787,Phil Foden,phil-foden,139.0,"5' 7""",67.0,25.0,2000-05-28T07:00Z,England,M,382,28,5,34,2,0,0,2,4,15,53,7,0,1,24,Man City,#99c5ea,#e6ff00,https://a.espncdn.com/i/teamlogos/soccer/500/382.png,0.2830188679245283,0.1320754716981132,0.4666666666666667,,2,95.0,70.86956521739131,46.55172413793103,84.34782608695653,34.56521739130435,81.60919540229885,82.58064516129032,93.33333333333333,78.82352941176471,43.93063583815029,90.06535947712419,43.72549019607843,40.869565217391305,,39.78260869565217,52.17391304347826,54.56521739130435,23.26086956521739,41
250936,Boubacar Kamara,boubacar-kamara,150.0,"6' 0""",72.0,26.0,1999-11-23T08:00Z,France,M,362,26,29,35,2,0,0,0,0,3,10,1,0,7,23,Aston Villa,#660e36,#ffffff,https://a.espncdn.com/i/teamlogos/soccer/500/362.png,0.3,0.1,0.3333333333333333,,2,60.652173913043484,25.43478260869565,52.87356321839081,85.86956521739131,75.0,72.70114942528735,65.16129032258064,66.60130718954248,30.065359477124183,49.51830443159923,90.7843137254902,86.9281045751634,42.173913043478265,,77.6086956521739,52.17391304347826,54.56521739130435,81.30434782608695,10
250945,Aaron Wan-Bissaka,aaron-wan-bissaka,159.0,"6' 0""",72.0,28.0,1997-11-26T08:00Z,England,D,371,36,25,27,1,0,1,5,4,6,17,2,0,11,56,West Ham,#7c2c3b,#000000,https://a.espncdn.com/i/teamlogos/soccer/500/371.png,0.35294117647058826,0.11764705882352941,0.3333333333333333,,1,90.0749063670412,97.56554307116106,70.15706806282722,89.51310861423221,84.26966292134831,79.31937172774869,66.88741721854305,77.25490196078432,93.0718954248366,62.71676300578035,83.8562091503268,82.35294117647058,5.430711610486895,,73.03370786516854,60.48689138576779,54.49438202247191,15.730337078651687,32
251100,Pau Torres,pau-torres,174.0,"6' 3""",75.0,28.0,1997-01-16T08:00Z,Spain,D,362,24,8,7,2,0,0,0,4,1,8,0,0,10,33,Aston Villa,#660e36,#ffffff,https://a.espncdn.com/i/teamlogos/soccer/500/362.png,0.125,0.0,0.0,,2,35.0187265917603,33.89513108614232,25.392670157068064,59.36329588014981,51.12359550561798,29.05759162303665,23.509933774834437,29.934640522875817,30.065359477124183,18.59344894026975,53.59477124183007,52.09150326797386,26.217228464419478,,69.85018726591761,46.254681647940075,54.49438202247191,15.730337078651687,2
251399,Ryan Manning,ryan-manning,146.0,"5' 8""",68.0,29.0,1996-06-14T07:00Z,Republic of Ireland,D,376,24,17,32,2,0,0,1,6,0,8,0,0,11,35,Southampton,#ED1A3B,#f1ee13,https://a.espncdn.com/i/teamlogos/soccer/500/376.png,0.0,0.0,,,2,35.0187265917603,76.02996254681648,10.732984293193718,93.44569288389512,70.59925093632958,29.05759162303665,,29.934640522875817,67.3202614379085,7.321772639691715,88.56209150326796,69.73856209150327,23.970037453183522,,73.03370786516854,46.254681647940075,54.49438202247191,6.741573033707866,34
251400,Eberechi Eze,eberechi-eze,161.0,"5' 10""",70.0,27.0,1998-06-29T07:00Z,England,M,384,34,13,51,1,0,0,8,17,24,98,8,0,1,32,C Palace,#0202fb,#ffdd00,https://a.espncdn.com/i/teamlogos/soccer/500/384.png,0.24489795918367346,0.08163265306122448,0.3333333333333333,,1,96.73913043478261,97.60869565217392,37.35632183908046,94.34782608695652,49.78260869565217,62.06896551724138,65.16129032258064,94.64052287581698,98.16993464052287,35.16377649325626,97.05882352941177,62.22222222222222,23.695652173913047,,39.78260869565217,61.95652173913043,54.56521739130435,0.0,52
251634,Ibrahima Konaté,ibrahima-konate,207.0,"6' 4""",76.0,26.0,1999-05-25T07:00Z,France,D,364,31,27,20,5,0,0,2,3,3,19,1,0,16,27,Liverpool,#d11317,#132257,https://a.espncdn.com/i/teamlogos/soccer/500/364.png,0.15789473684210525,0.05263157894736842,0.3333333333333333,,5,77.71535580524345,88.57677902621724,29.31937172774869,84.45692883895131,87.64044943820225,61.25654450261781,66.88741721854305,66.60130718954248,78.82352941176471,21.19460500963391,76.6013071895425,84.70588235294117,32.77153558052434,,82.77153558052434,18.16479400749064,54.49438202247191,23.220973782771537,10
251658,Sean Longstaff,sean-longstaff,141.0,"5' 11""",71.0,28.0,1997-10-30T08:00Z,England,M,361,25,9,6,2,0,0,0,1,1,6,0,0,5,10,Newcastle,#000000,#cd1937,https://a.espncdn.com/i/teamlogos/soccer/500/361.png,0.16666666666666666,0.0,0.0,,2,26.304347826086953,25.43478260869565,21.839080459770116,40.65217391304348,44.130434782608695,18.67816091954023,14.838709677419354,29.934640522875817,30.065359477124183,22.736030828516377,51.045751633986924,54.70588235294118,58.04347826086956,,68.04347826086956,52.17391304347826,54.56521739130435,54.56521739130435,4
251701,Ben Brereton Díaz,ben-brereton-diaz,174.0,"6' 1""",73.0,26.0,1999-04-18T07:00Z,Chile,F,398,24,15,27,4,0,0,1,1,18,47,6,0,4,45,Sheffield Utd,#f42727,#1D428A,https://a.espncdn.com/i/teamlogos/soccer/500/398.png,0.3829787234042553,0.1276595744680851,0.3333333333333333,,4,74.73118279569893,54.56989247311827,51.67785234899329,76.61290322580645,64.24731182795699,59.73154362416108,51.48148148148148,91.63398692810458,67.3202614379085,68.40077071290945,83.8562091503268,65.09803921568627,6.451612903225808,,89.24731182795699,15.053763440860209,52.41935483870967,48.655913978494624,0
251936,Ross Stewart,ross-stewart,185.0,"6' 2""",74.0,29.0,1996-07-11T07:00Z,Scotland,F,376,12,7,7,1,0,0,0,0,2,8,1,0,0,9,Southampton,#ED1A3B,#f1ee13,https://a.espncdn.com/i/teamlogos/soccer/500/376.png,0.25,0.125,0.5,,1,43.81720430107527,23.387096774193548,22.14765100671141,41.66666666666667,42.204301075268816,57.38255033557047,87.77777777777777,66.60130718954248,30.065359477124183,37.47591522157997,53.59477124183007,49.411764705882355,59.67741935483871,,28.49462365591398,52.41935483870967,52.41935483870967,78.49462365591398,0
252031,Jorge Cuenca,jorge-cuenca,163.0,"6' 3""",75.0,26.0,1999-11-17T08:00Z,Spain,D,370,8,2,2,0,0,0,0,0,0,1,0,0,3,8,Fulham,#ffffff,#d11317,https://a.espncdn.com/i/teamlogos/soccer/500/370.png,0.0,0.0,,,0,35.0187265917603,33.89513108614232,10.732984293193718,36.70411985018727,30.711610486891384,29.05759162303665,,29.934640522875817,30.065359477124183,7.321772639691715,36.470588235294116,36.60130718954248,61.79775280898877,,41.19850187265918,84.45692883895131,54.49438202247191,78.08988764044943,0
252389,Kiernan Dewsbury-Hall,kiernan-dewsbury-hall,174.0,"5' 10""",70.0,27.0,1998-09-06T07:00Z,England,M,363,13,3,6,0,0,0,1,1,0,1,0,0,0,3,Chelsea,#144992,#ffeeee,https://a.espncdn.com/i/teamlogos/soccer/500/363.png,0.0,0.0,,,0,26.304347826086953,57.826086956521735,5.747126436781609,40.65217391304348,31.956521739130434,18.67816091954023,,29.934640522875817,67.3202614379085,7.321772639691715,51.045751633986924,39.869281045751634,70.0,,16.956521739130434,83.47826086956522,54.56521739130435,54.56521739130435,3
252521,Hannes Delcroix,hannes-delcroix,172.0,"6' 1""",73.0,26.0,1999-02-28T08:00Z,Haiti,D,379,12,6,0,2,0,0,0,1,2,4,0,0,3,25,Burnley,#6C1D45,#1a1a1a,https://a.espncdn.com/i/teamlogos/soccer/500/379.png,0.5,0.0,0.0,,2,35.0187265917603,33.89513108614232,87.43455497382199,13.48314606741573,43.82022471910113,29.05759162303665,23.509933774834437,29.934640522875817,30.065359477124183,88.82466281310212,14.117647058823529,46.470588235294116,36.142322097378276,,41.19850187265918,46.254681647940075,54.49438202247191,48.12734082397003,0
252576,Carlos Vinícius,carlos-vinicius,190.0,"6' 3""",75.0,30.0,1995-03-25T08:00Z,Brazil,F,370,3,0,2,0,0,0,0,0,1,1,0,0,0,1,Fulham,#ffffff,#d11317,https://a.espncdn.com/i/teamlogos/soccer/500/370.png,1.0,0.0,0.0,,0,18.817204301075268,23.387096774193548,98.65771812080537,29.03225806451613,11.827956989247312,11.073825503355705,7.037037037037037,29.934640522875817,30.065359477124183,97.88053949903662,36.470588235294116,15.42483660130719,78.2258064516129,,28.49462365591398,80.64516129032258,52.41935483870967,78.49462365591398,0
252747,Jørgen Strand Larsen,jørgen-strand-larsen,172.0,"6' 4""",76.0,25.0,2000-02-06T08:00Z,Norway,F,380,35,43,19,4,0,0,4,2,32,56,14,0,4,50,Wolves,#fdb913,#cd1937,https://a.espncdn.com/i/teamlogos/soccer/500/380.png,0.5714285714285714,0.25,0.4375,,4,95.43010752688173,82.52688172043011,94.96644295302013,64.78494623655914,96.7741935483871,96.97986577181209,77.77777777777779,98.75816993464053,90.45751633986929,93.64161849710982,75.16339869281046,95.35947712418302,4.3010752688172005,,89.24731182795699,15.053763440860209,52.41935483870967,30.91397849462365,20
253958,Tom Davies,tom-davies,152.0,"5' 11""",71.0,27.0,1998-06-30T07:00Z,England,M,398,9,6,2,2,0,0,0,2,1,4,0,0,1,10,Sheffield Utd,#f42727,#1D428A,https://a.espncdn.com/i/teamlogos/soccer/500/398.png,0.25,0.0,0.0,,2,26.304347826086953,25.43478260869565,39.94252873563218,30.0,36.73913043478261,18.67816091954023,14.838709677419354,29.934640522875817,30.065359477124183,37.47591522157997,36.470588235294116,46.470588235294116,58.04347826086956,,39.78260869565217,52.17391304347826,54.56521739130435,40.21739130434783,0
253989,Erling Haaland,erling-haaland,192.0,"6' 5""",77.0,25.0,2000-07-21T07:00Z,Norway,F,382,31,23,13,2,0,0,3,2,57,109,22,0,2,36,Man City,#99c5ea,#e6ff00,https://a.espncdn.com/i/teamlogos/soccer/500/382.png,0.5229357798165137,0.2018348623853211,0.38596491228070173,,2,98.9247311827957,75.0,92.61744966442953,54.3010752688172,79.56989247311827,88.59060402684564,65.18518518518519,99.73856209150327,85.88235294117646,91.90751445086705,66.33986928104575,79.15032679738562,16.129032258064512,,77.15053763440861,34.67741935483872,52.41935483870967,30.91397849462365,29
254118,Nicolás Domínguez,nicolas-dominguez,161.0,"5' 10""",70.0,27.0,1998-06-28T07:00Z,Argentina,M,393,34,33,18,9,0,0,1,5,9,21,0,0,12,27,Nottm Forest,#c8102e,#132257,https://a.espncdn.com/i/teamlogos/soccer/500/393.png,0.42857142857142855,0.0,0.0,,9,26.304347826086953,57.826086956521735,84.48275862068965,64.56521739130436,80.0,18.67816091954023,14.838709677419354,29.934640522875817,67.3202614379085,77.9383429672447,73.66013071895425,90.06535947712419,34.565217391304344,,94.1304347826087,7.173913043478265,54.56521739130435,16.304347826086953,13
255765,Rhian Brewster,rhian-brewster,163.0,"5' 11""",71.0,25.0,2000-04-01T08:00Z,England,F,398,13,4,5,0,1,0,0,0,1,5,0,0,0,8,Sheffield Utd,#f42727,#1D428A,https://a.espncdn.com/i/teamlogos/soccer/500/398.png,0.2,0.0,0.0,,2,18.817204301075268,23.387096774193548,15.436241610738255,37.634408602150536,35.752688172043015,11.073825503355705,7.037037037037037,29.934640522875817,30.065359477124183,28.227360308285164,47.97385620915033,41.96078431372549,61.29032258064516,,28.49462365591398,80.64516129032258,2.9569892473118244,78.49462365591398,0
255850,Scott McTominay,scott-mctominay,192.0,"6' 4""",76.0,29.0,1996-12-08T08:00Z,Scotland,M,360,2,0,0,0,0,0,0,0,0,0,0,0,0,1,Man United,#da020e,#144992,https://a.espncdn.com/i/teamlogos/soccer/500/360.png,,,,,0,26.304347826086953,25.43478260869565,,11.956521739130435,11.956521739130435,,,29.934640522875817,30.065359477124183,,14.117647058823529,15.42483660130719,76.52173913043478,,16.956521739130434,83.47826086956522,54.56521739130435,81.30434782608695,0
255916,Flynn Downes,flynn-downes,152.0,"5' 8""",68.0,27.0,1999-01-20T08:00Z,England,M,376,27,48,39,12,0,0,0,1,2,8,1,0,6,49,Southampton,#ED1A3B,#f1ee13,https://a.espncdn.com/i/teamlogos/soccer/500/376.png,0.25,0.125,0.5,,12,60.652173913043484,25.43478260869565,39.94252873563218,88.47826086956522,93.91304347826087,79.59770114942529,86.7741935483871,66.60130718954248,30.065359477124183,37.47591522157997,92.54901960784314,97.45098039215686,6.0869565217391255,,72.3913043478261,0.6521739130434696,54.56521739130435,54.56521739130435,14
256115,Pedro Neto,pedro-neto,137.0,"5' 9""",69.0,25.0,2000-03-09T08:00Z,Portugal,F,363,35,21,33,8,0,0,6,1,16,57,4,0,2,26,Chelsea,#144992,#ffeeee,https://a.espncdn.com/i/teamlogos/soccer/500/363.png,0.2807017543859649,0.07017543859649122,0.25,,8,65.86021505376344,91.12903225806451,29.53020134228188,85.48387096774194,76.61290322580645,34.22818791946309,32.22222222222222,86.9281045751634,95.03267973856208,43.54527938342967,89.41176470588236,76.1437908496732,29.3010752688172,,77.15053763440861,2.1505376344086073,52.41935483870967,48.655913978494624,45
256966,Daiki Hashioka,daiki-hashioka,161.0,"6' 0""",72.0,26.0,1999-05-17T07:00Z,Japan,D,301,10,10,6,0,0,2,0,0,2,3,0,0,7,18,Luton,#ff4f00,#1D428A,https://a.espncdn.com/i/teamlogos/soccer/500/301.png,0.6666666666666666,0.0,0.0,,0,35.0187265917603,33.89513108614232,95.81151832460732,55.80524344569289,56.92883895131086,29.05759162303665,23.509933774834437,29.934640522875817,30.065359477124183,95.27938342967245,51.045751633986924,56.666666666666664,45.88014981273408,,59.176029962546814,84.45692883895131,54.49438202247191,78.08988764044943,0
257039,Vinicius Souza,vinicius-souza,174.0,"6' 2""",74.0,26.0,1999-06-17T07:00Z,Brazil,M,398,36,45,14,3,0,0,0,3,6,13,1,0,18,75,Sheffield Utd,#f42727,#1D428A,https://a.espncdn.com/i/teamlogos/soccer/500/398.png,0.46153846153846156,0.07692307692307693,0.16666666666666666,,3,60.652173913043484,25.43478260869565,89.08045977011494,57.826086956521735,90.8695652173913,60.05747126436781,36.12903225806451,66.60130718954248,30.065359477124183,84.48940269749518,68.16993464052288,96.20915032679738,0.8695652173912976,,97.60869565217392,43.04347826086956,54.56521739130435,30.434782608695656,0
257058,Hamed Traoré,hamed-traore,170.0,"6' 0""",72.0,25.0,2000-02-16T08:00Z,Ivory Coast,M,349,0,0,0,0,0,0,0,0,0,0,0,0,0,0,Bournemouth,#f42727,#ffffff,https://a.espncdn.com/i/teamlogos/soccer/500/349.png,,,,,0,26.304347826086953,25.43478260869565,,11.956521739130435,11.956521739130435,,,29.934640522875817,30.065359477124183,,14.117647058823529,15.42483660130719,89.13043478260869,,16.956521739130434,83.47826086956522,54.56521739130435,81.30434782608695,0
257206,Dominik Szoboszlai,dominik-szoboszlai,161.0,"6' 1""",73.0,25.0,2000-10-25T07:00Z,Hungary,M,364,36,43,24,6,0,0,7,2,21,67,6,0,4,28,Liverpool,#d11317,#132257,https://a.espncdn.com/i/teamlogos/soccer/500/364.png,0.31343283582089554,0.08955223880597014,0.2857142857142857,,6,93.04347826086956,95.0,59.77011494252874,72.60869565217392,89.13043478260869,66.66666666666666,58.06451612903226,91.63398692810458,96.9281045751634,52.79383429672448,81.04575163398692,95.35947712418302,32.39130434782609,,63.69565217391304,20.652173913043484,54.56521739130435,40.21739130434783,56
257390,Luis Díaz,luis-diaz,141.0,"5' 10""",70.0,29.0,1997-01-13T08:00Z,Colombia,F,364,36,47,32,2,0,0,5,2,29,69,13,0,0,20,Liverpool,#d11317,#132257,https://a.espncdn.com/i/teamlogos/soccer/500/364.png,0.42028985507246375,0.18840579710144928,0.4482758620689655,,2,94.35483870967742,87.09677419354838,69.12751677852349,83.60215053763442,98.38709677419355,83.89261744966443,79.25925925925927,98.4967320261438,93.0718954248366,77.07129094412332,88.56209150326796,97.12418300653594,42.74193548387096,,28.49462365591398,34.67741935483872,52.41935483870967,30.91397849462365,53
258491,Frank Onyeka,frank-onyeka,152.0,"6' 0""",72.0,28.0,1998-01-01T08:00Z,Nigeria,M,337,2,2,0,0,0,0,0,0,0,0,0,0,0,0,Brentford,#f42727,#f8ced9,https://a.espncdn.com/i/teamlogos/soccer/500/337.png,,,,,0,26.304347826086953,25.43478260869565,,11.956521739130435,28.913043478260867,,,29.934640522875817,30.065359477124183,,14.117647058823529,36.60130718954248,89.13043478260869,,16.956521739130434,83.47826086956522,54.56521739130435,81.30434782608695,0
259481,Donyell Malen,donyell-malen,150.0,"5' 9""",69.0,27.0,1999-01-19T08:00Z,Netherlands,F,362,14,1,5,0,0,0,0,1,9,15,3,0,0,6,Aston Villa,#660e36,#ffffff,https://a.espncdn.com/i/teamlogos/soccer/500/362.png,0.6,0.2,0.3333333333333333,,0,59.946236559139784,23.387096774193548,96.30872483221476,37.634408602150536,25.537634408602152,87.24832214765101,51.48148148148148,83.20261437908498,30.065359477124183,94.60500963391137,47.97385620915033,32.745098039215684,63.17204301075269,,28.49462365591398,80.64516129032258,52.41935483870967,48.655913978494624,3
259486,Eddie Nketiah,eddie-nketiah,159.0,"5' 9""",69.0,26.0,1999-05-30T07:00Z,England,F,384,29,25,29,5,1,0,1,0,16,41,3,0,1,16,C Palace,#0202fb,#ffdd00,https://a.espncdn.com/i/teamlogos/soccer/500/384.png,0.3902439024390244,0.07317073170731707,0.1875,,7,59.946236559139784,54.56989247311827,56.04026845637584,80.91397849462365,85.21505376344086,36.241610738255034,21.11111111111111,83.20261437908498,67.3202614379085,70.42389210019267,86.47058823529412,82.35294117647058,50.806451612903224,,64.51612903225806,8.602150537634415,2.9569892473118244,78.49462365591398,12
259497,Boubakary Soumaré,boubakary-soumare,152.0,"6' 2""",74.0,26.0,1999-02-27T08:00Z,France,M,375,31,24,23,8,0,0,0,3,0,7,0,0,10,50,Leicester,#0202fb,#000000,https://a.espncdn.com/i/teamlogos/soccer/500/375.png,0.0,0.0,,,8,26.304347826086953,25.43478260869565,5.747126436781609,71.08695652173913,70.86956521739131,18.67816091954023,,29.934640522875817,30.065359477124183,7.321772639691715,79.86928104575163,80.84967320261438,5.434782608695656,,88.47826086956522,11.521739130434781,54.56521739130435,30.434782608695656,11
259517,Joe Willock,joe-willock,157.0,"5' 10""",70.0,26.0,1999-08-20T07:00Z,England,M,361,32,20,13,4,0,0,2,2,3,18,0,0,6,16,Newcastle,#000000,#cd1937,https://a.espncdn.com/i/teamlogos/soccer/500/361.png,0.16666666666666666,0.0,0.0,,4,26.304347826086953,70.86956521739131,21.839080459770116,55.869565217391305,65.65217391304347,18.67816091954023,14.838709677419354,29.934640522875817,78.82352941176471,22.736030828516377,66.33986928104575,74.9673202614379,51.08695652173913,,72.3913043478261,33.04347826086956,54.56521739130435,40.21739130434783,20
259836,Jadon Sancho,jadon-sancho,168.0,"5' 11""",71.0,25.0,2000-03-25T08:00Z,England,F,363,31,6,11,2,0,0,4,1,8,26,3,0,0,24,Chelsea,#144992,#ffeeee,https://a.espncdn.com/i/teamlogos/soccer/500/363.png,0.3076923076923077,0.11538461538461539,0.375,,2,59.946236559139784,82.52688172043011,34.899328859060404,49.46236559139785,39.247311827956985,53.691275167785236,61.85185185185185,83.20261437908498,90.45751633986929,51.15606936416185,62.35294117647059,46.470588235294116,34.40860215053763,,28.49462365591398,34.67741935483872,52.41935483870967,48.655913978494624,36
259838,Arijanet Muric,arijanet-muric,179.0,"6' 6""",78.0,27.0,1998-11-07T08:00Z,Kosovo,G,373,28,0,7,1,0,1,0,8,1,1,0,398,134,48,Ipswich,#0000fa,#cd1937,https://a.espncdn.com/i/teamlogos/soccer/500/373.png,1.0,0.0,0.0,0.7362637362637363,1,50.609756097560975,47.5609756097561,80.0,94.51219512195121,43.90243902439025,60.0,66.66666666666666,29.934640522875817,30.065359477124183,97.88053949903662,53.59477124183007,15.42483660130719,10.36585365853658,81.25,96.34146341463415,25.609756097560975,50.0,4.878048780487802,0
259863,Tyrell Malacia,tyrell-malacia,148.0,"5' 7""",67.0,26.0,1999-08-17T07:00Z,Netherlands,D,360,3,3,2,1,0,0,0,0,0,0,0,0,0,1,Man United,#da020e,#144992,https://a.espncdn.com/i/teamlogos/soccer/500/360.png,,,,,1,35.0187265917603,33.89513108614232,,36.70411985018727,34.08239700374532,,,29.934640522875817,30.065359477124183,,36.470588235294116,39.869281045751634,76.96629213483146,,14.981273408239701,60.48689138576779,54.49438202247191,78.08988764044943,1
259902,Matheus Cunha,matheus-cunha,168.0,"6' 0""",72.0,26.0,1999-05-27T07:00Z,Brazil,F,380,33,40,71,4,0,0,6,9,39,108,15,0,1,51,Wolves,#fdb913,#cd1937,https://a.espncdn.com/i/teamlogos/soccer/500/380.png,0.3611111111111111,0.1388888888888889,0.38461538461538464,,4,96.23655913978494,91.12903225806451,44.966442953020135,99.46236559139786,96.23655913978494,65.77181208053692,64.07407407407408,99.01960784313727,95.03267973856208,63.68015414258189,99.73856209150327,94.24836601307189,3.7634408602150557,,64.51612903225806,15.053763440860209,52.41935483870967,1.6129032258064484,53
259910,Marc Cucurella,marc-cucurella,146.0,"5' 9""",69.0,27.0,1998-07-22T07:00Z,Spain,D,363,36,36,38,9,1,0,1,7,10,23,5,0,15,39,Chelsea,#144992,#ffeeee,https://a.espncdn.com/i/teamlogos/soccer/500/363.png,0.43478260869565216,0.21739130434782608,0.5,,11,99.25093632958801,76.02996254681648,80.10471204188482,96.44194756554307,97.37827715355806,92.14659685863874,80.79470198675497,89.54248366013073,67.3202614379085,78.9980732177264,91.89542483660131,92.6797385620915,18.726591760299627,,81.46067415730337,3.183520599250926,4.86891385767791,4.68164794007491,19
259942,Brandon Austin,brandon-austin,181.0,"6' 2""",74.0,26.0,1999-01-08T08:00Z,England,G,367,1,0,2,0,0,0,0,0,0,0,0,12,2,2,Spurs,#ffffff,#9bafd8,https://a.espncdn.com/i/teamlogos/soccer/500/367.png,,,,0.5,0,50.609756097560975,47.5609756097561,,72.5609756097561,43.90243902439025,,,29.934640522875817,30.065359477124183,,36.470588235294116,15.42483660130719,52.4390243902439,8.333333333333332,44.51219512195122,64.6341463414634,50.0,67.07317073170731,0
261047,Sandro Tonali,sandro-tonali,172.0,"5' 11""",71.0,25.0,2000-05-08T07:00Z,Italy,M,361,36,36,49,5,0,0,2,7,11,33,4,0,12,33,Newcastle,#000000,#cd1937,https://a.espncdn.com/i/teamlogos/soccer/500/361.png,0.3333333333333333,0.12121212121212122,0.36363636363636365,,5,86.73913043478261,70.86956521739131,66.37931034482759,93.04347826086956,83.04347826086956,78.73563218390804,69.35483870967742,86.9281045751634,78.82352941176471,57.61078998073218,96.20915032679738,92.6797385620915,22.173913043478265,,94.1304347826087,25.434782608695656,54.56521739130435,6.956521739130437,28
261083,Luke Woolfenden,luke-woolfenden,152.0,"6' 4""",76.0,27.0,1998-10-21T07:00Z,England,D,373,15,5,2,2,0,0,0,2,0,1,0,0,14,28,Ipswich,#0000fa,#cd1937,https://a.espncdn.com/i/teamlogos/soccer/500/373.png,0.0,0.0,,,2,35.0187265917603,33.89513108614232,10.732984293193718,36.70411985018727,39.325842696629216,29.05759162303665,,29.934640522875817,30.065359477124183,7.321772639691715,36.470588235294116,43.72549019607843,31.273408239700373,,79.40074906367042,46.254681647940075,54.49438202247191,33.52059925093633,0
261087,Matt O'Riley,matt-oriley,170.0,"6' 2""",74.0,25.0,2000-11-21T08:00Z,Denmark,M,331,21,16,13,1,0,1,2,0,6,21,2,0,3,19,Brighton,#0606fa,#ffdd00,https://a.espncdn.com/i/teamlogos/soccer/500/331.png,0.2857142857142857,0.09523809523809523,0.3333333333333333,,1,73.91304347826086,70.86956521739131,47.98850574712644,55.869565217391305,56.30434782608695,70.40229885057471,65.16129032258064,77.25490196078432,78.82352941176471,45.472061657032754,66.33986928104575,67.45098039215686,47.173913043478265,,57.608695652173914,61.95652173913043,54.56521739130435,81.30434782608695,21
261419,Callum Hudson-Odoi,callum-hudson-odoi,168.0,"6' 0""",72.0,25.0,2000-11-07T08:00Z,England,F,393,31,11,25,2,0,0,2,3,16,37,5,0,0,23,Nottm Forest,#c8102e,#132257,https://a.espncdn.com/i/teamlogos/soccer/500/393.png,0.43243243243243246,0.13513513513513514,0.3125,,2,70.16129032258065,66.66666666666666,71.81208053691275,74.46236559139786,54.3010752688172,61.07382550335571,44.44444444444444,89.54248366013073,78.82352941176471,78.80539499036608,81.96078431372548,58.56209150326798,37.903225806451616,,28.49462365591398,34.67741935483872,52.41935483870967,18.548387096774192,44
261448,Oliver Skipp,oliver-skipp,152.0,"5' 9""",69.0,25.0,2000-09-16T07:00Z,England,M,375,24,21,13,8,0,0,0,1,1,5,0,0,6,27,Leicester,#0202fb,#000000,https://a.espncdn.com/i/teamlogos/soccer/500/375.png,0.2,0.0,0.0,,8,26.304347826086953,25.43478260869565,28.160919540229884,55.869565217391305,67.17391304347827,18.67816091954023,14.838709677419354,29.934640522875817,30.065359477124183,28.227360308285164,66.33986928104575,76.1437908496732,34.565217391304344,,72.3913043478261,11.521739130434781,54.56521739130435,54.56521739130435,7
261504,Elijah Adebayo,elijah-adebayo,194.0,"6' 4""",76.0,27.0,1998-01-07T08:00Z,England,F,301,27,25,16,1,0,0,0,1,14,31,10,0,2,36,Luton,#ff4f00,#1D428A,https://a.espncdn.com/i/teamlogos/soccer/500/301.png,0.45161290322580644,0.3225806451612903,0.7142857142857143,,1,88.70967741935483,23.387096774193548,78.18791946308725,59.13978494623656,85.21505376344086,98.65771812080537,99.25925925925925,96.9281045751634,30.065359477124183,82.36994219653178,70.84967320261438,82.35294117647058,16.129032258064512,,77.15053763440861,52.41935483870967,52.41935483870967,48.655913978494624,0
262594,Vitaliy Mykolenko,vitaliy-mykolenko,157.0,"5' 11""",71.0,26.0,1999-05-29T07:00Z,Ukraine,D,368,35,22,34,4,0,0,2,3,1,14,1,0,10,39,Everton,#0606fa,#132257,https://a.espncdn.com/i/teamlogos/soccer/500/368.png,0.07142857142857142,0.07142857142857142,1.0,,4,77.71535580524345,88.57677902621724,21.465968586387437,94.5692883895131,78.65168539325843,67.5392670157068,94.03973509933775,66.60130718954248,78.82352941176471,15.028901734104046,90.06535947712419,77.45098039215686,18.726591760299627,,69.85018726591761,28.277153558052433,54.49438202247191,23.220973782771537,0
263110,Calvin Bassey,calvin-bassey,168.0,"6' 1""",73.0,25.0,1999-12-31T08:00Z,Nigeria,D,370,35,26,32,7,0,0,0,2,4,14,1,0,19,45,Fulham,#ffffff,#d11317,https://a.espncdn.com/i/teamlogos/soccer/500/370.png,0.2857142857142857,0.07142857142857142,0.25,,7,77.71535580524345,33.89513108614232,55.235602094240846,93.44569288389512,85.76779026217228,67.5392670157068,58.27814569536424,66.60130718954248,30.065359477124183,45.472061657032754,88.56209150326796,83.66013071895425,10.67415730337079,,87.26591760299625,8.239700374531836,54.49438202247191,33.52059925093633,3
264751,Lyle Foster,lyle-foster,152.0,"6' 1""",73.0,25.0,2000-09-03T07:00Z,South Africa,F,379,24,23,11,0,1,0,3,2,15,33,5,0,5,41,Burnley,#6C1D45,#1a1a1a,https://a.espncdn.com/i/teamlogos/soccer/500/379.png,0.45454545454545453,0.15151515151515152,0.3333333333333333,,2,70.16129032258065,75.0,80.87248322147651,49.46236559139785,79.56989247311827,73.15436241610739,51.48148148148148,89.54248366013073,85.88235294117646,83.23699421965318,62.35294117647059,79.15032679738562,9.408602150537632,,93.54838709677419,80.64516129032258,2.9569892473118244,30.91397849462365,0
265653,Morgan Rogers,morgan-rogers,174.0,"6' 2""",74.0,23.0,2002-07-26T07:00Z,England,F,362,37,49,51,10,0,0,10,6,19,55,8,0,7,41,Aston Villa,#660e36,#ffffff,https://a.espncdn.com/i/teamlogos/soccer/500/362.png,0.34545454545454546,0.14545454545454545,0.42105263157894735,,10,82.25806451612904,98.38709677419355,40.26845637583892,95.6989247311828,98.9247311827957,66.77852348993288,72.96296296296296,94.64052287581698,99.2156862745098,61.46435452793835,97.05882352941177,97.7124183006536,9.408602150537632,,95.96774193548387,0.5376344086021447,52.41935483870967,7.795698924731184,49
265907,Marc Guéhi,marc-guehi,174.0,"6' 0""",72.0,25.0,2000-07-13T07:00Z,England,D,384,34,22,27,8,1,3,2,6,10,19,3,0,24,39,C Palace,#0202fb,#ffdd00,https://a.espncdn.com/i/teamlogos/soccer/500/384.png,0.5263157894736842,0.15789473684210525,0.3,,10,96.06741573033707,88.57677902621724,92.67015706806284,89.51310861423221,78.65168539325843,84.81675392670157,62.913907284768214,83.20261437908498,78.82352941176471,92.1965317919075,83.8562091503268,77.45098039215686,18.726591760299627,,92.13483146067416,5.056179775280896,4.86891385767791,6.741573033707866,16
265918,Maxence Lacroix,maxence-lacroix,192.0,"6' 3""",75.0,25.0,2000-04-06T07:00Z,France,D,384,35,33,19,5,0,0,1,0,4,29,1,0,19,42,C Palace,#0202fb,#ffdd00,https://a.espncdn.com/i/teamlogos/soccer/500/384.png,0.13793103448275862,0.034482758620689655,0.25,,5,77.71535580524345,76.02996254681648,26.701570680628272,82.58426966292134,94.3820224719101,58.63874345549738,58.27814569536424,66.60130718954248,67.3202614379085,19.36416184971098,75.16339869281046,90.06535947712419,14.981273408239701,,87.26591760299625,18.16479400749064,54.49438202247191,78.08988764044943,7
265965,Yukinari Sugawara,yukinari-sugawara,150.0,"5' 10""",70.0,25.0,2000-06-28T07:00Z,Japan,D,376,30,12,10,4,0,0,1,1,5,14,1,0,7,46,Southampton,#ED1A3B,#f1ee13,https://a.espncdn.com/i/teamlogos/soccer/500/376.png,0.35714285714285715,0.07142857142857142,0.2,,4,77.71535580524345,76.02996254681648,70.68062827225131,66.29213483146067,61.79775280898876,67.5392670157068,53.64238410596026,66.60130718954248,67.3202614379085,63.29479768786127,60.0,60.588235294117645,9.17602996254682,,59.176029962546814,28.277153558052433,54.49438202247191,48.12734082397003,16
266096,Marshall Munetsi,marshall-munetsi,183.0,"6' 2""",74.0,29.0,1996-06-22T07:00Z,Zimbabwe,M,380,14,17,10,0,0,0,1,0,7,22,2,0,1,11,Wolves,#fdb913,#cd1937,https://a.espncdn.com/i/teamlogos/soccer/500/380.png,0.3181818181818182,0.09090909090909091,0.2857142857142857,,0,73.91304347826086,57.826086956521735,60.91954022988506,50.43478260869565,59.34782608695652,68.10344827586206,58.06451612903226,77.25490196078432,67.3202614379085,53.75722543352601,60.0,69.73856209150327,56.086956521739125,,39.78260869565217,83.47826086956522,54.56521739130435,81.30434782608695,9
266599,Mohammed Kudus,mohammed-kudus,152.0,"5' 10""",70.0,25.0,2000-08-02T07:00Z,Ghana,M,371,32,33,65,2,1,0,3,2,20,72,5,0,1,43,West Ham,#7c2c3b,#000000,https://a.espncdn.com/i/teamlogos/soccer/500/371.png,0.2777777777777778,0.06944444444444445,0.25,,4,90.65217391304347,81.08695652173913,45.11494252873563,99.1304347826087,80.0,54.02298850574713,51.29032258064517,89.54248366013073,85.88235294117646,42.96724470134875,99.47712418300654,90.06535947712419,11.08695652173914,,39.78260869565217,52.17391304347826,5.0,40.21739130434783,30
266628,Cheick Doucouré,cheick-doucoure,161.0,"5' 11""",71.0,25.0,2000-01-08T08:00Z,Mali,M,384,13,7,7,1,0,0,0,0,0,7,0,0,0,5,C Palace,#0202fb,#ffdd00,https://a.espncdn.com/i/teamlogos/soccer/500/384.png,0.0,0.0,,,1,26.304347826086953,25.43478260869565,5.747126436781609,42.608695652173914,39.565217391304344,18.67816091954023,,29.934640522875817,30.065359477124183,7.321772639691715,53.59477124183007,49.411764705882355,65.0,,16.956521739130434,61.95652173913043,54.56521739130435,81.30434782608695,1
266697,Emile Smith Rowe,emile-smith-rowe,172.0,"6' 0""",72.0,25.0,2000-07-28T07:00Z,England,M,370,34,19,14,3,0,0,3,2,11,35,6,0,2,26,Fulham,#ffffff,#d11317,https://a.espncdn.com/i/teamlogos/soccer/500/370.png,0.3142857142857143,0.17142857142857143,0.5454545454545454,,3,93.04347826086956,81.08695652173913,60.3448275862069,57.826086956521735,63.69565217391304,90.22988505747126,91.61290322580645,91.63398692810458,85.88235294117646,52.98651252408478,68.16993464052288,73.26797385620914,37.39130434782608,,50.21739130434783,43.04347826086956,54.56521739130435,40.21739130434783,23
266846,Steven Benda,steven-benda,183.0,"6' 4""",76.0,27.0,1998-10-01T07:00Z,Germany,G,370,0,0,0,0,0,0,0,0,0,0,0,0,0,0,Fulham,#ffffff,#d11317,https://a.espncdn.com/i/teamlogos/soccer/500/370.png,,,,,0,50.609756097560975,47.5609756097561,,29.268292682926827,43.90243902439025,,,29.934640522875817,30.065359477124183,,14.117647058823529,15.42483660130719,77.4390243902439,,21.341463414634145,64.6341463414634,50.0,67.07317073170731,0
267458,Paris Maghoma,paris-maghoma,150.0,"5' 11""",71.0,24.0,2001-05-08T07:00Z,England,M,337,8,2,4,0,0,0,0,0,0,1,0,0,2,1,Brentford,#f42727,#f8ced9,https://a.espncdn.com/i/teamlogos/soccer/500/337.png,0.0,0.0,,,0,26.304347826086953,25.43478260869565,5.747126436781609,36.08695652173913,28.913043478260867,18.67816091954023,,29.934640522875817,30.065359477124183,7.321772639691715,44.31372549019608,36.60130718954248,76.52173913043478,,50.21739130434783,83.47826086956522,54.56521739130435,81.30434782608695,1
267711,Djed Spence,djed-spence,157.0,"6' 1""",73.0,25.0,2000-08-09T07:00Z,England,D,367,25,19,23,3,1,1,2,4,4,11,1,0,9,35,Spurs,#ffffff,#9bafd8,https://a.espncdn.com/i/teamlogos/soccer/500/367.png,0.36363636363636365,0.09090909090909091,0.25,,5,77.71535580524345,88.57677902621724,71.98952879581152,87.64044943820225,73.97003745318352,72.25130890052355,58.27814569536424,66.60130718954248,78.82352941176471,64.73988439306359,79.86928104575163,73.26797385620914,23.970037453183522,,66.47940074906367,36.89138576779026,4.86891385767791,15.730337078651687,11
268239,Albert Sambi Lokonga,albert-sambi-lokonga,148.0,"6' 0""",72.0,26.0,1999-10-22T07:00Z,Belgium,M,301,17,18,28,4,0,0,3,5,2,6,1,0,13,31,Luton,#ff4f00,#1D428A,https://a.espncdn.com/i/teamlogos/soccer/500/301.png,0.3333333333333333,0.16666666666666666,0.5,,4,60.652173913043484,81.08695652173913,66.37931034482759,79.56521739130434,61.73913043478261,88.79310344827587,86.7741935483871,66.60130718954248,85.88235294117646,57.61078998073218,85.29411764705883,71.50326797385621,25.65217391304347,,95.86956521739131,33.04347826086956,54.56521739130435,16.304347826086953,0
268533,Pedro Porro,pedro-porro,150.0,"5' 8""",68.0,26.0,1999-09-13T07:00Z,Spain,D,367,33,25,33,5,0,0,6,6,8,39,2,0,17,45,Spurs,#ffffff,#9bafd8,https://a.espncdn.com/i/teamlogos/soccer/500/367.png,0.20512820512820512,0.05128205128205128,0.25,,5,90.0749063670412,98.87640449438202,40.83769633507853,94.00749063670412,84.26966292134831,60.73298429319372,58.27814569536424,77.25490196078432,95.03267973856208,30.2504816955684,89.41176470588236,82.35294117647058,10.67415730337079,,84.08239700374533,18.16479400749064,54.49438202247191,6.741573033707866,54
268641,Iliman Ndiaye,iliman-ndiaye,152.0,"5' 11""",71.0,25.0,2000-03-06T08:00Z,Senegal,F,368,33,22,51,3,0,0,0,2,16,36,9,0,5,24,Everton,#0606fa,#132257,https://a.espncdn.com/i/teamlogos/soccer/500/368.png,0.4444444444444444,0.25,0.5625,,3,85.48387096774194,23.387096774193548,75.83892617449665,95.6989247311828,77.95698924731182,96.97986577181209,94.81481481481482,95.88235294117648,30.065359477124183,81.02119460500964,97.05882352941177,77.45098039215686,34.40860215053763,,93.54838709677419,22.311827956989248,52.41935483870967,30.91397849462365,17
268700,Vitinho,vitinho,159.0,"5' 9""",69.0,26.0,1999-07-23T07:00Z,Brazil,D,379,32,27,28,1,0,0,2,4,4,25,0,0,6,42,Burnley,#6C1D45,#1a1a1a,https://a.espncdn.com/i/teamlogos/soccer/500/379.png,0.16,0.0,0.0,,1,35.0187265917603,88.57677902621724,29.84293193717277,90.63670411985018,87.64044943820225,29.05759162303665,23.509933774834437,29.934640522875817,78.82352941176471,21.38728323699422,85.29411764705883,84.70588235294117,14.981273408239701,,54.68164794007491,60.48689138576779,54.49438202247191,15.730337078651687,0
268782,Anthony Gordon,anthony-gordon,159.0,"6' 0""",72.0,24.0,2001-02-24T08:00Z,England,F,361,34,20,72,2,0,0,5,8,17,57,6,0,3,31,Newcastle,#000000,#cd1937,https://a.espncdn.com/i/teamlogos/soccer/500/361.png,0.2982456140350877,0.10526315789473684,0.35294117647058826,,2,74.73118279569893,87.09677419354838,33.557046979865774,100.0,74.73118279569893,49.328859060402685,57.77777777777777,91.63398692810458,93.0718954248366,48.747591522158,99.86928104575163,74.9673202614379,21.50537634408603,,84.40860215053763,34.67741935483872,52.41935483870967,2.9569892473118244,48
269276,Rhys Norrington-Davies,rhys-norrington-davies,150.0,"5' 11""",71.0,26.0,1999-04-22T07:00Z,Wales,D,398,5,3,1,1,0,0,0,0,0,0,0,0,0,6,Sheffield Utd,#f42727,#1D428A,https://a.espncdn.com/i/teamlogos/soccer/500/398.png,,,,,1,35.0187265917603,33.89513108614232,,29.775280898876407,34.08239700374532,,,29.934640522875817,30.065359477124183,,30.84967320261438,39.869281045751634,64.7940074906367,,14.981273408239701,60.48689138576779,54.49438202247191,78.08988764044943,0
269343,Jack Clarke,jack-clarke,161.0,"5' 11""",71.0,25.0,2000-11-23T08:00Z,England,F,373,32,13,23,2,0,0,4,1,2,18,0,0,0,29,Ipswich,#0000fa,#cd1937,https://a.espncdn.com/i/teamlogos/soccer/500/373.png,0.1111111111111111,0.0,0.0,,2,18.817204301075268,82.52688172043011,10.06711409395973,71.23655913978494,59.40860215053764,11.073825503355705,7.037037037037037,29.934640522875817,90.45751633986929,17.533718689788053,79.86928104575163,62.22222222222222,23.924731182795696,,28.49462365591398,34.67741935483872,52.41935483870967,48.655913978494624,27
269844,Gabriel Martinelli,gabriel-martinelli,163.0,"5' 10""",70.0,24.0,2001-06-18T07:00Z,Brazil,F,359,33,15,21,1,0,0,5,5,25,55,8,0,0,25,Arsenal,#e20520,#132257,https://a.espncdn.com/i/teamlogos/soccer/500/359.png,0.45454545454545453,0.14545454545454545,0.32,,1,82.25806451612904,87.09677419354838,80.87248322147651,67.74193548387096,64.24731182795699,66.77852348993288,45.925925925925924,94.64052287581698,93.0718954248366,83.23699421965318,77.84313725490196,65.09803921568627,31.72043010752688,,28.49462365591398,52.41935483870967,52.41935483870967,12.096774193548384,36
270190,Wesley Fofana,wesley-fofana,183.0,"6' 3""",75.0,24.0,2000-12-17T08:00Z,France,D,363,14,24,16,7,0,0,0,1,0,3,0,0,9,13,Chelsea,#144992,#ffeeee,https://a.espncdn.com/i/teamlogos/soccer/500/363.png,0.0,0.0,,,7,35.0187265917603,33.89513108614232,10.732984293193718,79.02621722846442,83.14606741573034,29.05759162303665,,29.934640522875817,30.065359477124183,7.321772639691715,70.84967320261438,80.84967320261438,53.18352059925094,,66.47940074906367,8.239700374531836,54.49438202247191,48.12734082397003,6
270507,Sepp van den Berg,sepp-van-den-berg,161.0,"6' 2""",74.0,23.0,2001-12-20T08:00Z,Netherlands,D,337,31,23,5,3,0,0,0,1,6,20,0,0,38,48,Brentford,#f42727,#f8ced9,https://a.espncdn.com/i/teamlogos/soccer/500/337.png,0.3,0.0,0.0,,3,35.0187265917603,33.89513108614232,59.424083769633505,51.12359550561798,81.46067415730337,29.05759162303665,23.509933774834437,29.934640522875817,30.065359477124183,49.51830443159923,47.97385620915033,79.15032679738562,7.303370786516851,,97.56554307116106,36.89138576779026,54.49438202247191,48.12734082397003,5
271170,Bryan Mbeumo,bryan-mbeumo,139.0,"5' 8""",68.0,26.0,1999-08-07T07:00Z,Cameroon,F,337,38,25,44,3,0,0,7,6,39,83,20,0,4,52,Brentford,#f42727,#f8ced9,https://a.espncdn.com/i/teamlogos/soccer/500/337.png,0.46987951807228917,0.24096385542168675,0.5128205128205128,,3,98.11827956989248,94.6236559139785,85.23489932885906,91.12903225806451,85.21505376344086,95.9731543624161,90.37037037037037,99.54248366013073,96.9281045751634,85.16377649325626,94.18300653594771,82.35294117647058,3.225806451612897,,89.24731182795699,22.311827956989248,52.41935483870967,7.795698924731184,69
271191,Nathan Patterson,nathan-patterson,183.0,"6' 2""",74.0,24.0,2001-10-16T07:00Z,Scotland,D,368,10,6,1,1,0,0,1,0,0,1,0,0,0,6,Everton,#0606fa,#132257,https://a.espncdn.com/i/teamlogos/soccer/500/368.png,0.0,0.0,,,1,35.0187265917603,76.02996254681648,10.732984293193718,29.775280898876407,43.82022471910113,29.05759162303665,,29.934640522875817,67.3202614379085,7.321772639691715,30.84967320261438,46.470588235294116,64.7940074906367,,14.981273408239701,60.48689138576779,54.49438202247191,78.08988764044943,4
271788,Darwin Núñez,darwin-nunez,179.0,"6' 2""",74.0,26.0,1999-06-24T07:00Z,Uruguay,F,364,30,25,14,8,0,0,2,1,13,34,5,0,0,21,Liverpool,#d11317,#132257,https://a.espncdn.com/i/teamlogos/soccer/500/364.png,0.38235294117647056,0.14705882352941177,0.38461538461538464,,8,70.16129032258065,66.66666666666666,51.006711409395976,56.72043010752689,85.21505376344086,69.46308724832215,64.07407407407408,89.54248366013073,78.82352941176471,68.20809248554913,68.16993464052288,82.35294117647058,41.397849462365585,,28.49462365591398,2.1505376344086073,52.41935483870967,48.655913978494624,11
272512,Rayan Aït-Nouri,rayan-ait-nouri,152.0,"5' 11""",71.0,24.0,2001-06-06T07:00Z,Algeria,D,380,37,28,46,6,1,0,7,5,10,35,4,0,6,64,Wolves,#fdb913,#cd1937,https://a.espncdn.com/i/teamlogos/soccer/500/380.png,0.2857142857142857,0.11428571428571428,0.4,,8,98.12734082397003,99.625468164794,55.235602094240846,98.50187265917603,89.70037453183521,78.53403141361257,72.84768211920529,86.9281045751634,96.9281045751634,45.472061657032754,94.90196078431372,85.94771241830065,3.3707865168539257,,54.68164794007491,11.797752808988761,4.86891385767791,10.112359550561806,44
272585,Chris Richards,chris-richards,192.0,"6' 2""",74.0,25.0,2000-03-28T08:00Z,USA,D,384,24,11,5,3,1,0,0,2,6,13,1,0,14,30,C Palace,#0202fb,#ffdd00,https://a.espncdn.com/i/teamlogos/soccer/500/384.png,0.46153846153846156,0.07692307692307693,0.16666666666666666,,5,77.71535580524345,33.89513108614232,82.19895287958116,51.12359550561798,59.36329588014981,70.15706806282722,51.324503311258276,66.60130718954248,30.065359477124183,84.48940269749518,47.97385620915033,58.56209150326798,30.33707865168539,,79.40074906367042,36.89138576779026,4.86891385767791,33.52059925093633,2
272695,Dejan Kulusevski,dejan-kulusevski,174.0,"6' 1""",73.0,25.0,2000-04-25T07:00Z,Sweden,M,367,32,45,38,3,0,0,4,9,17,47,7,0,5,38,Spurs,#ffffff,#9bafd8,https://a.espncdn.com/i/teamlogos/soccer/500/367.png,0.3617021276595745,0.14893617021276595,0.4117647058823529,,3,95.0,87.60869565217392,73.5632183908046,87.60869565217392,90.8695652173913,86.7816091954023,77.41935483870968,93.33333333333333,90.45751633986929,63.969171483622354,91.89542483660131,96.20915032679738,16.086956521739125,,68.04347826086956,43.04347826086956,54.56521739130435,2.391304347826079,61
273292,Antoine Semenyo,antoine-semenyo,172.0,"6' 1""",73.0,25.0,2000-01-07T08:00Z,Ghana,F,349,37,73,38,9,0,0,5,12,40,126,11,0,9,41,Bournemouth,#f42727,#ffffff,https://a.espncdn.com/i/teamlogos/soccer/500/349.png,0.31746031746031744,0.0873015873015873,0.275,,9,91.39784946236558,87.09677419354838,36.241610738255034,87.63440860215054,100.0,41.61073825503356,37.77777777777778,97.7124183006536,93.0718954248366,53.371868978805395,91.89542483660131,100.0,9.408602150537632,,97.84946236559139,1.0752688172043037,52.41935483870967,0.5376344086021447,45
273495,Dwight McNeil,dwight-mcneil,150.0,"6' 0""",72.0,26.0,1999-11-22T08:00Z,England,F,368,21,6,18,1,0,0,7,2,9,24,4,0,0,24,Everton,#0606fa,#132257,https://a.espncdn.com/i/teamlogos/soccer/500/368.png,0.375,0.16666666666666666,0.4444444444444444,,1,65.86021505376344,94.6236559139785,47.31543624161073,62.634408602150536,39.247311827956985,75.83892617449665,78.51851851851852,86.9281045751634,96.9281045751634,66.47398843930635,73.66013071895425,46.470588235294116,34.40860215053763,,28.49462365591398,52.41935483870967,52.41935483870967,30.91397849462365,34
273839,Will Alves,will-alves,183.0,"6' 4""",76.0,20.0,2005-05-04T07:00Z,England,M,375,1,0,0,0,0,0,0,0,0,0,0,0,0,0,Leicester,#0202fb,#000000,https://a.espncdn.com/i/teamlogos/soccer/500/375.png,,,,,0,26.304347826086953,25.43478260869565,,11.956521739130435,11.956521739130435,,,29.934640522875817,30.065359477124183,,14.117647058823529,15.42483660130719,89.13043478260869,,16.956521739130434,83.47826086956522,54.56521739130435,81.30434782608695,0
274217,Billy Gilmour,billy-gilmour,130.0,"5' 7""",67.0,24.0,2001-06-11T07:00Z,Scotland,M,331,2,2,3,0,0,0,0,0,0,1,0,0,0,1,Brighton,#0606fa,#ffdd00,https://a.espncdn.com/i/teamlogos/soccer/500/331.png,0.0,0.0,,,0,26.304347826086953,25.43478260869565,5.747126436781609,33.47826086956522,28.913043478260867,18.67816091954023,,29.934640522875817,30.065359477124183,7.321772639691715,40.849673202614376,36.60130718954248,76.52173913043478,,16.956521739130434,83.47826086956522,54.56521739130435,81.30434782608695,0
274272,Altay Bayindir,altay-bayindir,192.0,"6' 6""",78.0,27.0,1998-04-14T07:00Z,Türkiye,G,360,4,0,1,0,0,0,0,0,0,0,0,25,8,9,Man United,#da020e,#144992,https://a.espncdn.com/i/teamlogos/soccer/500/360.png,,,,0.47058823529411764,0,50.609756097560975,47.5609756097561,,62.80487804878049,43.90243902439025,,,29.934640522875817,30.065359477124183,,30.84967320261438,15.42483660130719,42.6829268292683,6.25,51.829268292682926,64.6341463414634,50.0,67.07317073170731,0
274278,Kaoru Mitoma,kaoru-mitoma,161.0,"5' 10""",70.0,28.0,1997-05-20T07:00Z,Japan,M,331,36,37,24,1,0,0,4,4,27,57,10,0,3,38,Brighton,#0606fa,#ffdd00,https://a.espncdn.com/i/teamlogos/soccer/500/331.png,0.47368421052631576,0.17543859649122806,0.37037037037037035,,1,99.1304347826087,87.60869565217392,90.51724137931035,72.60869565217392,83.69565217391305,91.37931034482759,71.61290322580646,96.9281045751634,90.45751633986929,85.45279383429673,81.04575163398692,93.13725490196079,16.086956521739125,,57.608695652173914,61.95652173913043,54.56521739130435,23.26086956521739,36
274284,João Virgínia,joao-virginia,183.0,"6' 4""",76.0,26.0,1999-10-10T07:00Z,Portugal,G,368,0,0,0,0,0,0,0,0,0,0,0,0,0,0,Everton,#0606fa,#132257,https://a.espncdn.com/i/teamlogos/soccer/500/368.png,,,,,0,50.609756097560975,47.5609756097561,,29.268292682926827,43.90243902439025,,,29.934640522875817,30.065359477124183,,14.117647058823529,15.42483660130719,77.4390243902439,,21.341463414634145,64.6341463414634,50.0,67.07317073170731,0
274632,Ryan Gravenberch,ryan-gravenberch,183.0,"6' 3""",75.0,23.0,2002-05-16T07:00Z,Netherlands,M,364,37,47,52,6,1,0,4,7,5,20,0,0,10,34,Liverpool,#d11317,#132257,https://a.espncdn.com/i/teamlogos/soccer/500/364.png,0.25,0.0,0.0,,8,26.304347826086953,87.60869565217392,39.94252873563218,94.78260869565217,93.26086956521739,18.67816091954023,14.838709677419354,29.934640522875817,90.45751633986929,37.47591522157997,97.58169934640523,97.12418300653594,20.652173913043484,,88.47826086956522,20.652173913043484,5.0,6.956521739130437,24
274633,Sven Botman,sven-botman,179.0,"6' 4""",76.0,25.0,2000-01-12T08:00Z,Netherlands,D,361,8,5,4,1,0,0,0,0,2,5,0,0,4,4,Newcastle,#000000,#cd1937,https://a.espncdn.com/i/teamlogos/soccer/500/361.png,0.4,0.0,0.0,,1,35.0187265917603,33.89513108614232,77.4869109947644,46.254681647940075,39.325842696629216,29.05759162303665,23.509933774834437,29.934640522875817,30.065359477124183,73.41040462427746,44.31372549019608,43.72549019607843,69.47565543071161,,46.62921348314607,60.48689138576779,54.49438202247191,78.08988764044943,2
274971,Jens Cajuste,jens-cajuste,170.0,"6' 2""",74.0,26.0,1999-08-10T07:00Z,Sweden,M,373,30,23,21,2,0,0,1,0,1,12,1,0,9,45,Ipswich,#0000fa,#cd1937,https://a.espncdn.com/i/teamlogos/soccer/500/373.png,0.08333333333333333,0.08333333333333333,1.0,,2,60.652173913043484,57.826086956521735,13.218390804597702,68.91304347826087,69.1304347826087,63.2183908045977,98.70967741935483,66.60130718954248,67.3202614379085,15.895953757225435,77.84313725490196,79.15032679738562,9.130434782608702,,84.78260869565217,52.17391304347826,54.56521739130435,81.30434782608695,13
275599,Caoimhín Kelleher,caoimhin-kelleher,161.0,"6' 2""",74.0,27.0,1998-11-23T08:00Z,Republic of Ireland,G,364,10,0,3,0,0,0,0,0,0,0,0,100,26,12,Liverpool,#d11317,#132257,https://a.espncdn.com/i/teamlogos/soccer/500/364.png,,,,0.6842105263157895,0,50.609756097560975,47.5609756097561,,79.8780487804878,43.90243902439025,,,29.934640522875817,30.065359477124183,,40.849673202614376,15.42483660130719,39.63414634146341,53.125,63.41463414634146,64.6341463414634,50.0,67.07317073170731,0
276039,Tariq Lamptey,tariq-lamptey,119.0,"5' 4""",64.0,25.0,2000-09-30T07:00Z,Ghana,D,331,15,14,10,0,0,0,2,1,2,6,2,0,7,19,Brighton,#0606fa,#ffdd00,https://a.espncdn.com/i/teamlogos/soccer/500/331.png,0.3333333333333333,0.3333333333333333,1.0,,0,90.0749063670412,88.57677902621724,65.70680628272252,66.29213483146067,64.60674157303372,95.81151832460732,94.03973509933775,77.25490196078432,78.82352941176471,57.61078998073218,60.0,63.39869281045751,44.569288389513105,,59.176029962546814,84.45692883895131,54.49438202247191,48.12734082397003,4
276218,Tahith Chong,tahith-chong,163.0,"6' 1""",73.0,26.0,1999-12-04T08:00Z,Netherlands,M,301,33,19,64,4,0,0,0,4,6,30,4,0,6,48,Luton,#ff4f00,#1D428A,https://a.espncdn.com/i/teamlogos/soccer/500/301.png,0.2,0.13333333333333333,0.6666666666666666,,4,86.73913043478261,25.43478260869565,28.160919540229884,98.47826086956522,63.69565217391304,82.18390804597702,95.48387096774194,86.9281045751634,30.065359477124183,28.227360308285164,99.281045751634,73.26797385620914,6.739130434782609,,72.3913043478261,33.04347826086956,54.56521739130435,23.26086956521739,0
276220,James Garner,james-garner,172.0,"6' 1""",73.0,24.0,2001-03-13T08:00Z,England,M,368,21,19,15,5,0,0,2,5,3,12,0,0,4,19,Everton,#0606fa,#132257,https://a.espncdn.com/i/teamlogos/soccer/500/368.png,0.25,0.0,0.0,,5,26.304347826086953,70.86956521739131,39.94252873563218,59.34782608695652,63.69565217391304,18.67816091954023,14.838709677419354,29.934640522875817,78.82352941176471,37.47591522157997,69.34640522875817,73.26797385620914,47.173913043478265,,63.69565217391304,25.434782608695656,54.56521739130435,16.304347826086953,12
276327,Joshua Zirkzee,joshua-zirkzee,183.0,"6' 4""",76.0,24.0,2001-05-22T07:00Z,Netherlands,F,360,32,9,13,2,0,0,1,1,11,27,3,0,4,24,Man United,#da020e,#144992,https://a.espncdn.com/i/teamlogos/soccer/500/360.png,0.4074074074074074,0.1111111111111111,0.2727272727272727,,2,59.946236559139784,54.56989247311827,63.758389261744966,54.3010752688172,48.924731182795696,51.34228187919463,35.92592592592593,83.20261437908498,67.3202614379085,75.33718689788054,66.33986928104575,54.70588235294118,34.40860215053763,,89.24731182795699,34.67741935483872,52.41935483870967,48.655913978494624,12
276350,João Félix,joao-felix,152.0,"5' 11""",71.0,26.0,1999-11-10T08:00Z,Portugal,F,363,12,5,17,2,0,0,1,1,5,19,1,0,0,4,Chelsea,#144992,#ffeeee,https://a.espncdn.com/i/teamlogos/soccer/500/363.png,0.2631578947368421,0.05263157894736842,0.2,,2,43.81720430107527,54.56989247311827,26.51006711409396,60.752688172043015,37.096774193548384,27.516778523489933,24.074074074074073,66.60130718954248,67.3202614379085,40.655105973025044,72.35294117647058,43.72549019607843,69.08602150537635,,28.49462365591398,34.67741935483872,52.41935483870967,48.655913978494624,4
276741,Carlos Miguel,carlos-miguel,205.0,"6' 8""",80.0,27.0,1998-10-09T07:00Z,Brazil,G,393,0,0,0,0,0,0,0,0,0,0,0,0,0,0,Nottm Forest,#c8102e,#132257,https://a.espncdn.com/i/teamlogos/soccer/500/393.png,,,,,0,50.609756097560975,47.5609756097561,,29.268292682926827,43.90243902439025,,,29.934640522875817,30.065359477124183,,14.117647058823529,15.42483660130719,77.4390243902439,,21.341463414634145,64.6341463414634,50.0,67.07317073170731,0
277005,Nathan Wood,nathan-wood,163.0,"6' 2""",74.0,23.0,2002-05-31T07:00Z,England,D,376,11,9,4,2,0,0,0,1,0,2,0,0,6,20,Southampton,#ED1A3B,#f1ee13,https://a.espncdn.com/i/teamlogos/soccer/500/376.png,0.0,0.0,,,2,35.0187265917603,33.89513108614232,10.732984293193718,46.254681647940075,54.30711610486891,29.05759162303665,,29.934640522875817,30.065359477124183,7.321772639691715,44.31372549019608,54.70588235294118,43.25842696629213,,54.68164794007491,46.254681647940075,54.49438202247191,48.12734082397003,1
277327,Jean-Clair Todibo,jean-clair-todibo,192.0,"6' 4""",76.0,25.0,1999-12-30T08:00Z,France,D,371,27,16,6,3,0,0,0,3,0,5,0,0,12,31,West Ham,#7c2c3b,#000000,https://a.espncdn.com/i/teamlogos/soccer/500/371.png,0.0,0.0,,,3,35.0187265917603,33.89513108614232,10.732984293193718,55.80524344569289,67.97752808988764,29.05759162303665,,29.934640522875817,30.065359477124183,7.321772639691715,51.045751633986924,67.45098039215686,28.838951310861432,,75.28089887640449,36.89138576779026,54.49438202247191,23.220973782771537,2
277385,William Saliba,william-saliba,203.0,"6' 4""",76.0,24.0,2001-03-24T08:00Z,France,D,359,35,28,17,2,1,0,0,4,2,6,2,0,16,29,Arsenal,#e20520,#132257,https://a.espncdn.com/i/teamlogos/soccer/500/359.png,0.3333333333333333,0.3333333333333333,1.0,,4,90.0749063670412,33.89513108614232,65.70680628272252,80.89887640449437,89.70037453183521,95.81151832460732,94.03973509933775,77.25490196078432,30.065359477124183,57.61078998073218,72.35294117647058,85.94771241830065,30.711610486891388,,82.77153558052434,46.254681647940075,4.86891385767791,15.730337078651687,7
277559,Alfie Doughty,alfie-doughty,150.0,"6' 0""",72.0,26.0,1999-12-21T08:00Z,England,M,301,37,30,9,5,0,0,9,6,8,26,2,0,10,70,Luton,#ff4f00,#1D428A,https://a.espncdn.com/i/teamlogos/soccer/500/301.png,0.3076923076923077,0.07692307692307693,0.25,,5,73.91304347826086,98.69565217391305,55.74712643678161,47.391304347826086,76.52173913043478,60.05747126436781,51.29032258064517,77.25490196078432,98.75816993464053,51.15606936416185,57.647058823529406,87.84313725490196,1.7391304347826093,,88.47826086956522,25.434782608695656,54.56521739130435,11.08695652173914,0
278061,Georginio Rutter,georginio-rutter,183.0,"6' 0""",72.0,23.0,2002-04-20T07:00Z,France,F,331,28,34,45,2,0,0,3,2,12,48,5,0,3,28,Brighton,#0606fa,#ffdd00,https://a.espncdn.com/i/teamlogos/soccer/500/331.png,0.25,0.10416666666666667,0.4166666666666667,,2,70.16129032258065,75.0,22.14765100671141,91.93548387096774,93.27956989247312,47.98657718120805,71.85185185185186,89.54248366013073,85.88235294117646,37.47591522157997,94.50980392156862,91.30718954248366,25.0,,84.40860215053763,34.67741935483872,52.41935483870967,30.91397849462365,17
278822,Jesper Lindstrom,jesper-lindstrom,146.0,"6' 0""",72.0,25.0,2000-02-29T08:00Z,Denmark,M,368,25,15,10,2,0,0,1,3,8,28,0,0,3,14,Everton,#0606fa,#132257,https://a.espncdn.com/i/teamlogos/soccer/500/368.png,0.2857142857142857,0.0,0.0,,2,26.304347826086953,57.826086956521735,47.98850574712644,50.43478260869565,53.2608695652174,18.67816091954023,14.838709677419354,29.934640522875817,67.3202614379085,45.472061657032754,60.0,65.09803921568627,52.82608695652174,,57.608695652173914,52.17391304347826,54.56521739130435,30.434782608695656,0
279155,James Hill,james-hill,161.0,"6' 0""",72.0,23.0,2002-01-10T08:00Z,England,D,349,10,7,5,1,0,0,1,0,0,6,0,0,0,9,Bournemouth,#f42727,#ffffff,https://a.espncdn.com/i/teamlogos/soccer/500/349.png,0.0,0.0,,,1,35.0187265917603,76.02996254681648,10.732984293193718,51.12359550561798,47.752808988764045,29.05759162303665,,29.934640522875817,67.3202614379085,7.321772639691715,47.97385620915033,49.411764705882355,60.1123595505618,,14.981273408239701,60.48689138576779,54.49438202247191,78.08988764044943,3
279780,Nathan Collins,nathan-collins,183.0,"6' 4""",76.0,24.0,2001-04-30T07:00Z,Republic of Ireland,D,337,38,28,31,5,0,0,3,5,6,19,2,0,58,54,Brentford,#f42727,#f8ced9,https://a.espncdn.com/i/teamlogos/soccer/500/337.png,0.3157894736842105,0.10526315789473684,0.3333333333333333,,5,90.0749063670412,94.00749063670412,60.73298429319372,92.69662921348315,89.70037453183521,75.6544502617801,66.88741721854305,77.25490196078432,85.88235294117646,53.179190751445084,87.6470588235294,85.94771241830065,6.36704119850188,,99.625468164794,18.16479400749064,54.49438202247191,10.112359550561806,10
280555,Bukayo Saka,bukayo-saka,159.0,"5' 10""",70.0,24.0,2001-09-05T07:00Z,England,F,359,25,15,39,3,0,0,10,5,22,66,6,0,0,21,Arsenal,#e20520,#132257,https://a.espncdn.com/i/teamlogos/soccer/500/359.png,0.3333333333333333,0.09090909090909091,0.2727272727272727,,3,74.73118279569893,98.38709677419355,38.25503355704698,88.70967741935483,64.24731182795699,43.95973154362416,35.92592592592593,91.63398692810458,99.2156862745098,57.61078998073218,92.54901960784314,65.09803921568627,41.397849462365585,,28.49462365591398,22.311827956989248,52.41935483870967,12.096774193548384,56
280764,Julián Araujo,julian-araujo,152.0,"5' 9""",69.0,24.0,2001-08-13T07:00Z,Mexico,D,349,12,7,2,2,0,0,0,0,0,0,0,0,0,10,Bournemouth,#f42727,#ffffff,https://a.espncdn.com/i/teamlogos/soccer/500/349.png,,,,,2,35.0187265917603,33.89513108614232,,36.70411985018727,47.752808988764045,,,29.934640522875817,30.065359477124183,,36.470588235294116,49.411764705882355,58.052434456928836,,14.981273408239701,46.254681647940075,54.49438202247191,78.08988764044943,1
280806,Harvey Elliott,harvey-elliott,139.0,"5' 7""",67.0,22.0,2003-04-04T08:00Z,England,M,364,18,0,1,1,0,0,2,3,4,17,1,0,2,6,Liverpool,#d11317,#132257,https://a.espncdn.com/i/teamlogos/soccer/500/364.png,0.23529411764705882,0.058823529411764705,0.25,,1,60.652173913043484,70.86956521739131,36.7816091954023,25.869565217391305,11.956521739130435,47.701149425287355,51.29032258064517,66.60130718954248,78.82352941176471,34.104046242774565,30.84967320261438,15.42483660130719,63.69565217391304,,50.21739130434783,61.95652173913043,54.56521739130435,30.434782608695656,10
280895,Mike Trésor,mike-tresor,139.0,"5' 8""",68.0,26.0,1999-05-28T07:00Z,Belgium,F,379,16,0,3,0,0,0,0,0,0,5,0,0,0,9,Burnley,#6C1D45,#1a1a1a,https://a.espncdn.com/i/teamlogos/soccer/500/379.png,0.0,0.0,,,0,18.817204301075268,23.387096774193548,5.033557046979865,31.72043010752688,11.827956989247312,11.073825503355705,,29.934640522875817,30.065359477124183,7.321772639691715,40.849673202614376,15.42483660130719,59.67741935483871,,28.49462365591398,80.64516129032258,52.41935483870967,78.49462365591398,0
281121,Taylor Harwood-Bellis,taylor-harwood-bellis,181.0,"6' 2""",74.0,24.0,2002-01-30T08:00Z,England,D,376,34,35,14,9,0,0,0,3,6,20,1,0,45,65,Southampton,#ED1A3B,#f1ee13,https://a.espncdn.com/i/teamlogos/soccer/500/376.png,0.3,0.05,0.16666666666666666,,9,77.71535580524345,33.89513108614232,59.424083769633505,75.65543071161048,96.62921348314607,60.20942408376963,51.324503311258276,66.60130718954248,30.065359477124183,49.51830443159923,68.16993464052288,92.09150326797385,2.8089887640449405,,98.87640449438202,3.183520599250926,54.49438202247191,23.220973782771537,13
281125,Ian Maatsen,ian-maatsen,126.0,"5' 10""",70.0,23.0,2002-03-10T08:00Z,Netherlands,D,362,29,11,9,2,0,0,2,0,5,18,1,0,0,16,Aston Villa,#660e36,#ffffff,https://a.espncdn.com/i/teamlogos/soccer/500/362.png,0.2777777777777778,0.05555555555555555,0.2,,2,77.71535580524345,88.57677902621724,52.879581151832454,63.857677902621724,59.36329588014981,61.78010471204188,53.64238410596026,66.60130718954248,78.82352941176471,42.96724470134875,57.647058823529406,58.56209150326798,49.62546816479401,,14.981273408239701,46.254681647940075,54.49438202247191,78.08988764044943,19
281558,Antony ,antony,139.0,"5' 9""",69.0,25.0,2000-02-24T08:00Z,Brazil,F,360,8,2,5,0,0,0,0,0,3,6,0,0,0,2,Man United,#da020e,#144992,https://a.espncdn.com/i/teamlogos/soccer/500/360.png,0.5,0.0,0.0,,0,18.817204301075268,23.387096774193548,89.26174496644296,37.634408602150536,29.03225806451613,11.073825503355705,7.037037037037037,29.934640522875817,30.065359477124183,88.82466281310212,47.97385620915033,36.60130718954248,75.0,,28.49462365591398,80.64516129032258,52.41935483870967,78.49462365591398,0
281564,Mads Hermansen,mads-hermansen,179.0,"6' 2""",74.0,25.0,2000-07-11T07:00Z,Denmark,G,375,27,0,3,1,0,0,0,3,0,0,0,404,103,55,Leicester,#0202fb,#000000,https://a.espncdn.com/i/teamlogos/soccer/500/375.png,,,,0.6518987341772152,1,50.609756097560975,47.5609756097561,,79.8780487804878,43.90243902439025,,,29.934640522875817,30.065359477124183,,40.849673202614376,15.42483660130719,6.097560975609767,35.41666666666667,87.8048780487805,25.609756097560975,50.0,18.902439024390233,0
281730,Luke Cundle,luke-cundle,137.0,"5' 7""",67.0,23.0,2002-04-26T07:00Z,England,M,380,0,0,0,0,0,0,0,0,0,0,0,0,0,0,Wolves,#fdb913,#cd1937,https://a.espncdn.com/i/teamlogos/soccer/500/380.png,,,,,0,26.304347826086953,25.43478260869565,,11.956521739130435,11.956521739130435,,,29.934640522875817,30.065359477124183,,14.117647058823529,15.42483660130719,89.13043478260869,,16.956521739130434,83.47826086956522,54.56521739130435,81.30434782608695,0
282186,Mats Wieffer,mats-wieffer,172.0,"6' 2""",74.0,26.0,1999-11-16T08:00Z,Netherlands,M,331,25,23,10,6,0,0,4,1,4,9,1,0,2,21,Brighton,#0606fa,#ffdd00,https://a.espncdn.com/i/teamlogos/soccer/500/331.png,0.4444444444444444,0.1111111111111111,0.25,,6,60.652173913043484,87.60869565217392,86.49425287356321,50.43478260869565,69.1304347826087,75.28735632183908,51.29032258064517,66.60130718954248,90.45751633986929,81.02119460500964,60.0,79.15032679738562,44.99999999999999,,50.21739130434783,20.652173913043484,54.56521739130435,54.56521739130435,16
282583,Jan Paul van Hecke,jan-paul-van-hecke,172.0,"6' 2""",74.0,25.0,2000-06-08T07:00Z,Netherlands,D,331,34,26,24,7,1,0,0,2,5,17,1,0,21,46,Brighton,#0606fa,#ffdd00,https://a.espncdn.com/i/teamlogos/soccer/500/331.png,0.29411764705882354,0.058823529411764705,0.2,,9,77.71535580524345,33.89513108614232,57.85340314136126,88.01498127340824,85.76779026217228,62.30366492146597,53.64238410596026,66.60130718954248,30.065359477124183,47.88053949903661,81.04575163398692,83.66013071895425,9.17602996254682,,89.70037453183521,8.239700374531836,4.86891385767791,33.52059925093633,14
282585,Benoît Badiashile,benoit-badiashile,163.0,"6' 4""",76.0,24.0,2001-03-26T08:00Z,France,D,363,5,6,2,0,0,0,0,1,0,0,0,0,2,5,Chelsea,#144992,#ffeeee,https://a.espncdn.com/i/teamlogos/soccer/500/363.png,,,,,0,35.0187265917603,33.89513108614232,,36.70411985018727,43.82022471910113,,,29.934640522875817,30.065359477124183,,36.470588235294116,46.470588235294116,66.85393258426967,,36.70411985018727,84.45692883895131,54.49438202247191,48.12734082397003,0
282716,Jurriën Timber,jurrien-timber,172.0,"5' 10""",70.0,24.0,2001-06-17T07:00Z,Netherlands,D,359,30,30,29,7,0,0,3,3,4,14,1,0,4,22,Arsenal,#e20520,#132257,https://a.espncdn.com/i/teamlogos/soccer/500/359.png,0.2857142857142857,0.07142857142857142,0.25,,7,77.71535580524345,94.00749063670412,55.235602094240846,91.38576779026218,92.13483146067416,67.5392670157068,58.27814569536424,66.60130718954248,85.88235294117646,45.472061657032754,86.47058823529412,87.84313725490196,41.01123595505618,,46.62921348314607,8.239700374531836,54.49438202247191,23.220973782771537,16
282885,Han-Noah Massengo,han-noah-massengo,152.0,"5' 10""",70.0,24.0,2001-07-07T07:00Z,France,M,379,3,0,0,0,0,0,0,0,0,0,0,0,0,0,Burnley,#6C1D45,#1a1a1a,https://a.espncdn.com/i/teamlogos/soccer/500/379.png,,,,,0,26.304347826086953,25.43478260869565,,11.956521739130435,11.956521739130435,,,29.934640522875817,30.065359477124183,,14.117647058823529,15.42483660130719,89.13043478260869,,16.956521739130434,83.47826086956522,54.56521739130435,81.30434782608695,0
283086,Leif Davis,leif-davis,152.0,"6' 0""",72.0,26.0,1999-12-31T08:00Z,England,D,373,33,27,31,5,1,0,2,8,2,16,1,0,9,69,Ipswich,#0000fa,#cd1937,https://a.espncdn.com/i/teamlogos/soccer/500/373.png,0.125,0.0625,0.5,,7,77.71535580524345,88.57677902621724,25.392670157068064,92.69662921348315,87.64044943820225,63.35078534031413,80.79470198675497,66.60130718954248,78.82352941176471,18.59344894026975,87.6470588235294,84.70588235294117,2.247191011235955,,66.47940074906367,18.16479400749064,4.86891385767791,2.6217228464419406,57
283586,Jake O'Brien,jake-obrien,203.0,"6' 6""",78.0,24.0,2001-05-15T07:00Z,Republic of Ireland,D,368,20,13,5,5,0,0,0,2,3,6,2,0,4,17,Everton,#0606fa,#132257,https://a.espncdn.com/i/teamlogos/soccer/500/368.png,0.5,0.3333333333333333,0.6666666666666666,,5,90.0749063670412,33.89513108614232,87.43455497382199,51.12359550561798,63.670411985018724,95.81151832460732,86.75496688741721,77.25490196078432,30.065359477124183,88.82466281310212,47.97385620915033,62.22222222222222,47.75280898876404,,46.62921348314607,18.16479400749064,54.49438202247191,33.52059925093633,6
283672,Jérémy Doku,jeremy-doku,146.0,"5' 8""",68.0,23.0,2002-05-27T07:00Z,Belgium,F,382,29,8,33,1,0,0,6,2,8,28,3,0,1,12,Man City,#99c5ea,#e6ff00,https://a.espncdn.com/i/teamlogos/soccer/500/382.png,0.2857142857142857,0.10714285714285714,0.375,,1,59.946236559139784,91.12903225806451,30.87248322147651,85.48387096774194,45.16129032258064,50.33557046979866,61.85185185185185,83.20261437908498,95.03267973856208,45.472061657032754,89.41176470588236,52.09150326797386,55.913978494623656,,64.51612903225806,52.41935483870967,52.41935483870967,30.91397849462365,29
283940,Aaron Hickey,aaron-hickey,159.0,"5' 10""",70.0,23.0,2002-06-10T07:00Z,Scotland,D,337,0,0,0,0,0,0,0,0,0,0,0,0,0,0,Brentford,#f42727,#f8ced9,https://a.espncdn.com/i/teamlogos/soccer/500/337.png,,,,,0,35.0187265917603,33.89513108614232,,13.48314606741573,12.734082397003746,,,29.934640522875817,30.065359477124183,,14.117647058823529,15.42483660130719,89.32584269662921,,14.981273408239701,84.45692883895131,54.49438202247191,78.08988764044943,0
284081,Caleb Okoli,caleb-okoli,201.0,"6' 3""",75.0,24.0,2001-07-13T07:00Z,Italy,D,375,19,16,9,4,0,0,0,0,3,5,1,0,14,26,Leicester,#0202fb,#000000,https://a.espncdn.com/i/teamlogos/soccer/500/375.png,0.6,0.2,0.3333333333333333,,4,77.71535580524345,33.89513108614232,95.02617801047121,63.857677902621724,67.97752808988764,90.0523560209424,66.88741721854305,66.60130718954248,30.065359477124183,94.60500963391137,57.647058823529406,67.45098039215686,34.6441947565543,,79.40074906367042,28.277153558052433,54.49438202247191,78.08988764044943,0
284490,Keane Lewis-Potter,keane-lewis-potter,148.0,"5' 7""",67.0,24.0,2001-02-22T08:00Z,England,F,337,38,17,31,7,0,0,3,8,15,30,1,0,12,47,Brentford,#f42727,#f8ced9,https://a.espncdn.com/i/teamlogos/soccer/500/337.png,0.5,0.03333333333333333,0.06666666666666667,,7,43.81720430107527,75.0,89.26174496644296,82.25806451612904,68.54838709677419,22.818791946308725,14.814814814814813,66.60130718954248,85.88235294117646,88.82466281310212,87.6470588235294,69.73856209150327,5.913978494623649,,100.0,4.032258064516128,52.41935483870967,2.9569892473118244,25
284641,Tommy Doyle,tommy-doyle,161.0,"5' 8""",68.0,24.0,2001-10-17T07:00Z,England,M,380,24,5,5,1,0,0,1,4,2,9,0,0,5,10,Wolves,#fdb913,#cd1937,https://a.espncdn.com/i/teamlogos/soccer/500/380.png,0.2222222222222222,0.0,0.0,,1,26.304347826086953,57.826086956521735,33.33333333333333,38.47826086956522,34.56521739130435,18.67816091954023,14.838709677419354,29.934640522875817,67.3202614379085,32.080924855491325,47.97385620915033,43.72549019607843,58.04347826086956,,68.04347826086956,61.95652173913043,54.56521739130435,23.26086956521739,7
284792,Crysencio Summerville,crysencio-summerville,139.0,"5' 9""",69.0,24.0,2001-10-30T08:00Z,Netherlands,F,371,19,9,23,2,0,0,1,0,2,14,1,0,4,19,West Ham,#7c2c3b,#000000,https://a.espncdn.com/i/teamlogos/soccer/500/371.png,0.14285714285714285,0.07142857142857142,0.5,,2,43.81720430107527,54.56989247311827,11.409395973154362,71.23655913978494,48.924731182795696,35.23489932885906,87.77777777777777,66.60130718954248,67.3202614379085,20.134874759152215,79.86928104575163,54.70588235294118,44.35483870967742,,89.24731182795699,34.67741935483872,52.41935483870967,78.49462365591398,17
284960,João Pedro,joao-pedro,152.0,"6' 0""",72.0,24.0,2001-09-26T07:00Z,Brazil,F,331,27,26,46,4,1,0,6,4,19,46,10,0,0,26,Brighton,#0606fa,#ffdd00,https://a.espncdn.com/i/teamlogos/soccer/500/331.png,0.41304347826086957,0.21739130434782608,0.5263157894736842,,6,88.70967741935483,91.12903225806451,67.11409395973155,93.01075268817203,87.63440860215054,92.61744966442953,92.5925925925926,96.9281045751634,95.03267973856208,76.30057803468208,94.90196078431372,83.66013071895425,29.3010752688172,,28.49462365591398,15.053763440860209,2.9569892473118244,14.516129032258064,27
285450,Enzo Fernández,enzo-fernandez,168.0,"5' 10""",70.0,24.0,2001-01-17T08:00Z,Argentina,M,363,36,51,54,8,0,0,7,9,20,52,6,0,7,37,Chelsea,#144992,#ffeeee,https://a.espncdn.com/i/teamlogos/soccer/500/363.png,0.38461538461538464,0.11538461538461539,0.3,,8,93.04347826086956,95.0,77.87356321839081,95.21739130434783,95.43478260869566,77.58620689655173,60.967741935483865,91.63398692810458,96.9281045751634,68.88246628131022,97.90849673202614,98.10457516339869,17.391304347826093,,77.6086956521739,11.521739130434781,54.56521739130435,2.391304347826079,72
285629,Jhon Durán,jhon-duran,161.0,"6' 1""",73.0,22.0,2003-12-13T08:00Z,Colombia,F,362,20,14,15,3,1,0,0,1,15,31,7,0,0,14,Aston Villa,#660e36,#ffffff,https://a.espncdn.com/i/teamlogos/soccer/500/362.png,0.4838709677419355,0.22580645161290322,0.4666666666666667,,5,79.03225806451613,23.387096774193548,86.57718120805369,58.06451612903226,61.55913978494624,93.95973154362416,82.96296296296296,93.33333333333333,30.065359477124183,86.1271676300578,69.34640522875817,63.39869281045751,53.763440860215056,,28.49462365591398,22.311827956989248,2.9569892473118244,48.655913978494624,4
286090,Jacob Ramsey,jacob-ramsey,163.0,"5' 11""",71.0,24.0,2001-05-28T07:00Z,England,M,362,29,12,28,3,1,0,3,3,4,20,1,0,4,26,Aston Villa,#660e36,#ffffff,https://a.espncdn.com/i/teamlogos/soccer/500/362.png,0.2,0.05,0.25,,5,60.652173913043484,81.08695652173913,28.160919540229884,79.56521739130434,48.69565217391305,41.95402298850575,51.29032258064517,66.60130718954248,85.88235294117646,28.227360308285164,85.29411764705883,60.588235294117645,37.39130434782608,,63.69565217391304,43.04347826086956,5.0,30.434782608695656,20
286128,Armel Bella-Kotchap,armel-bella-kotchap,192.0,"6' 3""",75.0,24.0,2001-12-11T08:00Z,Germany,D,376,4,3,2,0,0,0,0,1,0,1,0,0,2,13,Southampton,#ED1A3B,#f1ee13,https://a.espncdn.com/i/teamlogos/soccer/500/376.png,0.0,0.0,,,0,35.0187265917603,33.89513108614232,10.732984293193718,36.70411985018727,34.08239700374532,29.05759162303665,,29.934640522875817,30.065359477124183,7.321772639691715,36.470588235294116,39.869281045751634,53.18352059925094,,36.70411985018727,84.45692883895131,54.49438202247191,48.12734082397003,0
286965,Jarrad Branthwaite,jarrad-branthwaite,192.0,"6' 5""",77.0,23.0,2002-06-27T07:00Z,England,D,368,30,12,18,4,0,0,1,6,3,10,0,0,24,28,Everton,#0606fa,#132257,https://a.espncdn.com/i/teamlogos/soccer/500/368.png,0.3,0.0,0.0,,4,35.0187265917603,76.02996254681648,59.424083769633505,81.46067415730337,61.79775280898876,29.05759162303665,23.509933774834437,29.934640522875817,67.3202614379085,49.51830443159923,73.66013071895425,60.588235294117645,31.273408239700373,,92.13483146067416,28.277153558052433,54.49438202247191,6.741573033707866,3
287461,Jakub Moder,jakub-moder,172.0,"6' 2""",74.0,26.0,1999-04-07T07:00Z,Poland,M,331,4,0,0,0,0,0,0,0,0,0,0,0,0,0,Brighton,#0606fa,#ffdd00,https://a.espncdn.com/i/teamlogos/soccer/500/331.png,,,,,0,26.304347826086953,25.43478260869565,,11.956521739130435,11.956521739130435,,,29.934640522875817,30.065359477124183,,14.117647058823529,15.42483660130719,89.13043478260869,,16.956521739130434,83.47826086956522,54.56521739130435,81.30434782608695,2
289511,Beto,beto,192.0,"6' 4""",76.0,27.0,1998-01-31T08:00Z,Guinea-Bissau,F,368,30,33,23,2,0,0,0,0,23,49,8,0,1,24,Everton,#0606fa,#132257,https://a.espncdn.com/i/teamlogos/soccer/500/368.png,0.46938775510204084,0.16326530612244897,0.34782608695652173,,2,82.25806451612904,23.387096774193548,84.56375838926175,71.23655913978494,92.47311827956989,73.8255033557047,57.03703703703704,94.64052287581698,30.065359477124183,84.97109826589595,79.86928104575163,90.06535947712419,34.40860215053763,,64.51612903225806,34.67741935483872,52.41935483870967,78.49462365591398,12
289645,Evan Ferguson,evan-ferguson,172.0,"6' 0""",72.0,21.0,2004-10-19T07:00Z,Republic of Ireland,F,371,34,7,4,0,0,0,0,3,5,19,2,0,3,17,West Ham,#7c2c3b,#000000,https://a.espncdn.com/i/teamlogos/soccer/500/371.png,0.2631578947368421,0.10526315789473684,0.4,,0,53.494623655913976,23.387096774193548,26.51006711409396,34.40860215053764,42.204301075268816,49.328859060402685,68.51851851851852,77.25490196078432,30.065359477124183,40.655105973025044,44.31372549019608,49.411764705882355,48.655913978494624,,84.40860215053763,80.64516129032258,52.41935483870967,18.548387096774192,4
289837,Yasser Larouci,yasser-larouci,150.0,"5' 9""",69.0,24.0,2001-01-01T08:00Z,Algeria,D,398,11,5,5,1,0,0,0,1,1,6,0,0,1,10,Sheffield Utd,#f42727,#1D428A,https://a.espncdn.com/i/teamlogos/soccer/500/398.png,0.16666666666666666,0.0,0.0,,1,35.0187265917603,33.89513108614232,31.93717277486911,51.12359550561798,39.325842696629216,29.05759162303665,23.509933774834437,29.934640522875817,30.065359477124183,22.736030828516377,47.97385620915033,43.72549019607843,58.052434456928836,,32.20973782771536,60.48689138576779,54.49438202247191,48.12734082397003,0
289840,Vitezslav Jaros,vitezslav-jaros,192.0,"6' 3""",75.0,24.0,2001-07-23T07:00Z,Czechia,G,364,1,0,0,0,0,0,0,0,0,0,0,0,1,0,Liverpool,#d11317,#132257,https://a.espncdn.com/i/teamlogos/soccer/500/364.png,,,,1.0,0,50.609756097560975,47.5609756097561,,29.268292682926827,43.90243902439025,,,29.934640522875817,30.065359477124183,,14.117647058823529,15.42483660130719,77.4390243902439,98.95833333333334,42.68292682926829,64.6341463414634,50.0,67.07317073170731,0
289877,Moisés Caicedo,moises-caicedo,161.0,"5' 10""",70.0,24.0,2001-11-02T08:00Z,Ecuador,M,363,38,70,58,11,0,0,2,5,2,19,1,0,10,42,Chelsea,#144992,#ffeeee,https://a.espncdn.com/i/teamlogos/soccer/500/363.png,0.10526315789473684,0.05263157894736842,0.5,,11,60.652173913043484,70.86956521739131,15.517241379310345,96.73913043478261,100.0,43.96551724137931,86.7741935483871,66.60130718954248,78.82352941176471,17.148362235067438,98.62745098039215,99.73856209150327,12.173913043478251,,88.47826086956522,1.7391304347826093,54.56521739130435,16.304347826086953,28
290076,Destiny Udogie,destiny-udogie,161.0,"6' 1""",73.0,23.0,2002-11-28T08:00Z,Italy,D,367,25,28,38,2,0,1,1,2,2,6,0,0,7,34,Spurs,#ffffff,#9bafd8,https://a.espncdn.com/i/teamlogos/soccer/500/367.png,0.3333333333333333,0.0,0.0,,2,35.0187265917603,76.02996254681648,65.70680628272252,96.44194756554307,89.70037453183521,29.05759162303665,23.509933774834437,29.934640522875817,67.3202614379085,57.61078998073218,91.89542483660131,85.94771241830065,25.093632958801493,,59.176029962546814,46.254681647940075,54.49438202247191,33.52059925093633,16
290101,Andrew Omobamidele,andrew-omobamidele,172.0,"6' 2""",74.0,23.0,2002-06-23T07:00Z,Republic of Ireland,D,393,0,0,0,0,0,0,0,0,0,0,0,0,0,0,Nottm Forest,#c8102e,#132257,https://a.espncdn.com/i/teamlogos/soccer/500/393.png,,,,,0,35.0187265917603,33.89513108614232,,13.48314606741573,12.734082397003746,,,29.934640522875817,30.065359477124183,,14.117647058823529,15.42483660130719,89.32584269662921,,14.981273408239701,84.45692883895131,54.49438202247191,78.08988764044943,0
290413,Hjalmar Ekdal,hjalmar-ekdal,170.0,"6' 2""",74.0,27.0,1998-10-21T07:00Z,Sweden,D,379,8,8,2,2,0,0,0,0,0,1,0,0,5,8,Burnley,#6C1D45,#1a1a1a,https://a.espncdn.com/i/teamlogos/soccer/500/379.png,0.0,0.0,,,2,35.0187265917603,33.89513108614232,10.732984293193718,36.70411985018727,51.12359550561798,29.05759162303665,,29.934640522875817,30.065359477124183,7.321772639691715,36.470588235294116,52.09150326797386,61.79775280898877,,50.936329588014985,46.254681647940075,54.49438202247191,78.08988764044943,0
290581,Woyo Coulibaly,woyo-coulibaly,170.0,"6' 2""",74.0,26.0,1999-05-26T07:00Z,Mali,D,375,4,2,1,1,0,0,0,0,1,2,0,0,1,6,Leicester,#0202fb,#000000,https://a.espncdn.com/i/teamlogos/soccer/500/375.png,0.5,0.0,0.0,,1,35.0187265917603,33.89513108614232,87.43455497382199,29.775280898876407,30.711610486891384,29.05759162303665,23.509933774834437,29.934640522875817,30.065359477124183,88.82466281310212,30.84967320261438,36.60130718954248,64.7940074906367,,32.20973782771536,60.48689138576779,54.49438202247191,78.08988764044943,0
291174,Jacob Greaves,jacob-greaves,152.0,"6' 1""",73.0,25.0,2000-09-12T07:00Z,England,D,373,25,16,21,5,0,0,0,2,4,10,1,0,26,52,Ipswich,#0000fa,#cd1937,https://a.espncdn.com/i/teamlogos/soccer/500/373.png,0.4,0.1,0.25,,5,77.71535580524345,33.89513108614232,77.4869109947644,86.14232209737828,67.97752808988764,74.60732984293193,58.27814569536424,66.60130718954248,30.065359477124183,73.41040462427746,77.84313725490196,67.45098039215686,6.741573033707866,,94.19475655430712,18.16479400749064,54.49438202247191,33.52059925093633,5
291269,William Dennis,william-dennis,183.0,"6' 2""",74.0,25.0,2000-07-10T07:00Z,England,G,349,0,0,0,0,0,0,0,0,0,0,0,0,0,0,Bournemouth,#f42727,#ffffff,https://a.espncdn.com/i/teamlogos/soccer/500/349.png,,,,,0,50.609756097560975,47.5609756097561,,29.268292682926827,43.90243902439025,,,29.934640522875817,30.065359477124183,,14.117647058823529,15.42483660130719,77.4390243902439,,21.341463414634145,64.6341463414634,50.0,67.07317073170731,0
291307,Brennan Johnson,brennan-johnson,161.0,"6' 1""",73.0,24.0,2001-05-23T07:00Z,Wales,F,367,33,24,26,5,0,0,3,2,20,53,11,0,3,36,Spurs,#ffffff,#9bafd8,https://a.espncdn.com/i/teamlogos/soccer/500/367.png,0.37735849056603776,0.20754716981132076,0.55,,5,91.39784946236558,75.0,48.99328859060403,75.53763440860214,81.98924731182797,89.26174496644296,94.07407407407408,97.7124183006536,85.88235294117646,67.63005780346822,82.87581699346406,80.84967320261438,16.129032258064512,,84.40860215053763,8.602150537634415,52.41935483870967,30.91397849462365,19
291468,Justin Devenny,justin-devenny,161.0,"5' 10""",70.0,22.0,2003-10-11T07:00Z,Northern Ireland,M,384,23,8,0,1,0,0,1,2,6,10,1,0,1,8,C Palace,#0202fb,#ffdd00,https://a.espncdn.com/i/teamlogos/soccer/500/384.png,0.6,0.1,0.16666666666666666,,1,60.652173913043484,57.826086956521735,94.82758620689656,11.956521739130435,42.173913043478265,72.70114942528735,36.12903225806451,66.60130718954248,67.3202614379085,94.60500963391137,14.117647058823529,52.09150326797386,61.08695652173913,,39.78260869565217,61.95652173913043,54.56521739130435,40.21739130434783,7
291535,Armando Broja,armando-broja,183.0,"6' 3""",75.0,24.0,2001-09-10T07:00Z,Albania,F,368,10,6,4,1,0,0,0,1,0,5,0,0,0,2,Everton,#0606fa,#132257,https://a.espncdn.com/i/teamlogos/soccer/500/368.png,0.0,0.0,,,1,18.817204301075268,23.387096774193548,5.033557046979865,34.40860215053764,39.247311827956985,11.073825503355705,,29.934640522875817,30.065359477124183,7.321772639691715,44.31372549019608,46.470588235294116,75.0,,28.49462365591398,52.41935483870967,52.41935483870967,48.655913978494624,4
291609,Bart Verbruggen,bart-verbruggen,146.0,"6' 4""",76.0,23.0,2002-08-18T07:00Z,Netherlands,G,331,36,0,2,6,0,0,1,5,0,0,0,341,91,56,Brighton,#0606fa,#ffdd00,https://a.espncdn.com/i/teamlogos/soccer/500/331.png,,,,0.6190476190476191,6,50.609756097560975,96.34146341463415,,72.5609756097561,43.90243902439025,,,29.934640522875817,67.3202614379085,,36.470588235294116,15.42483660130719,4.878048780487802,18.75,82.92682926829268,1.2195121951219505,50.0,11.58536585365853,1
291630,Amad,amad,159.0,"5' 8""",68.0,23.0,2002-07-11T07:00Z,Ivory Coast,F,360,26,20,28,5,0,0,6,3,17,44,8,0,1,29,Man United,#da020e,#144992,https://a.espncdn.com/i/teamlogos/soccer/500/360.png,0.38636363636363635,0.18181818181818182,0.47058823529411764,,5,82.25806451612904,91.12903225806451,53.691275167785236,78.76344086021506,74.73118279569893,81.54362416107382,84.07407407407408,94.64052287581698,95.03267973856208,69.36416184971098,85.29411764705883,74.9673202614379,23.924731182795696,,64.51612903225806,8.602150537634415,52.41935483870967,18.548387096774192,0
291638,Neco Williams,neco-williams,159.0,"6' 0""",72.0,24.0,2001-04-13T07:00Z,Wales,D,393,35,23,43,7,0,0,3,4,6,37,1,0,10,32,Nottm Forest,#c8102e,#132257,https://a.espncdn.com/i/teamlogos/soccer/500/393.png,0.16216216216216217,0.02702702702702703,0.16666666666666666,,7,77.71535580524345,94.00749063670412,30.36649214659686,97.37827715355806,81.46067415730337,58.1151832460733,51.324503311258276,66.60130718954248,85.88235294117646,21.772639691714836,93.72549019607843,79.15032679738562,27.153558052434462,,69.85018726591761,8.239700374531836,54.49438202247191,15.730337078651687,17
293236,Noni Madueke,noni-madueke,163.0,"6' 0""",72.0,23.0,2002-03-10T08:00Z,England,F,363,32,19,25,3,0,0,3,5,30,80,7,0,0,28,Chelsea,#144992,#ffeeee,https://a.espncdn.com/i/teamlogos/soccer/500/363.png,0.375,0.0875,0.23333333333333334,,3,79.03225806451613,75.0,47.31543624161073,74.46236559139786,72.84946236559139,42.281879194630875,28.888888888888886,93.33333333333333,85.88235294117646,66.47398843930635,81.96078431372548,73.26797385620914,25.0,,28.49462365591398,22.311827956989248,52.41935483870967,12.096774193548384,30
293337,Harrison Clarke,harrison-clarke,157.0,"5' 11""",71.0,24.0,2001-03-02T08:00Z,England,D,373,7,4,1,2,1,0,0,0,1,1,0,0,4,10,Ipswich,#0000fa,#cd1937,https://a.espncdn.com/i/teamlogos/soccer/500/373.png,1.0,0.0,0.0,,4,35.0187265917603,33.89513108614232,98.42931937172776,29.775280898876407,36.329588014981276,29.05759162303665,23.509933774834437,29.934640522875817,30.065359477124183,97.88053949903662,30.84967320261438,41.96078431372549,58.052434456928836,,46.62921348314607,46.254681647940075,4.86891385767791,78.08988764044943,0
293347,Cameron Archer,cameron-archer,159.0,"5' 11""",71.0,24.0,2001-12-09T08:00Z,England,F,376,65,28,33,2,0,0,1,1,19,69,6,0,5,81,Southampton,#ED1A3B,#f1ee13,https://a.espncdn.com/i/teamlogos/soccer/500/376.png,0.2753623188405797,0.08695652173913043,0.3157894736842105,,2,74.73118279569893,54.56989247311827,28.187919463087248,85.48387096774194,89.51612903225806,40.939597315436245,45.18518518518518,91.63398692810458,67.3202614379085,42.00385356454721,89.41176470588236,85.94771241830065,0.0,,93.54838709677419,34.67741935483872,52.41935483870967,48.655913978494624,5
294427,Issa Kaboré,issa-kabore,170.0,"5' 11""",71.0,24.0,2001-05-12T07:00Z,Burkina Faso,D,301,24,27,30,7,0,1,2,1,2,7,0,0,11,36,Luton,#ff4f00,#1D428A,https://a.espncdn.com/i/teamlogos/soccer/500/301.png,0.2857142857142857,0.0,0.0,,7,35.0187265917603,88.57677902621724,55.235602094240846,91.94756554307116,87.64044943820225,29.05759162303665,23.509933774834437,29.934640522875817,78.82352941176471,45.472061657032754,86.9281045751634,84.70588235294117,22.471910112359552,,73.03370786516854,8.239700374531836,54.49438202247191,48.12734082397003,0
295370,Jaden Philogene,jaden-philogene,146.0,"5' 11""",71.0,24.0,2002-02-08T08:00Z,England,F,373,32,30,26,7,2,0,0,1,5,25,2,0,1,26,Ipswich,#0000fa,#cd1937,https://a.espncdn.com/i/teamlogos/soccer/500/373.png,0.2,0.08,0.4,,11,53.494623655913976,23.387096774193548,15.436241610738255,75.53763440860214,90.86021505376344,38.92617449664429,68.51851851851852,77.25490196078432,30.065359477124183,28.227360308285164,82.87581699346406,87.84313725490196,29.3010752688172,,64.51612903225806,4.032258064516128,0.26881720430107237,48.655913978494624,6
296395,Cole Palmer,cole-palmer,168.0,"6' 2""",74.0,23.0,2002-05-06T07:00Z,England,M,363,37,15,60,7,0,0,8,10,41,127,15,0,2,42,Chelsea,#144992,#ffeeee,https://a.espncdn.com/i/teamlogos/soccer/500/363.png,0.3228346456692913,0.11811023622047244,0.36585365853658536,,7,100.0,97.60869565217392,63.2183908045977,97.3913043478261,53.2608695652174,78.16091954022988,70.3225806451613,99.01960784313727,98.16993464052287,54.72061657032755,98.95424836601308,65.09803921568627,12.173913043478251,,50.21739130434783,16.086956521739125,54.56521739130435,1.5217391304347814,83
296398,Jakub Stolarczyk,jakub-stolarczyk,179.0,"6' 4""",76.0,25.0,2000-12-19T08:00Z,Poland,G,375,10,0,0,1,0,0,0,0,0,0,0,113,28,16,Leicester,#0202fb,#000000,https://a.espncdn.com/i/teamlogos/soccer/500/375.png,,,,0.6363636363636364,1,50.609756097560975,47.5609756097561,,29.268292682926827,43.90243902439025,,,29.934640522875817,30.065359477124183,,14.117647058823529,15.42483660130719,34.756097560975604,22.916666666666664,64.63414634146342,25.609756097560975,50.0,67.07317073170731,0
296410,Levi Colwill,levi-colwill,183.0,"6' 2""",74.0,22.0,2003-02-26T08:00Z,England,D,363,35,45,21,9,0,0,1,4,4,17,2,0,25,41,Chelsea,#144992,#ffeeee,https://a.espncdn.com/i/teamlogos/soccer/500/363.png,0.23529411764705882,0.11764705882352941,0.5,,9,90.0749063670412,76.02996254681648,44.50261780104712,86.14232209737828,98.87640449438202,79.31937172774869,80.79470198675497,77.25490196078432,67.3202614379085,34.104046242774565,77.84313725490196,96.20915032679738,16.47940074906367,,93.07116104868915,3.183520599250926,54.49438202247191,15.730337078651687,14
296512,Micky van de Ven,micky-van-de-ven,179.0,"6' 4""",76.0,24.0,2001-04-19T07:00Z,Netherlands,D,367,13,10,9,4,0,0,2,1,2,6,0,0,7,17,Spurs,#ffffff,#9bafd8,https://a.espncdn.com/i/teamlogos/soccer/500/367.png,0.3333333333333333,0.0,0.0,,4,35.0187265917603,88.57677902621724,65.70680628272252,63.857677902621724,56.92883895131086,29.05759162303665,23.509933774834437,29.934640522875817,78.82352941176471,57.61078998073218,57.647058823529406,56.666666666666664,47.75280898876404,,59.176029962546814,28.277153558052433,54.49438202247191,48.12734082397003,2
296612,Nathan Butler-Oyedeji,nathan-butler-oyedeji,150.0,"5' 7""",67.0,22.0,2003-01-04T08:00Z,England,F,359,1,0,0,0,0,0,0,0,1,1,0,0,0,0,Arsenal,#e20520,#132257,https://a.espncdn.com/i/teamlogos/soccer/500/359.png,1.0,0.0,0.0,,0,18.817204301075268,23.387096774193548,98.65771812080537,11.827956989247312,11.827956989247312,11.073825503355705,7.037037037037037,29.934640522875817,30.065359477124183,97.88053949903662,14.117647058823529,15.42483660130719,89.51612903225806,,28.49462365591398,80.64516129032258,52.41935483870967,78.49462365591398,0
296618,Teden Mengi,teden-mengi,172.0,"6' 1""",73.0,23.0,2002-04-30T07:00Z,England,D,301,30,33,7,3,0,0,0,4,4,11,1,0,29,56,Luton,#ff4f00,#1D428A,https://a.espncdn.com/i/teamlogos/soccer/500/301.png,0.36363636363636365,0.09090909090909091,0.25,,3,77.71535580524345,33.89513108614232,71.98952879581152,59.36329588014981,94.3820224719101,72.25130890052355,58.27814569536424,66.60130718954248,30.065359477124183,64.73988439306359,53.59477124183007,90.06535947712419,5.430711610486895,,95.69288389513109,36.89138576779026,54.49438202247191,15.730337078651687,0
296622,Anthony Elanga,anthony-elanga,152.0,"5' 10""",70.0,23.0,2002-04-27T07:00Z,Sweden,F,393,38,9,47,1,0,0,12,3,22,44,6,0,1,35,Nottm Forest,#c8102e,#132257,https://a.espncdn.com/i/teamlogos/soccer/500/393.png,0.5,0.13636363636363635,0.2727272727272727,,1,74.73118279569893,99.46236559139786,89.26174496644296,94.08602150537635,48.924731182795696,62.41610738255034,35.92592592592593,91.63398692810458,99.80392156862746,88.82466281310212,95.55555555555556,54.70588235294118,18.81720430107528,,64.51612903225806,52.41935483870967,52.41935483870967,18.548387096774192,49
297337,Pape Matar Sarr,pape-matar-sarr,152.0,"6' 1""",73.0,23.0,2002-09-14T07:00Z,Senegal,M,367,36,33,35,6,0,0,2,3,13,33,3,0,11,34,Spurs,#ffffff,#9bafd8,https://a.espncdn.com/i/teamlogos/soccer/500/367.png,0.3939393939393939,0.09090909090909091,0.23076923076923078,,6,81.52173913043478,70.86956521739131,79.3103448275862,85.86956521739131,80.0,68.10344827586206,46.12903225806452,83.20261437908498,78.82352941176471,71.19460500963392,90.7843137254902,90.06535947712419,20.652173913043484,,91.95652173913044,20.652173913043484,54.56521739130435,30.434782608695656,0
297750,Albert Grønbaek,albert-grønbaek,141.0,"5' 9""",69.0,24.0,2001-05-23T07:00Z,Denmark,M,376,4,0,1,0,0,0,0,0,0,2,0,0,1,3,Southampton,#ED1A3B,#f1ee13,https://a.espncdn.com/i/teamlogos/soccer/500/376.png,0.0,0.0,,,0,26.304347826086953,25.43478260869565,5.747126436781609,25.869565217391305,11.956521739130435,18.67816091954023,,29.934640522875817,30.065359477124183,7.321772639691715,30.84967320261438,15.42483660130719,70.0,,39.78260869565217,83.47826086956522,54.56521739130435,81.30434782608695,0
297775,Naouirou Ahamada,naouirou-ahamada,161.0,"6' 0""",72.0,23.0,2002-03-29T08:00Z,France,M,384,0,0,0,0,0,0,0,0,0,0,0,0,0,0,C Palace,#0202fb,#ffdd00,https://a.espncdn.com/i/teamlogos/soccer/500/384.png,,,,,0,26.304347826086953,25.43478260869565,,11.956521739130435,11.956521739130435,,,29.934640522875817,30.065359477124183,,14.117647058823529,15.42483660130719,89.13043478260869,,16.956521739130434,83.47826086956522,54.56521739130435,81.30434782608695,0
298329,Riccardo Calafiori,riccardo-calafiori,190.0,"6' 2""",74.0,23.0,2002-05-19T07:00Z,Italy,D,359,19,16,6,4,0,0,1,1,5,9,2,0,6,12,Arsenal,#e20520,#132257,https://a.espncdn.com/i/teamlogos/soccer/500/359.png,0.5555555555555556,0.2222222222222222,0.4,,4,90.0749063670412,76.02996254681648,93.717277486911,55.80524344569289,67.97752808988764,92.67015706806284,72.84768211920529,77.25490196078432,67.3202614379085,93.0635838150289,51.045751633986924,67.45098039215686,54.11985018726592,,54.68164794007491,28.277153558052433,54.49438202247191,48.12734082397003,6
298518,James McAtee,james-mcatee,159.0,"5' 11""",71.0,23.0,2002-10-18T07:00Z,England,M,398,46,19,32,3,0,0,3,4,13,38,6,0,0,65,Sheffield Utd,#f42727,#1D428A,https://a.espncdn.com/i/teamlogos/soccer/500/398.png,0.34210526315789475,0.15789473684210525,0.46153846153846156,,3,93.04347826086956,81.08695652173913,70.6896551724138,83.26086956521739,63.69565217391304,87.93103448275862,81.93548387096774,91.63398692810458,85.88235294117646,61.078998073217726,88.56209150326796,73.26797385620914,2.826086956521735,,16.956521739130434,43.04347826086956,54.56521739130435,23.26086956521739,3
298520,Cieran Slicker,cieran-slicker,181.0,"6' 3""",75.0,23.0,2002-09-15T07:00Z,Scotland,G,373,0,0,0,0,0,0,0,0,0,0,0,0,0,0,Ipswich,#0000fa,#cd1937,https://a.espncdn.com/i/teamlogos/soccer/500/373.png,,,,,0,50.609756097560975,47.5609756097561,,29.268292682926827,43.90243902439025,,,29.934640522875817,30.065359477124183,,14.117647058823529,15.42483660130719,77.4390243902439,,21.341463414634145,64.6341463414634,50.0,67.07317073170731,0
298522,Tyler Morton,tyler-morton,163.0,"6' 0""",72.0,23.0,2002-10-31T08:00Z,England,M,364,0,0,0,0,0,0,0,0,0,0,0,0,0,0,Liverpool,#d11317,#132257,https://a.espncdn.com/i/teamlogos/soccer/500/364.png,,,,,0,26.304347826086953,25.43478260869565,,11.956521739130435,11.956521739130435,,,29.934640522875817,30.065359477124183,,14.117647058823529,15.42483660130719,89.13043478260869,,16.956521739130434,83.47826086956522,54.56521739130435,81.30434782608695,0
298524,Jarell Quansah,jarell-quansah,183.0,"6' 3""",75.0,23.0,2003-01-29T08:00Z,England,D,364,13,10,1,2,0,1,0,0,1,2,0,0,7,10,Liverpool,#d11317,#132257,https://a.espncdn.com/i/teamlogos/soccer/500/364.png,0.5,0.0,0.0,,2,35.0187265917603,33.89513108614232,87.43455497382199,29.775280898876407,56.92883895131086,29.05759162303665,23.509933774834437,29.934640522875817,30.065359477124183,88.82466281310212,30.84967320261438,56.666666666666664,58.052434456928836,,59.176029962546814,46.254681647940075,54.49438202247191,78.08988764044943,1
298938,Tawanda Chirewa,tawanda-chirewa,159.0,"5' 11""",71.0,22.0,2003-10-12T07:00Z,Zimbabwe,F,380,0,0,0,0,0,0,0,0,0,0,0,0,0,0,Wolves,#fdb913,#cd1937,https://a.espncdn.com/i/teamlogos/soccer/500/380.png,,,,,0,18.817204301075268,23.387096774193548,,11.827956989247312,11.827956989247312,,,29.934640522875817,30.065359477124183,,14.117647058823529,15.42483660130719,89.51612903225806,,28.49462365591398,80.64516129032258,52.41935483870967,78.49462365591398,0
299641,Valentino Livramento,valentino-livramento,141.0,"6' 0""",72.0,23.0,2002-11-12T08:00Z,England,D,361,37,6,35,1,0,0,1,5,2,6,0,0,11,38,Newcastle,#000000,#cd1937,https://a.espncdn.com/i/teamlogos/soccer/500/361.png,0.3333333333333333,0.0,0.0,,1,35.0187265917603,76.02996254681648,65.70680628272252,95.31835205992509,43.82022471910113,29.05759162303665,23.509933774834437,29.934640522875817,67.3202614379085,57.61078998073218,90.7843137254902,46.470588235294116,20.411985018726597,,73.03370786516854,60.48689138576779,54.49438202247191,10.112359550561806,0
299910,Josko Gvardiol,josko-gvardiol,174.0,"6' 1""",73.0,23.0,2002-01-23T08:00Z,Croatia,D,382,37,15,27,2,0,0,0,8,10,41,5,0,22,39,Man City,#99c5ea,#e6ff00,https://a.espncdn.com/i/teamlogos/soccer/500/382.png,0.24390243902439024,0.12195121951219512,0.5,,2,99.25093632958801,33.89513108614232,45.287958115183244,89.51310861423221,65.54307116104869,80.6282722513089,80.79470198675497,89.54248366013073,30.065359477124183,34.77842003853564,83.8562091503268,65.09803921568627,18.726591760299627,,90.4494382022472,46.254681647940075,54.49438202247191,2.6217228464419406,26
299911,Mykhailo Mudryk,mykhailo-mudryk,132.0,"5' 9""",69.0,24.0,2001-01-05T08:00Z,Ukraine,M,363,7,1,2,0,0,0,0,0,1,1,0,0,1,2,Chelsea,#144992,#ffeeee,https://a.espncdn.com/i/teamlogos/soccer/500/363.png,1.0,0.0,0.0,,0,26.304347826086953,25.43478260869565,97.98850574712644,30.0,25.43478260869565,18.67816091954023,14.838709677419354,29.934640522875817,30.065359477124183,97.88053949903662,36.470588235294116,32.745098039215684,73.47826086956522,,39.78260869565217,83.47826086956522,54.56521739130435,81.30434782608695,2
300103,Welington,welington,161.0,"5' 10""",70.0,24.0,2001-02-19T08:00Z,Brazil,D,376,10,6,8,1,0,0,0,0,0,3,0,0,1,10,Southampton,#ED1A3B,#f1ee13,https://a.espncdn.com/i/teamlogos/soccer/500/376.png,0.0,0.0,,,1,35.0187265917603,33.89513108614232,10.732984293193718,61.61048689138576,43.82022471910113,29.05759162303665,,29.934640522875817,30.065359477124183,7.321772639691715,55.62091503267974,46.470588235294116,58.052434456928836,,32.20973782771536,60.48689138576779,54.49438202247191,78.08988764044943,3
300853,Tyrick Mitchell,tyrick-mitchell,150.0,"5' 9""",69.0,26.0,1999-09-01T07:00Z,England,D,384,37,22,25,2,0,0,5,4,3,11,0,0,13,44,C Palace,#0202fb,#ffdd00,https://a.espncdn.com/i/teamlogos/soccer/500/384.png,0.2727272727272727,0.0,0.0,,2,35.0187265917603,97.56554307116106,51.57068062827225,88.57677902621724,78.65168539325843,29.05759162303665,23.509933774834437,29.934640522875817,93.0718954248366,41.61849710982659,81.96078431372548,77.45098039215686,12.359550561797747,,77.15355805243446,46.254681647940075,54.49438202247191,15.730337078651687,37
300966,Ronnie Edwards,ronnie-edwards,168.0,"5' 11""",71.0,22.0,2003-03-28T08:00Z,England,D,376,1,0,0,0,0,0,0,0,0,0,0,0,1,1,Southampton,#ED1A3B,#f1ee13,https://a.espncdn.com/i/teamlogos/soccer/500/376.png,,,,,0,35.0187265917603,33.89513108614232,,13.48314606741573,12.734082397003746,,,29.934640522875817,30.065359477124183,,14.117647058823529,15.42483660130719,76.96629213483146,,32.20973782771536,84.45692883895131,54.49438202247191,78.08988764044943,0
301047,David Datro Fofana,david-datro-fofana,168.0,"5' 11""",71.0,23.0,2002-12-22T08:00Z,Ivory Coast,F,379,15,16,10,1,0,0,1,2,10,19,4,0,3,18,Burnley,#6C1D45,#1a1a1a,https://a.espncdn.com/i/teamlogos/soccer/500/379.png,0.5263157894736842,0.21052631578947367,0.4,,1,65.86021505376344,54.56989247311827,93.28859060402685,46.774193548387096,66.66666666666666,90.26845637583892,68.51851851851852,86.9281045751634,67.3202614379085,92.1965317919075,60.0,67.45098039215686,46.505376344086024,,84.40860215053763,52.41935483870967,52.41935483870967,30.91397849462365,0
301248,Jay Stansfield,jay-stansfield,0.0,,0.0,23.0,2002-11-24T08:00Z,England,F,370,1,1,0,0,0,0,0,0,0,0,0,0,0,0,Fulham,#ffffff,#d11317,https://a.espncdn.com/i/teamlogos/soccer/500/370.png,,,,,0,18.817204301075268,23.387096774193548,,11.827956989247312,25.537634408602152,,,29.934640522875817,30.065359477124183,,14.117647058823529,32.745098039215684,89.51612903225806,,28.49462365591398,80.64516129032258,52.41935483870967,78.49462365591398,0
301462,Yerson Mosquera,yerson-mosquera,168.0,"6' 2""",74.0,24.0,2001-05-02T07:00Z,Colombia,D,380,5,6,7,2,0,0,0,1,0,2,0,0,10,12,Wolves,#fdb913,#cd1937,https://a.espncdn.com/i/teamlogos/soccer/500/380.png,0.0,0.0,,,2,35.0187265917603,33.89513108614232,10.732984293193718,59.36329588014981,43.82022471910113,29.05759162303665,,29.934640522875817,30.065359477124183,7.321772639691715,53.59477124183007,46.470588235294116,54.11985018726592,,69.85018726591761,46.254681647940075,54.49438202247191,48.12734082397003,2
301524,João Gomes,joao-gomes,161.0,"5' 9""",69.0,24.0,2001-02-12T08:00Z,Brazil,M,380,36,69,47,10,1,0,1,3,7,35,3,0,4,57,Wolves,#fdb913,#cd1937,https://a.espncdn.com/i/teamlogos/soccer/500/380.png,0.2,0.08571428571428572,0.42857142857142855,,12,81.52173913043478,57.826086956521735,28.160919540229884,91.52173913043478,99.34782608695653,65.51724137931035,79.03225806451613,83.20261437908498,67.3202614379085,28.227360308285164,95.55555555555556,99.54248366013073,3.4782608695652186,,63.69565217391304,3.9130434782608745,5.0,30.434782608695656,22
301525,Rodrigo Muniz,rodrigo-muniz,148.0,"5' 10""",70.0,24.0,2001-05-04T07:00Z,Brazil,F,370,31,11,31,1,0,0,1,1,17,38,8,0,2,17,Fulham,#ffffff,#d11317,https://a.espncdn.com/i/teamlogos/soccer/500/370.png,0.4473684210526316,0.21052631578947367,0.47058823529411764,,1,82.25806451612904,54.56989247311827,77.18120805369128,82.25806451612904,54.3010752688172,90.26845637583892,84.07407407407408,94.64052287581698,67.3202614379085,81.79190751445087,87.6470588235294,58.56209150326798,48.655913978494624,,77.15053763440861,52.41935483870967,52.41935483870967,48.655913978494624,6
301653,Ramón Sosa,ramon-sosa,163.0,"5' 10""",70.0,26.0,1999-08-31T07:00Z,Paraguay,F,393,19,6,8,1,0,0,0,2,5,11,1,0,0,5,Nottm Forest,#c8102e,#132257,https://a.espncdn.com/i/teamlogos/soccer/500/393.png,0.45454545454545453,0.09090909090909091,0.2,,1,43.81720430107527,23.387096774193548,80.87248322147651,43.54838709677419,39.247311827956985,43.95973154362416,24.074074074074073,66.60130718954248,30.065359477124183,83.23699421965318,55.62091503267974,46.470588235294116,65.59139784946237,,28.49462365591398,52.41935483870967,52.41935483870967,30.91397849462365,8
301894,Igor Thiago,igor-thiago,185.0,"6' 3""",75.0,24.0,2001-06-26T07:00Z,Brazil,F,337,8,3,3,0,0,0,0,0,0,2,0,0,0,4,Brentford,#f42727,#f8ced9,https://a.espncdn.com/i/teamlogos/soccer/500/337.png,0.0,0.0,,,0,18.817204301075268,23.387096774193548,5.033557046979865,31.72043010752688,32.526881720430104,11.073825503355705,,29.934640522875817,30.065359477124183,7.321772639691715,40.849673202614376,39.869281045751634,69.08602150537635,,28.49462365591398,80.64516129032258,52.41935483870967,78.49462365591398,0
302162,Carlos Alcaraz,carlos-alcaraz,150.0,"5' 9""",69.0,23.0,2002-11-30T08:00Z,Argentina,M,368,17,15,12,4,0,0,3,1,13,28,2,0,1,9,Everton,#0606fa,#132257,https://a.espncdn.com/i/teamlogos/soccer/500/368.png,0.4642857142857143,0.07142857142857142,0.15384615384615385,,4,73.91304347826086,81.08695652173913,89.65517241379311,53.91304347826087,53.2608695652174,56.60919540229885,33.5483870967742,77.25490196078432,85.88235294117646,84.77842003853564,64.31372549019608,65.09803921568627,59.78260869565217,,39.78260869565217,33.04347826086956,54.56521739130435,54.56521739130435,13
302944,Anis Ben Slimane,anis-ben-slimane,190.0,"6' 2""",74.0,24.0,2001-03-16T08:00Z,Tunisia,M,398,15,7,6,2,0,1,0,2,3,8,0,0,1,12,Sheffield Utd,#f42727,#1D428A,https://a.espncdn.com/i/teamlogos/soccer/500/398.png,0.375,0.0,0.0,,2,26.304347826086953,25.43478260869565,76.14942528735632,40.65217391304348,39.565217391304344,18.67816091954023,14.838709677419354,29.934640522875817,30.065359477124183,66.47398843930635,51.045751633986924,49.411764705882355,54.56521739130435,,39.78260869565217,52.17391304347826,54.56521739130435,40.21739130434783,0
303115,Kamaldeen Sulemana,kamaldeen-sulemana,152.0,"5' 9""",69.0,24.0,2002-02-15T08:00Z,Ghana,F,376,26,21,11,2,0,0,1,1,8,28,1,0,5,36,Southampton,#ED1A3B,#f1ee13,https://a.espncdn.com/i/teamlogos/soccer/500/376.png,0.2857142857142857,0.03571428571428571,0.125,,2,43.81720430107527,54.56989247311827,30.87248322147651,49.46236559139785,76.61290322580645,23.825503355704697,15.925925925925927,66.60130718954248,67.3202614379085,45.472061657032754,62.35294117647059,76.1437908496732,16.129032258064512,,93.54838709677419,34.67741935483872,52.41935483870967,48.655913978494624,10
303745,Omar Marmoush,omar-marmoush,179.0,"6' 0""",72.0,26.0,1999-02-07T08:00Z,Egypt,F,382,16,15,20,0,0,0,0,3,14,48,7,0,1,12,Man City,#99c5ea,#e6ff00,https://a.espncdn.com/i/teamlogos/soccer/500/382.png,0.2916666666666667,0.14583333333333334,0.5,,0,79.03225806451613,23.387096774193548,32.88590604026846,66.66666666666666,64.24731182795699,67.78523489932886,87.77777777777777,93.33333333333333,30.065359477124183,47.30250481695568,76.6013071895425,65.09803921568627,55.913978494623656,,64.51612903225806,80.64516129032258,52.41935483870967,18.548387096774192,14
303785,Matheus Nunes,matheus-nunes,172.0,"6' 0""",72.0,27.0,1998-08-27T07:00Z,Portugal,M,382,26,29,20,4,0,0,6,1,4,9,1,0,4,19,Man City,#99c5ea,#e6ff00,https://a.espncdn.com/i/teamlogos/soccer/500/382.png,0.4444444444444444,0.1111111111111111,0.25,,4,60.652173913043484,92.3913043478261,86.49425287356321,67.6086956521739,75.0,75.28735632183908,51.29032258064517,66.60130718954248,95.03267973856208,81.02119460500964,76.6013071895425,86.9281045751634,47.173913043478265,,63.69565217391304,33.04347826086956,54.56521739130435,54.56521739130435,23
303794,Matt Turner,matt-turner,183.0,"6' 3""",75.0,31.0,1994-06-24T07:00Z,USA,G,384,0,0,0,0,0,0,0,0,0,0,0,0,0,0,C Palace,#0202fb,#ffdd00,https://a.espncdn.com/i/teamlogos/soccer/500/384.png,,,,,0,50.609756097560975,47.5609756097561,,29.268292682926827,43.90243902439025,,,29.934640522875817,30.065359477124183,,14.117647058823529,15.42483660130719,77.4390243902439,,21.341463414634145,64.6341463414634,50.0,67.07317073170731,0
304216,André,andre,170.0,"5' 9""",69.0,24.0,2001-07-16T07:00Z,Brazil,M,380,33,35,35,7,0,0,0,2,1,10,0,0,8,43,Wolves,#fdb913,#cd1937,https://a.espncdn.com/i/teamlogos/soccer/500/380.png,0.1,0.0,0.0,,7,26.304347826086953,25.43478260869565,14.367816091954023,85.86956521739131,82.6086956521739,18.67816091954023,14.838709677419354,29.934640522875817,30.065359477124183,16.570327552986512,90.7843137254902,92.09150326797385,11.08695652173914,,81.73913043478261,16.086956521739125,54.56521739130435,40.21739130434783,17
304242,Yasin Ayari,yasin-ayari,150.0,"5' 8""",68.0,22.0,2003-10-06T07:00Z,Sweden,M,331,34,34,26,4,0,0,1,2,9,29,2,0,6,28,Brighton,#0606fa,#ffdd00,https://a.espncdn.com/i/teamlogos/soccer/500/331.png,0.3103448275862069,0.06896551724137931,0.2222222222222222,,4,73.91304347826086,57.826086956521735,56.60919540229885,76.08695652173914,81.73913043478261,53.44827586206896,44.516129032258064,77.25490196078432,67.3202614379085,51.541425818882466,82.87581699346406,91.30718954248366,32.39130434782609,,72.3913043478261,33.04347826086956,54.56521739130435,40.21739130434783,27
304256,Filip Jørgensen,filip-jørgensen,185.0,"6' 4""",76.0,23.0,2002-04-16T07:00Z,Denmark,G,363,6,1,1,0,0,0,0,0,0,0,0,51,20,9,Chelsea,#144992,#ffeeee,https://a.espncdn.com/i/teamlogos/soccer/500/363.png,,,,0.6896551724137931,0,50.609756097560975,47.5609756097561,,62.80487804878049,90.2439024390244,,,29.934640522875817,30.065359477124183,,30.84967320261438,32.745098039215684,42.6829268292683,60.416666666666664,56.09756097560976,64.6341463414634,50.0,67.07317073170731,0
304470,Savinho,savinho,146.0,"5' 10""",70.0,21.0,2004-04-10T07:00Z,Brazil,F,382,29,17,28,3,0,0,8,0,21,53,1,0,2,24,Man City,#99c5ea,#e6ff00,https://a.espncdn.com/i/teamlogos/soccer/500/382.png,0.39622641509433965,0.018867924528301886,0.047619047619047616,,3,43.81720430107527,96.23655913978494,58.053691275167786,78.76344086021506,68.54838709677419,22.14765100671141,14.074074074074074,66.60130718954248,98.16993464052287,71.77263969171483,85.29411764705883,69.73856209150327,34.40860215053763,,77.15053763440861,22.311827956989248,52.41935483870967,78.49462365591398,44
304503,Illia Zabarnyi,illia-zabarnyi,174.0,"6' 2""",74.0,23.0,2002-09-01T07:00Z,Ukraine,D,349,36,19,7,4,1,0,1,2,1,12,0,0,20,42,Bournemouth,#f42727,#ffffff,https://a.espncdn.com/i/teamlogos/soccer/500/349.png,0.08333333333333333,0.0,0.0,,6,35.0187265917603,76.02996254681648,23.036649214659686,59.36329588014981,73.97003745318352,29.05759162303665,23.509933774834437,29.934640522875817,67.3202614379085,15.895953757225435,53.59477124183007,73.26797385620914,14.981273408239701,,88.76404494382022,28.277153558052433,4.86891385767791,33.52059925093633,12
304799,Amadou Onana,amadou-onana,168.0,"6' 5""",77.0,24.0,2001-08-16T07:00Z,Belgium,M,362,26,32,30,4,0,0,0,1,6,14,3,0,7,23,Aston Villa,#660e36,#ffffff,https://a.espncdn.com/i/teamlogos/soccer/500/362.png,0.42857142857142855,0.21428571428571427,0.5,,4,81.52173913043478,25.43478260869565,84.48275862068965,81.30434782608695,78.47826086956522,95.97701149425288,86.7741935483871,83.20261437908498,30.065359477124183,77.9383429672447,86.9281045751634,88.95424836601306,42.173913043478265,,77.6086956521739,33.04347826086956,54.56521739130435,54.56521739130435,9
304965,Jakub Kiwior,jakub-kiwior,163.0,"6' 2""",74.0,26.0,2000-02-15T08:00Z,Poland,D,359,17,10,4,1,0,0,0,1,1,3,1,0,6,15,Arsenal,#e20520,#132257,https://a.espncdn.com/i/teamlogos/soccer/500/359.png,0.3333333333333333,0.3333333333333333,1.0,,1,77.71535580524345,33.89513108614232,65.70680628272252,46.254681647940075,56.92883895131086,95.81151832460732,94.03973509933775,66.60130718954248,30.065359477124183,57.61078998073218,44.31372549019608,56.666666666666664,50.936329588014985,,54.68164794007491,60.48689138576779,54.49438202247191,48.12734082397003,5
306012,Dane Scarlett,dane-scarlett,168.0,"5' 11""",71.0,21.0,2004-03-24T08:00Z,England,F,367,3,0,1,0,0,0,1,0,1,1,0,0,0,1,Spurs,#ffffff,#9bafd8,https://a.espncdn.com/i/teamlogos/soccer/500/367.png,1.0,0.0,0.0,,0,18.817204301075268,54.56989247311827,98.65771812080537,25.268817204301076,11.827956989247312,11.073825503355705,7.037037037037037,29.934640522875817,67.3202614379085,97.88053949903662,30.84967320261438,15.42483660130719,78.2258064516129,,28.49462365591398,80.64516129032258,52.41935483870967,78.49462365591398,1
306013,Alfie Devine,alfie-devine,163.0,"6' 0""",72.0,21.0,2004-08-01T07:00Z,England,M,367,0,0,0,0,0,0,0,0,0,0,0,0,0,0,Spurs,#ffffff,#9bafd8,https://a.espncdn.com/i/teamlogos/soccer/500/367.png,,,,,0,26.304347826086953,25.43478260869565,,11.956521739130435,11.956521739130435,,,29.934640522875817,30.065359477124183,,14.117647058823529,15.42483660130719,89.13043478260869,,16.956521739130434,83.47826086956522,54.56521739130435,81.30434782608695,0
306493,Imari Samuels,imari-samuels,172.0,"6' 2""",74.0,22.0,2003-02-05T08:00Z,England,D,331,0,0,0,0,0,0,0,0,0,0,0,0,0,0,Brighton,#0606fa,#ffdd00,https://a.espncdn.com/i/teamlogos/soccer/500/331.png,,,,,0,35.0187265917603,33.89513108614232,,13.48314606741573,12.734082397003746,,,29.934640522875817,30.065359477124183,,14.117647058823529,15.42483660130719,89.32584269662921,,14.981273408239701,84.45692883895131,54.49438202247191,78.08988764044943,0
306541,Myles Peart-Harris,myles-peart-harris,174.0,"6' 2""",74.0,23.0,2002-09-18T07:00Z,England,M,337,0,0,0,0,0,0,0,0,0,0,0,0,0,0,Brentford,#f42727,#f8ced9,https://a.espncdn.com/i/teamlogos/soccer/500/337.png,,,,,0,26.304347826086953,25.43478260869565,,11.956521739130435,11.956521739130435,,,29.934640522875817,30.065359477124183,,14.117647058823529,15.42483660130719,89.13043478260869,,16.956521739130434,83.47826086956522,54.56521739130435,81.30434782608695,0
306764,Danilo,danilo,150.0,"5' 9""",69.0,24.0,2001-04-29T07:00Z,Brazil,M,393,8,2,0,0,0,0,0,1,0,0,0,0,1,4,Nottm Forest,#c8102e,#132257,https://a.espncdn.com/i/teamlogos/soccer/500/393.png,,,,,0,26.304347826086953,25.43478260869565,,11.956521739130435,28.913043478260867,,,29.934640522875817,30.065359477124183,,14.117647058823529,36.60130718954248,66.52173913043478,,39.78260869565217,83.47826086956522,54.56521739130435,54.56521739130435,0
307069,Carl Rushworth,carl-rushworth,190.0,"6' 2""",74.0,24.0,2001-07-02T07:00Z,England,G,331,0,0,0,0,0,0,0,0,0,0,0,0,0,0,Brighton,#0606fa,#ffdd00,https://a.espncdn.com/i/teamlogos/soccer/500/331.png,,,,,0,50.609756097560975,47.5609756097561,,29.268292682926827,43.90243902439025,,,29.934640522875817,30.065359477124183,,14.117647058823529,15.42483660130719,77.4390243902439,,21.341463414634145,64.6341463414634,50.0,67.07317073170731,0
307073,Kasey McAteer,kasey-mcateer,150.0,"5' 10""",70.0,24.0,2001-11-22T08:00Z,England,M,375,18,17,15,3,0,0,1,4,7,13,1,0,3,16,Leicester,#0202fb,#000000,https://a.espncdn.com/i/teamlogos/soccer/500/375.png,0.5384615384615384,0.07692307692307693,0.14285714285714285,,3,60.652173913043484,57.826086956521735,93.10344827586206,59.34782608695652,59.34782608695652,60.05747126436781,32.25806451612903,66.60130718954248,67.3202614379085,92.48554913294798,69.34640522875817,69.73856209150327,51.08695652173913,,57.608695652173914,43.04347826086956,54.56521739130435,23.26086956521739,8
307110,Ben Nelson,ben-nelson,192.0,"6' 4""",76.0,21.0,2004-03-18T08:00Z,England,D,375,0,0,0,0,0,0,0,0,0,0,0,0,0,0,Leicester,#0202fb,#000000,https://a.espncdn.com/i/teamlogos/soccer/500/375.png,,,,,0,35.0187265917603,33.89513108614232,,13.48314606741573,12.734082397003746,,,29.934640522875817,30.065359477124183,,14.117647058823529,15.42483660130719,89.32584269662921,,14.981273408239701,84.45692883895131,54.49438202247191,78.08988764044943,0
307111,Oscar Bobb,oscar-bobb,152.0,"5' 10""",70.0,22.0,2003-07-12T07:00Z,Norway,M,382,3,0,1,0,0,0,0,0,0,0,0,0,0,1,Man City,#99c5ea,#e6ff00,https://a.espncdn.com/i/teamlogos/soccer/500/382.png,,,,,0,26.304347826086953,25.43478260869565,,25.869565217391305,11.956521739130435,,,29.934640522875817,30.065359477124183,,30.84967320261438,15.42483660130719,76.52173913043478,,16.956521739130434,83.47826086956522,54.56521739130435,81.30434782608695,1
307114,Liam Delap,liam-delap,159.0,"6' 1""",73.0,22.0,2003-02-08T08:00Z,England,F,373,37,72,51,12,0,0,2,2,31,68,12,0,0,57,Ipswich,#0000fa,#cd1937,https://a.espncdn.com/i/teamlogos/soccer/500/373.png,0.45588235294117646,0.17647058823529413,0.3870967741935484,,12,93.01075268817203,66.66666666666666,83.22147651006712,95.6989247311828,99.46236559139786,79.19463087248322,65.92592592592592,98.16993464052287,78.82352941176471,84.00770712909441,97.05882352941177,99.86928104575163,2.688172043010752,,28.49462365591398,0.0,52.41935483870967,30.91397849462365,19
307117,Josh Wilson-Esbrand,josh-wilson-esbrand,152.0,"5' 9""",69.0,22.0,2002-12-26T08:00Z,England,D,382,0,0,0,0,0,0,0,0,0,0,0,0,0,0,Man City,#99c5ea,#e6ff00,https://a.espncdn.com/i/teamlogos/soccer/500/382.png,,,,,0,35.0187265917603,33.89513108614232,,13.48314606741573,12.734082397003746,,,29.934640522875817,30.065359477124183,,14.117647058823529,15.42483660130719,89.32584269662921,,14.981273408239701,84.45692883895131,54.49438202247191,78.08988764044943,0
307118,James Trafford,james-trafford,183.0,"6' 6""",78.0,23.0,2002-10-10T07:00Z,England,G,379,28,0,5,2,0,0,0,10,0,0,0,361,107,60,Burnley,#6C1D45,#1a1a1a,https://a.espncdn.com/i/teamlogos/soccer/500/379.png,,,,0.6407185628742516,2,50.609756097560975,47.5609756097561,,89.63414634146342,43.90243902439025,,,29.934640522875817,30.065359477124183,,47.97385620915033,15.42483660130719,3.6585365853658516,25.0,90.2439024390244,17.07317073170732,50.0,1.2195121951219505,0
307119,Samuel Edozie,samuel-edozie,157.0,"5' 11""",71.0,23.0,2003-01-28T08:00Z,England,M,376,2,2,1,1,0,0,0,0,0,0,0,0,0,0,Southampton,#ED1A3B,#f1ee13,https://a.espncdn.com/i/teamlogos/soccer/500/376.png,,,,,1,26.304347826086953,25.43478260869565,,25.869565217391305,28.913043478260867,,,29.934640522875817,30.065359477124183,,30.84967320261438,36.60130718954248,89.13043478260869,,16.956521739130434,61.95652173913043,54.56521739130435,81.30434782608695,1
307172,Salah-Eddine Oulad M'Hand,salah-eddine-oulad-mhand,152.0,"5' 10""",70.0,21.0,2003-08-20T07:00Z,Netherlands,M,359,0,0,0,0,0,0,0,0,0,0,0,0,0,0,Arsenal,#e20520,#132257,https://a.espncdn.com/i/teamlogos/soccer/500/359.png,,,,,0,26.304347826086953,25.43478260869565,,11.956521739130435,11.956521739130435,,,29.934640522875817,30.065359477124183,,14.117647058823529,15.42483660130719,89.13043478260869,,16.956521739130434,83.47826086956522,54.56521739130435,81.30434782608695,0
307657,Jaidon Anthony,jaidon-anthony,0.0,"6' 0""",72.0,26.0,1999-12-01T08:00Z,England,F,349,0,0,0,0,0,0,0,0,0,0,0,0,0,0,Bournemouth,#f42727,#ffffff,https://a.espncdn.com/i/teamlogos/soccer/500/349.png,,,,,0,18.817204301075268,23.387096774193548,,11.827956989247312,11.827956989247312,,,29.934640522875817,30.065359477124183,,14.117647058823529,15.42483660130719,89.51612903225806,,28.49462365591398,80.64516129032258,52.41935483870967,78.49462365591398,0
307870,Chadi Riad,chadi-riad,172.0,"6' 1""",73.0,22.0,2003-06-17T07:00Z,Morocco,D,384,1,1,0,0,0,0,0,0,0,0,0,0,0,2,C Palace,#0202fb,#ffdd00,https://a.espncdn.com/i/teamlogos/soccer/500/384.png,,,,,0,35.0187265917603,33.89513108614232,,13.48314606741573,26.96629213483146,,,29.934640522875817,30.065359477124183,,14.117647058823529,32.745098039215684,73.78277153558052,,14.981273408239701,84.45692883895131,54.49438202247191,78.08988764044943,0
308217,Romeo Lavia,romeo-lavia,168.0,"5' 11""",71.0,21.0,2004-01-06T08:00Z,Belgium,M,363,16,16,7,4,0,0,1,2,0,2,0,0,0,11,Chelsea,#144992,#ffeeee,https://a.espncdn.com/i/teamlogos/soccer/500/363.png,0.0,0.0,,,4,26.304347826086953,57.826086956521735,5.747126436781609,42.608695652173914,56.30434782608695,18.67816091954023,,29.934640522875817,67.3202614379085,7.321772639691715,53.59477124183007,67.45098039215686,56.086956521739125,,16.956521739130434,33.04347826086956,54.56521739130435,40.21739130434783,0
308449,Emmanuel Agbadou,emmanuel-agbadou,190.0,"6' 4""",76.0,28.0,1997-06-17T07:00Z,Ivory Coast,D,380,16,7,4,3,0,0,0,3,2,7,1,0,13,22,Wolves,#fdb913,#cd1937,https://a.espncdn.com/i/teamlogos/soccer/500/380.png,0.2857142857142857,0.14285714285714285,0.5,,3,77.71535580524345,33.89513108614232,55.235602094240846,46.254681647940075,47.752808988764045,84.03141361256544,80.79470198675497,66.60130718954248,30.065359477124183,45.472061657032754,44.31372549019608,49.411764705882355,41.01123595505618,,77.15355805243446,36.89138576779026,54.49438202247191,23.220973782771537,4
308456,Rodrigo Gomes,rodrigo-gomes,148.0,"5' 9""",69.0,22.0,2003-07-07T07:00Z,Portugal,D,380,25,4,6,0,0,0,0,0,2,6,2,0,1,20,Wolves,#fdb913,#cd1937,https://a.espncdn.com/i/teamlogos/soccer/500/380.png,0.3333333333333333,0.3333333333333333,1.0,,0,90.0749063670412,33.89513108614232,65.70680628272252,55.80524344569289,36.329588014981276,95.81151832460732,94.03973509933775,77.25490196078432,30.065359477124183,57.61078998073218,51.045751633986924,41.96078431372549,43.25842696629213,,32.20973782771536,84.45692883895131,54.49438202247191,78.08988764044943,11
308461,Lorenz Assignon,lorenz-assignon,170.0,"5' 11""",71.0,25.0,2000-06-22T07:00Z,France,D,379,15,33,16,4,1,0,2,3,4,9,1,0,7,31,Burnley,#6C1D45,#1a1a1a,https://a.espncdn.com/i/teamlogos/soccer/500/379.png,0.4444444444444444,0.1111111111111111,0.25,,6,77.71535580524345,88.57677902621724,81.67539267015707,79.02621722846442,94.3820224719101,77.22513089005236,58.27814569536424,66.60130718954248,78.82352941176471,81.02119460500964,70.84967320261438,90.06535947712419,28.838951310861432,,59.176029962546814,28.277153558052433,4.86891385767791,23.220973782771537,0
308524,Nicolas Jackson,nicolas-jackson,172.0,"6' 1""",73.0,24.0,2001-06-20T07:00Z,Senegal,F,363,30,32,29,7,1,0,6,2,30,73,10,0,2,25,Chelsea,#144992,#ffeeee,https://a.espncdn.com/i/teamlogos/soccer/500/363.png,0.410958904109589,0.136986301369863,0.3333333333333333,,9,88.70967741935483,91.12903225806451,65.43624161073825,80.91397849462365,91.66666666666666,64.09395973154362,51.48148148148148,96.9281045751634,95.03267973856208,75.81888246628131,86.47058823529412,88.95424836601306,31.72043010752688,,77.15053763440861,4.032258064516128,2.9569892473118244,30.91397849462365,26
308554,Alfie Pond,alfie-pond,190.0,"6' 3""",75.0,21.0,2004-03-01T08:00Z,England,D,380,1,0,0,0,0,0,0,0,0,0,0,0,0,0,Wolves,#fdb913,#cd1937,https://a.espncdn.com/i/teamlogos/soccer/500/380.png,,,,,0,35.0187265917603,33.89513108614232,,13.48314606741573,12.734082397003746,,,29.934640522875817,30.065359477124183,,14.117647058823529,15.42483660130719,89.32584269662921,,14.981273408239701,84.45692883895131,54.49438202247191,78.08988764044943,0
308778,Toby Collyer,toby-collyer,161.0,"5' 11""",71.0,22.0,2004-01-03T08:00Z,England,M,360,6,1,4,0,0,0,0,0,0,1,0,0,1,2,Man United,#da020e,#144992,https://a.espncdn.com/i/teamlogos/soccer/500/360.png,0.0,0.0,,,0,26.304347826086953,25.43478260869565,5.747126436781609,36.08695652173913,25.43478260869565,18.67816091954023,,29.934640522875817,30.065359477124183,7.321772639691715,44.31372549019608,32.745098039215684,73.47826086956522,,39.78260869565217,83.47826086956522,54.56521739130435,81.30434782608695,2
308932,Mikkel Damsgaard,mikkel-damsgaard,146.0,"5' 11""",71.0,25.0,2000-07-03T07:00Z,Denmark,M,337,38,18,27,2,0,0,10,7,7,34,2,0,2,40,Brentford,#f42727,#f8ced9,https://a.espncdn.com/i/teamlogos/soccer/500/337.png,0.20588235294117646,0.058823529411764705,0.2857142857142857,,2,73.91304347826086,99.1304347826087,30.45977011494253,77.82608695652173,61.73913043478261,47.701149425287355,58.06451612903226,77.25490196078432,99.2156862745098,30.443159922928707,83.8562091503268,71.50326797385621,13.478260869565219,,50.21739130434783,52.17391304347826,54.56521739130435,6.956521739130437,59
308947,Malo Gusto,malo-gusto,148.0,"5' 10""",70.0,22.0,2003-05-19T07:00Z,France,D,363,32,20,20,4,0,0,1,2,3,21,0,0,8,26,Chelsea,#144992,#ffeeee,https://a.espncdn.com/i/teamlogos/soccer/500/363.png,0.14285714285714285,0.0,0.0,,4,35.0187265917603,76.02996254681648,27.748691099476442,84.45692883895131,75.84269662921348,29.05759162303665,23.509933774834437,29.934640522875817,67.3202614379085,20.134874759152215,76.6013071895425,74.9673202614379,34.6441947565543,,63.10861423220974,28.277153558052433,54.49438202247191,33.52059925093633,21
309273,Rasmus Højlund,rasmus-højlund,190.0,"6' 3""",75.0,23.0,2003-02-04T08:00Z,Denmark,F,360,32,17,28,2,0,0,0,5,14,34,4,0,0,30,Man United,#da020e,#144992,https://a.espncdn.com/i/teamlogos/soccer/500/360.png,0.4117647058823529,0.11764705882352941,0.2857142857142857,,2,65.86021505376344,23.387096774193548,66.44295302013423,78.76344086021506,68.54838709677419,55.033557046979865,41.48148148148148,86.9281045751634,30.065359477124183,76.10789980732177,85.29411764705883,69.73856209150327,22.58064516129032,,28.49462365591398,34.67741935483872,52.41935483870967,12.096774193548384,16
309563,Lesley Ugochukwu,lesley-ugochukwu,159.0,"6' 3""",75.0,21.0,2004-03-26T08:00Z,France,M,376,26,30,16,7,0,0,1,0,1,10,1,0,10,39,Southampton,#ED1A3B,#f1ee13,https://a.espncdn.com/i/teamlogos/soccer/500/376.png,0.1,0.1,1.0,,7,60.652173913043484,57.826086956521735,14.367816091954023,60.86956521739131,76.52173913043478,72.70114942528735,98.70967741935483,66.60130718954248,67.3202614379085,16.570327552986512,70.84967320261438,87.84313725490196,14.565217391304358,,88.47826086956522,16.086956521739125,54.56521739130435,81.30434782608695,14
310216,Radu Dragusin,radu-dragusin,185.0,"6' 3""",75.0,23.0,2002-02-03T08:00Z,Romania,D,367,16,6,10,1,0,0,0,0,1,5,0,0,17,27,Spurs,#ffffff,#9bafd8,https://a.espncdn.com/i/teamlogos/soccer/500/367.png,0.2,0.0,0.0,,1,35.0187265917603,33.89513108614232,38.481675392670155,66.29213483146067,43.82022471910113,29.05759162303665,23.509933774834437,29.934640522875817,30.065359477124183,28.227360308285164,60.0,46.470588235294116,32.77153558052434,,84.08239700374533,60.48689138576779,54.49438202247191,78.08988764044943,4
310599,Tim Iroegbunam,tim-iroegbunam,152.0,"6' 0""",72.0,22.0,2003-06-30T07:00Z,England,M,368,18,15,12,4,0,0,1,2,0,5,0,0,3,16,Everton,#0606fa,#132257,https://a.espncdn.com/i/teamlogos/soccer/500/368.png,0.0,0.0,,,4,26.304347826086953,57.826086956521735,5.747126436781609,53.91304347826087,53.2608695652174,18.67816091954023,,29.934640522875817,67.3202614379085,7.321772639691715,64.31372549019608,65.09803921568627,51.08695652173913,,57.608695652173914,33.04347826086956,54.56521739130435,40.21739130434783,3
310606,Sil Swinkels,sil-swinkels,172.0,"6' 3""",75.0,21.0,2004-01-06T08:00Z,Netherlands,D,362,0,0,0,0,0,0,0,0,0,0,0,0,0,0,Aston Villa,#660e36,#ffffff,https://a.espncdn.com/i/teamlogos/soccer/500/362.png,,,,,0,35.0187265917603,33.89513108614232,,13.48314606741573,12.734082397003746,,,29.934640522875817,30.065359477124183,,14.117647058823529,15.42483660130719,89.32584269662921,,14.981273408239701,84.45692883895131,54.49438202247191,78.08988764044943,0
310607,Lamare Bogarde,lamare-bogarde,168.0,"6' 0""",72.0,21.0,2004-01-05T08:00Z,Netherlands,M,362,8,8,11,2,0,0,0,2,1,1,0,0,3,11,Aston Villa,#660e36,#ffffff,https://a.espncdn.com/i/teamlogos/soccer/500/362.png,1.0,0.0,0.0,,2,26.304347826086953,25.43478260869565,97.98850574712644,52.60869565217391,42.173913043478265,18.67816091954023,14.838709677419354,29.934640522875817,30.065359477124183,97.88053949903662,62.35294117647059,52.09150326797386,56.086956521739125,,57.608695652173914,52.17391304347826,54.56521739130435,40.21739130434783,2
310958,Kevin Schade,kevin-schade,161.0,"6' 0""",72.0,24.0,2001-11-27T08:00Z,Germany,M,337,38,21,38,3,0,0,2,1,27,53,11,0,4,31,Brentford,#f42727,#f8ced9,https://a.espncdn.com/i/teamlogos/soccer/500/337.png,0.5094339622641509,0.20754716981132076,0.4074074074074074,,3,99.56521739130434,70.86956521739131,92.52873563218391,87.60869565217392,67.17391304347827,95.40229885057471,76.77419354838709,97.7124183006536,78.82352941176471,91.71483622350675,91.89542483660131,76.1437908496732,25.65217391304347,,63.69565217391304,43.04347826086956,54.56521739130435,54.56521739130435,20
310991,Victor Kristiansen,victor-kristiansen,161.0,"5' 11""",71.0,23.0,2002-12-16T08:00Z,Denmark,D,375,30,19,18,1,0,1,1,8,1,4,0,0,14,59,Leicester,#0202fb,#000000,https://a.espncdn.com/i/teamlogos/soccer/500/375.png,0.25,0.0,0.0,,1,35.0187265917603,76.02996254681648,47.64397905759162,81.46067415730337,73.97003745318352,29.05759162303665,23.509933774834437,29.934640522875817,67.3202614379085,37.47591522157997,73.66013071895425,73.26797385620914,4.307116104868911,,79.40074906367042,60.48689138576779,54.49438202247191,2.6217228464419406,17
311174,Hubert Graczyk,hubert-graczyk,185.0,"6' 4""",76.0,22.0,2003-02-28T08:00Z,Poland,G,360,0,0,0,0,0,0,0,0,0,0,0,0,0,0,Man United,#da020e,#144992,https://a.espncdn.com/i/teamlogos/soccer/500/360.png,,,,,0,50.609756097560975,47.5609756097561,,29.268292682926827,43.90243902439025,,,29.934640522875817,30.065359477124183,,14.117647058823529,15.42483660130719,77.4390243902439,,21.341463414634145,64.6341463414634,50.0,67.07317073170731,0
311527,Hákon Rafn Valdimarsson,hakon-rafn-valdimarsson,194.0,"6' 2""",74.0,24.0,2001-10-13T07:00Z,Iceland,G,337,2,0,0,0,0,0,0,0,0,0,0,13,3,1,Brentford,#f42727,#f8ced9,https://a.espncdn.com/i/teamlogos/soccer/500/337.png,,,,0.75,0,50.609756097560975,47.5609756097561,,29.268292682926827,43.90243902439025,,,29.934640522875817,30.065359477124183,,14.117647058823529,15.42483660130719,54.26829268292683,90.625,46.95121951219512,64.6341463414634,50.0,67.07317073170731,0
312182,Daniel Jebbison,daniel-jebbison,150.0,"6' 3""",75.0,22.0,2003-08-13T07:00Z,Canada,F,349,17,2,4,1,0,0,0,0,2,5,1,0,1,3,Bournemouth,#f42727,#ffffff,https://a.espncdn.com/i/teamlogos/soccer/500/349.png,0.4,0.2,0.5,,1,43.81720430107527,23.387096774193548,60.738255033557046,34.40860215053764,29.03225806451613,87.24832214765101,87.77777777777777,66.60130718954248,30.065359477124183,73.41040462427746,44.31372549019608,36.60130718954248,71.77419354838709,,64.51612903225806,52.41935483870967,52.41935483870967,78.49462365591398,3
312523,Oliwier Zych,oliwier-zych,179.0,"6' 4""",76.0,21.0,2004-06-28T07:00Z,Poland,G,362,0,0,0,0,0,0,0,0,0,0,0,0,0,0,Aston Villa,#660e36,#ffffff,https://a.espncdn.com/i/teamlogos/soccer/500/362.png,,,,,0,50.609756097560975,47.5609756097561,,29.268292682926827,43.90243902439025,,,29.934640522875817,30.065359477124183,,14.117647058823529,15.42483660130719,77.4390243902439,,21.341463414634145,64.6341463414634,50.0,67.07317073170731,0
314790,Alex Scott,alex-scott,150.0,"5' 10""",70.0,22.0,2003-08-21T07:00Z,England,M,349,20,17,26,3,0,0,0,2,6,15,0,0,4,8,Bournemouth,#f42727,#ffffff,https://a.espncdn.com/i/teamlogos/soccer/500/349.png,0.4,0.0,0.0,,3,26.304347826086953,25.43478260869565,81.32183908045977,76.08695652173914,59.34782608695652,18.67816091954023,14.838709677419354,29.934640522875817,30.065359477124183,73.41040462427746,82.87581699346406,69.73856209150327,61.08695652173913,,63.69565217391304,43.04347826086956,54.56521739130435,40.21739130434783,11
315530,Dango Ouattara,dango-ouattara,157.0,"5' 10""",70.0,23.0,2002-02-11T08:00Z,Burkina Faso,F,349,32,15,19,3,0,0,4,3,19,61,7,0,10,23,Bournemouth,#f42727,#ffffff,https://a.espncdn.com/i/teamlogos/soccer/500/349.png,0.3114754098360656,0.11475409836065574,0.3684210526315789,,3,79.03225806451613,82.52688172043011,35.57046979865772,64.78494623655914,64.24731182795699,53.02013422818792,60.0,93.33333333333333,90.45751633986929,51.92678227360308,75.16339869281046,65.09803921568627,37.903225806451616,,99.19354838709677,22.311827956989248,52.41935483870967,18.548387096774192,33
315879,Harvey Davies,harvey-davies,170.0,"6' 3""",75.0,22.0,2003-09-03T07:00Z,England,G,364,0,0,0,0,0,0,0,0,0,0,0,0,0,0,Liverpool,#d11317,#132257,https://a.espncdn.com/i/teamlogos/soccer/500/364.png,,,,,0,50.609756097560975,47.5609756097561,,29.268292682926827,43.90243902439025,,,29.934640522875817,30.065359477124183,,14.117647058823529,15.42483660130719,77.4390243902439,,21.341463414634145,64.6341463414634,50.0,67.07317073170731,0
317404,Simon Adingra,simon-adingra,150.0,"5' 9""",69.0,24.0,2002-01-01T08:00Z,Ivory Coast,F,331,29,12,4,0,0,0,2,2,8,32,2,0,0,22,Brighton,#0606fa,#ffdd00,https://a.espncdn.com/i/teamlogos/soccer/500/331.png,0.25,0.0625,0.25,,0,53.494623655913976,66.66666666666666,22.14765100671141,34.40860215053764,56.72043010752689,30.201342281879196,32.22222222222222,77.25490196078432,78.82352941176471,37.47591522157997,44.31372549019608,60.588235294117645,40.053763440860216,,28.49462365591398,80.64516129032258,52.41935483870967,30.91397849462365,16
317858,Reece Welch,reece-welch,0.0,,0.0,22.0,2003-09-19T07:00Z,England,D,368,0,0,0,0,0,0,0,0,0,0,0,0,0,0,Everton,#0606fa,#132257,https://a.espncdn.com/i/teamlogos/soccer/500/368.png,,,,,0,35.0187265917603,33.89513108614232,,13.48314606741573,12.734082397003746,,,29.934640522875817,30.065359477124183,,14.117647058823529,15.42483660130719,89.32584269662921,,14.981273408239701,84.45692883895131,54.49438202247191,78.08988764044943,0
318087,Matheus França,matheus-franca,148.0,"5' 10""",70.0,21.0,2004-04-01T08:00Z,Brazil,F,384,4,0,0,0,0,0,0,2,3,6,1,0,1,0,C Palace,#0202fb,#ffdd00,https://a.espncdn.com/i/teamlogos/soccer/500/384.png,0.5,0.16666666666666666,0.3333333333333333,,0,43.81720430107527,23.387096774193548,89.26174496644296,11.827956989247312,11.827956989247312,75.83892617449665,51.48148148148148,66.60130718954248,30.065359477124183,88.82466281310212,14.117647058823529,15.42483660130719,89.51612903225806,,64.51612903225806,80.64516129032258,52.41935483870967,30.91397849462365,0
318284,Facundo Buonanotte,facundo-buonanotte,146.0,"5' 9""",69.0,20.0,2004-12-23T08:00Z,Argentina,M,375,31,37,35,8,0,0,2,5,12,35,5,0,6,32,Leicester,#0202fb,#000000,https://a.espncdn.com/i/teamlogos/soccer/500/375.png,0.34285714285714286,0.14285714285714285,0.4166666666666667,,8,90.65217391304347,70.86956521739131,71.26436781609196,85.86956521739131,83.69565217391305,84.77011494252874,78.06451612903226,89.54248366013073,78.82352941176471,61.27167630057804,90.7843137254902,93.13725490196079,23.695652173913047,,72.3913043478261,11.521739130434781,54.56521739130435,16.304347826086953,24
318316,Maxime Estève,maxime-esteve,192.0,"6' 4""",76.0,23.0,2002-05-26T07:00Z,France,D,379,16,25,16,6,0,0,0,1,0,7,0,0,10,27,Burnley,#6C1D45,#1a1a1a,https://a.espncdn.com/i/teamlogos/soccer/500/379.png,0.0,0.0,,,6,35.0187265917603,33.89513108614232,10.732984293193718,79.02621722846442,84.26966292134831,29.05759162303665,,29.934640522875817,30.065359477124183,7.321772639691715,70.84967320261438,82.35294117647058,32.77153558052434,,69.85018726591761,11.797752808988761,54.49438202247191,48.12734082397003,0
318359,Eiran Cashin,eiran-cashin,190.0,"5' 11""",71.0,24.0,2001-11-09T08:00Z,England,D,331,2,0,0,0,0,0,0,0,0,0,0,0,0,3,Brighton,#0606fa,#ffdd00,https://a.espncdn.com/i/teamlogos/soccer/500/331.png,,,,,0,35.0187265917603,33.89513108614232,,13.48314606741573,12.734082397003746,,,29.934640522875817,30.065359477124183,,14.117647058823529,15.42483660130719,71.72284644194757,,14.981273408239701,84.45692883895131,54.49438202247191,78.08988764044943,0
318680,Fatawu Issahaku,fatawu-issahaku,161.0,"5' 10""",70.0,21.0,2004-03-08T08:00Z,Ghana,F,375,11,9,20,0,0,0,2,0,5,13,0,0,0,13,Leicester,#0202fb,#000000,https://a.espncdn.com/i/teamlogos/soccer/500/375.png,0.38461538461538464,0.0,0.0,,0,18.817204301075268,66.66666666666666,52.68456375838926,66.66666666666666,48.924731182795696,11.073825503355705,7.037037037037037,29.934640522875817,78.82352941176471,68.88246628131022,76.6013071895425,54.70588235294118,54.30107526881721,,28.49462365591398,80.64516129032258,52.41935483870967,78.49462365591398,0
319431,William Osula,william-osula,179.0,"5' 11""",71.0,22.0,2003-08-04T07:00Z,Denmark,F,398,35,18,13,4,0,0,0,1,8,23,1,0,1,26,Sheffield Utd,#f42727,#1D428A,https://a.espncdn.com/i/teamlogos/soccer/500/398.png,0.34782608695652173,0.043478260869565216,0.125,,4,43.81720430107527,23.387096774193548,40.939597315436245,54.3010752688172,70.96774193548387,25.838926174496645,15.925925925925927,66.60130718954248,30.065359477124183,61.849710982658955,66.33986928104575,71.50326797385621,29.3010752688172,,64.51612903225806,15.053763440860209,52.41935483870967,48.655913978494624,2
319987,Nasser Djiga,nasser-djiga,174.0,"6' 4""",76.0,23.0,2002-11-15T08:00Z,Burkina Faso,D,380,5,0,1,0,0,0,0,0,0,0,0,0,0,2,Wolves,#fdb913,#cd1937,https://a.espncdn.com/i/teamlogos/soccer/500/380.png,,,,,0,35.0187265917603,33.89513108614232,,29.775280898876407,12.734082397003746,,,29.934640522875817,30.065359477124183,,30.84967320261438,15.42483660130719,73.78277153558052,,14.981273408239701,84.45692883895131,54.49438202247191,78.08988764044943,0
320757,Zeki Amdouni,zeki-amdouni,172.0,"6' 1""",73.0,25.0,2000-12-04T08:00Z,Switzerland,F,379,34,21,39,2,0,0,1,4,21,48,5,0,10,41,Burnley,#6C1D45,#1a1a1a,https://a.espncdn.com/i/teamlogos/soccer/500/379.png,0.4375,0.10416666666666667,0.23809523809523808,,2,70.16129032258065,54.56989247311827,72.81879194630872,88.70967741935483,76.61290322580645,47.98657718120805,29.629629629629626,89.54248366013073,67.3202614379085,79.57610789980733,92.54901960784314,76.1437908496732,9.408602150537632,,99.19354838709677,34.67741935483872,52.41935483870967,14.516129032258064,0
320760,Valentín Barco,valentin-barco,146.0,"5' 7""",67.0,21.0,2004-07-23T07:00Z,Argentina,M,331,0,0,0,0,0,0,0,0,0,0,0,0,0,0,Brighton,#0606fa,#ffdd00,https://a.espncdn.com/i/teamlogos/soccer/500/331.png,,,,,0,26.304347826086953,25.43478260869565,,11.956521739130435,11.956521739130435,,,29.934640522875817,30.065359477124183,,14.117647058823529,15.42483660130719,89.13043478260869,,16.956521739130434,83.47826086956522,54.56521739130435,81.30434782608695,0
320848,Toti Gomes,toti-gomes,159.0,"6' 2""",74.0,26.0,1999-01-16T08:00Z,Portugal,D,380,31,24,15,7,0,0,1,1,2,7,0,0,18,44,Wolves,#fdb913,#cd1937,https://a.espncdn.com/i/teamlogos/soccer/500/380.png,0.2857142857142857,0.0,0.0,,7,35.0187265917603,76.02996254681648,55.235602094240846,76.77902621722846,83.14606741573034,29.05759162303665,23.509933774834437,29.934640522875817,67.3202614379085,45.472061657032754,69.34640522875817,80.84967320261438,12.359550561797747,,85.58052434456928,8.239700374531836,54.49438202247191,48.12734082397003,9
321359,Chiquinho,chiquinho,161.0,"5' 10""",70.0,26.0,2000-02-05T08:00Z,Portugal,F,380,1,1,0,0,0,0,0,0,0,0,0,0,0,0,Wolves,#fdb913,#cd1937,https://a.espncdn.com/i/teamlogos/soccer/500/380.png,,,,,0,18.817204301075268,23.387096774193548,,11.827956989247312,25.537634408602152,,,29.934640522875817,30.065359477124183,,14.117647058823529,32.745098039215684,89.51612903225806,,28.49462365591398,80.64516129032258,52.41935483870967,78.49462365591398,1
322771,Omari Hutchinson,omari-hutchinson,141.0,"5' 9""",69.0,22.0,2003-10-30T08:00Z,England,F,373,31,27,46,5,0,0,2,9,16,45,3,0,1,61,Ipswich,#0000fa,#cd1937,https://a.espncdn.com/i/teamlogos/soccer/500/373.png,0.35555555555555557,0.06666666666666667,0.1875,,5,59.946236559139784,66.66666666666666,44.29530201342282,93.01075268817203,88.44086021505376,32.88590604026846,21.11111111111111,83.20261437908498,78.82352941176471,63.005780346820806,94.90196078431372,84.70588235294117,2.1505376344086073,,64.51612903225806,8.602150537634415,52.41935483870967,1.6129032258064484,30
323110,Milos Kerkez,milos-kerkez,157.0,"5' 11""",71.0,22.0,2003-11-07T08:00Z,Hungary,D,349,38,30,50,4,0,0,5,6,4,18,2,0,12,45,Bournemouth,#f42727,#ffffff,https://a.espncdn.com/i/teamlogos/soccer/500/349.png,0.2222222222222222,0.1111111111111111,0.5,,4,90.0749063670412,97.56554307116106,42.40837696335078,99.625468164794,92.13483146067416,77.22513089005236,80.79470198675497,77.25490196078432,93.0718954248366,32.080924855491325,96.5359477124183,87.84313725490196,10.67415730337079,,75.28089887640449,28.277153558052433,54.49438202247191,6.741573033707866,35
323847,Ameen Al Dakhil,ameen-al-dakhil,179.0,"6' 2""",74.0,23.0,2002-03-06T08:00Z,Belgium,D,379,13,6,4,1,0,1,0,2,4,7,1,0,6,25,Burnley,#6C1D45,#1a1a1a,https://a.espncdn.com/i/teamlogos/soccer/500/379.png,0.5714285714285714,0.14285714285714285,0.25,,1,77.71535580524345,33.89513108614232,94.24083769633508,46.254681647940075,43.82022471910113,84.03141361256544,58.27814569536424,66.60130718954248,30.065359477124183,93.64161849710982,44.31372549019608,46.470588235294116,36.142322097378276,,54.68164794007491,60.48689138576779,54.49438202247191,33.52059925093633,0
323986,Nico González,nico-gonzalez,192.0,"6' 2""",74.0,23.0,2002-01-03T08:00Z,Spain,M,382,11,13,5,3,0,0,0,1,3,10,1,0,0,6,Man City,#99c5ea,#e6ff00,https://a.espncdn.com/i/teamlogos/soccer/500/382.png,0.3,0.1,0.3333333333333333,,3,60.652173913043484,25.43478260869565,52.87356321839081,38.47826086956522,49.78260869565217,72.70114942528735,65.16129032258064,66.60130718954248,30.065359477124183,49.51830443159923,47.97385620915033,62.22222222222222,63.69565217391304,,16.956521739130434,43.04347826086956,54.56521739130435,54.56521739130435,1
324393,Antonin Kinsky,antonin-kinsky,183.0,"6' 3""",75.0,22.0,2003-03-13T08:00Z,Czechia,G,367,6,0,0,0,0,0,0,1,0,0,0,85,25,9,Spurs,#ffffff,#9bafd8,https://a.espncdn.com/i/teamlogos/soccer/500/367.png,,,,0.7352941176470589,0,50.609756097560975,47.5609756097561,,29.268292682926827,43.90243902439025,,,29.934640522875817,30.065359477124183,,14.117647058823529,15.42483660130719,42.6829268292683,79.16666666666666,62.19512195121951,64.6341463414634,50.0,28.65853658536585,0
325042,Mathys Tel,mathys-tel,170.0,"6' 0""",72.0,20.0,2005-04-27T07:00Z,France,F,367,13,14,16,2,0,0,1,1,9,22,2,0,1,19,Spurs,#ffffff,#9bafd8,https://a.espncdn.com/i/teamlogos/soccer/500/367.png,0.4090909090909091,0.09090909090909091,0.2222222222222222,,2,53.494623655913976,54.56989247311827,64.42953020134227,59.13978494623656,61.55913978494624,43.95973154362416,28.14814814814815,77.25490196078432,67.3202614379085,75.52986512524085,70.84967320261438,63.39869281045751,44.35483870967742,,64.51612903225806,34.67741935483872,52.41935483870967,48.655913978494624,14
325550,Dermot Mee,dermot-mee,0.0,"6' 0""",72.0,23.0,2002-11-20T08:00Z,Northern Ireland,G,360,0,0,0,0,0,0,0,0,0,0,0,0,0,0,Man United,#da020e,#144992,https://a.espncdn.com/i/teamlogos/soccer/500/360.png,,,,,0,50.609756097560975,47.5609756097561,,29.268292682926827,43.90243902439025,,,29.934640522875817,30.065359477124183,,14.117647058823529,15.42483660130719,77.4390243902439,,21.341463414634145,64.6341463414634,50.0,67.07317073170731,0
325555,Alejandro Garnacho,alejandro-garnacho,161.0,"5' 11""",71.0,21.0,2004-07-01T07:00Z,Argentina,F,360,36,11,44,3,0,0,2,1,28,84,6,0,0,34,Man United,#da020e,#144992,https://a.espncdn.com/i/teamlogos/soccer/500/360.png,0.3333333333333333,0.07142857142857142,0.21428571428571427,,3,74.73118279569893,66.66666666666666,38.25503355704698,91.12903225806451,54.3010752688172,35.23489932885906,27.40740740740741,91.63398692810458,78.82352941176471,57.61078998073218,94.18300653594771,58.56209150326798,19.892473118279568,,28.49462365591398,22.311827956989248,52.41935483870967,48.655913978494624,37
325564,Rico Lewis,rico-lewis,139.0,"5' 7""",67.0,21.0,2004-11-21T08:00Z,England,D,382,28,12,34,4,1,0,2,0,2,9,1,0,8,25,Man City,#99c5ea,#e6ff00,https://a.espncdn.com/i/teamlogos/soccer/500/382.png,0.2222222222222222,0.1111111111111111,0.5,,6,77.71535580524345,88.57677902621724,42.40837696335078,94.5692883895131,61.79775280898876,77.22513089005236,80.79470198675497,66.60130718954248,78.82352941176471,32.080924855491325,90.06535947712419,60.588235294117645,36.142322097378276,,63.10861423220974,28.277153558052433,4.86891385767791,78.08988764044943,7
326230,James McConnell,james-mcconnell,141.0,"5' 9""",69.0,21.0,2004-09-13T07:00Z,England,M,364,0,0,0,0,0,0,0,0,0,0,0,0,0,0,Liverpool,#d11317,#132257,https://a.espncdn.com/i/teamlogos/soccer/500/364.png,,,,,0,26.304347826086953,25.43478260869565,,11.956521739130435,11.956521739130435,,,29.934640522875817,30.065359477124183,,14.117647058823529,15.42483660130719,89.13043478260869,,16.956521739130434,83.47826086956522,54.56521739130435,81.30434782608695,0
328008,Ruairi Mcconville,ruairi-mcconville,174.0,"6' 4""",76.0,20.0,2005-05-01T07:00Z,Northern Ireland,D,331,0,0,0,0,0,0,0,0,0,0,0,0,0,0,Brighton,#0606fa,#ffdd00,https://a.espncdn.com/i/teamlogos/soccer/500/331.png,,,,,0,35.0187265917603,33.89513108614232,,13.48314606741573,12.734082397003746,,,29.934640522875817,30.065359477124183,,14.117647058823529,15.42483660130719,89.32584269662921,,14.981273408239701,84.45692883895131,54.49438202247191,78.08988764044943,0
328011,Jack Hinshelwood,jack-hinshelwood,168.0,"5' 11""",71.0,20.0,2005-04-11T07:00Z,England,M,331,26,17,9,5,0,0,2,1,10,20,5,0,3,29,Brighton,#0606fa,#ffdd00,https://a.espncdn.com/i/teamlogos/soccer/500/331.png,0.5,0.25,0.5,,5,90.65217391304347,70.86956521739131,91.95402298850574,47.391304347826086,59.34782608695652,97.41379310344827,86.7741935483871,89.54248366013073,78.82352941176471,88.82466281310212,57.647058823529406,69.73856209150327,30.217391304347828,,57.608695652173914,25.434782608695656,54.56521739130435,54.56521739130435,16
328013,Jeremy Sarmiento,jeremy-sarmiento,159.0,"5' 10""",70.0,23.0,2002-06-16T07:00Z,Ecuador,M,331,1,0,0,0,0,0,0,0,0,0,0,0,0,0,Brighton,#0606fa,#ffdd00,https://a.espncdn.com/i/teamlogos/soccer/500/331.png,,,,,0,26.304347826086953,25.43478260869565,,11.956521739130435,11.956521739130435,,,29.934640522875817,30.065359477124183,,14.117647058823529,15.42483660130719,89.13043478260869,,16.956521739130434,83.47826086956522,54.56521739130435,81.30434782608695,0
328016,Roman Quintyne,roman-quintyne,141.0,"5' 9""",69.0,20.0,2004-12-26T08:00Z,England,D,368,1,0,0,0,0,0,0,0,0,0,0,0,0,4,Everton,#0606fa,#132257,https://a.espncdn.com/i/teamlogos/soccer/500/368.png,,,,,0,35.0187265917603,33.89513108614232,,13.48314606741573,12.734082397003746,,,29.934640522875817,30.065359477124183,,14.117647058823529,15.42483660130719,69.47565543071161,,14.981273408239701,84.45692883895131,54.49438202247191,78.08988764044943,0
328018,Jenson Metcalfe,jenson-metcalfe,0.0,,0.0,21.0,2004-09-06T07:00Z,England,M,368,0,0,0,0,0,0,0,0,0,0,0,0,0,0,Everton,#0606fa,#132257,https://a.espncdn.com/i/teamlogos/soccer/500/368.png,,,,,0,26.304347826086953,25.43478260869565,,11.956521739130435,11.956521739130435,,,29.934640522875817,30.065359477124183,,14.117647058823529,15.42483660130719,89.13043478260869,,16.956521739130434,83.47826086956522,54.56521739130435,81.30434782608695,0
328023,Thomas Cannon,thomas-cannon,139.0,"5' 11""",71.0,23.0,2002-12-28T08:00Z,England,F,375,0,0,0,0,0,0,0,0,0,0,0,0,0,0,Leicester,#0202fb,#000000,https://a.espncdn.com/i/teamlogos/soccer/500/375.png,,,,,0,18.817204301075268,23.387096774193548,,11.827956989247312,11.827956989247312,,,29.934640522875817,30.065359477124183,,14.117647058823529,15.42483660130719,89.51612903225806,,28.49462365591398,80.64516129032258,52.41935483870967,78.49462365591398,0
328050,Archie Gray,archie-gray,152.0,"6' 2""",74.0,19.0,2006-03-12T08:00Z,England,M,367,28,17,11,1,0,1,0,4,2,2,0,0,10,38,Spurs,#ffffff,#9bafd8,https://a.espncdn.com/i/teamlogos/soccer/500/367.png,1.0,0.0,0.0,,1,26.304347826086953,25.43478260869565,97.98850574712644,52.60869565217391,59.34782608695652,18.67816091954023,14.838709677419354,29.934640522875817,30.065359477124183,97.88053949903662,62.35294117647059,69.73856209150327,16.086956521739125,,88.47826086956522,61.95652173913043,54.56521739130435,23.26086956521739,3
328232,Kaelan Casey,kaelan-casey,152.0,"6' 1""",73.0,21.0,2004-10-28T07:00Z,England,D,371,1,0,0,0,0,0,0,0,0,0,0,0,0,0,West Ham,#7c2c3b,#000000,https://a.espncdn.com/i/teamlogos/soccer/500/371.png,,,,,0,35.0187265917603,33.89513108614232,,13.48314606741573,12.734082397003746,,,29.934640522875817,30.065359477124183,,14.117647058823529,15.42483660130719,89.32584269662921,,14.981273408239701,84.45692883895131,54.49438202247191,78.08988764044943,0
328464,Nico O'Reilly,nico-oreilly,170.0,"5' 10""",70.0,20.0,2005-03-21T08:00Z,England,M,382,9,6,4,0,0,0,0,1,3,8,2,0,1,3,Man City,#99c5ea,#e6ff00,https://a.espncdn.com/i/teamlogos/soccer/500/382.png,0.375,0.25,0.6666666666666666,,0,73.91304347826086,25.43478260869565,76.14942528735632,36.08695652173913,36.73913043478261,97.41379310344827,95.48387096774194,77.25490196078432,30.065359477124183,66.47398843930635,44.31372549019608,46.470588235294116,70.0,,39.78260869565217,83.47826086956522,54.56521739130435,54.56521739130435,4
328466,Kobbie Mainoo,kobbie-mainoo,159.0,"5' 9""",69.0,20.0,2005-04-19T07:00Z,England,M,360,25,25,22,5,0,0,1,6,2,13,0,0,2,25,Man United,#da020e,#144992,https://a.espncdn.com/i/teamlogos/soccer/500/360.png,0.15384615384615385,0.0,0.0,,5,26.304347826086953,57.826086956521735,20.114942528735632,70.21739130434783,71.95652173913044,18.67816091954023,14.838709677419354,29.934640522875817,67.3202614379085,20.809248554913296,78.75816993464052,82.35294117647058,39.78260869565218,,50.21739130434783,25.434782608695656,54.56521739130435,11.08695652173914,13
330579,Ali Ibrahim Al-Hamadi,ali-ibrahim-al-hamadi,181.0,"6' 0""",72.0,23.0,2002-03-01T08:00Z,Iraq,F,373,11,8,3,3,0,0,0,0,0,4,0,0,0,6,Ipswich,#0000fa,#cd1937,https://a.espncdn.com/i/teamlogos/soccer/500/373.png,0.0,0.0,,,3,18.817204301075268,23.387096774193548,5.033557046979865,31.72043010752688,45.16129032258064,11.073825503355705,,29.934640522875817,30.065359477124183,7.321772639691715,40.849673202614376,52.09150326797386,63.17204301075269,,28.49462365591398,22.311827956989248,52.41935483870967,78.49462365591398,0
332046,Aaron Ramsey,aaron-ramsey,0.0,"5' 11""",71.0,23.0,2003-01-21T08:00Z,England,M,379,14,7,3,1,0,0,0,1,2,6,0,0,2,16,Burnley,#6C1D45,#1a1a1a,https://a.espncdn.com/i/teamlogos/soccer/500/379.png,0.3333333333333333,0.0,0.0,,1,26.304347826086953,25.43478260869565,66.37931034482759,33.47826086956522,39.565217391304344,18.67816091954023,14.838709677419354,29.934640522875817,30.065359477124183,57.61078998073218,40.849673202614376,49.411764705882355,51.08695652173913,,50.21739130434783,61.95652173913043,54.56521739130435,54.56521739130435,0
333417,Sammy Braybrooke,sammy-braybrooke,0.0,,0.0,21.0,2004-03-12T08:00Z,England,M,375,0,0,0,0,0,0,0,0,0,0,0,0,0,0,Leicester,#0202fb,#000000,https://a.espncdn.com/i/teamlogos/soccer/500/375.png,,,,,0,26.304347826086953,25.43478260869565,,11.956521739130435,11.956521739130435,,,29.934640522875817,30.065359477124183,,14.117647058823529,15.42483660130719,89.13043478260869,,16.956521739130434,83.47826086956522,54.56521739130435,81.30434782608695,0
333419,Adam Wharton,adam-wharton,170.0,"6' 0""",72.0,21.0,2004-02-06T08:00Z,England,M,384,20,11,21,2,0,0,2,7,5,13,0,0,2,21,C Palace,#0202fb,#ffdd00,https://a.espncdn.com/i/teamlogos/soccer/500/384.png,0.38461538461538464,0.0,0.0,,2,26.304347826086953,70.86956521739131,77.87356321839081,68.91304347826087,46.73913043478261,18.67816091954023,14.838709677419354,29.934640522875817,78.82352941176471,68.88246628131022,77.84313725490196,58.56209150326798,44.99999999999999,,50.21739130434783,52.17391304347826,54.56521739130435,6.956521739130437,25
336394,Cesare Casadei,cesare-casadei,170.0,"6' 4""",76.0,23.0,2003-01-10T08:00Z,Italy,M,363,0,0,0,0,0,0,0,0,0,0,0,0,0,0,Chelsea,#144992,#ffeeee,https://a.espncdn.com/i/teamlogos/soccer/500/363.png,,,,,0,26.304347826086953,25.43478260869565,,11.956521739130435,11.956521739130435,,,29.934640522875817,30.065359477124183,,14.117647058823529,15.42483660130719,89.13043478260869,,16.956521739130434,83.47826086956522,54.56521739130435,81.30434782608695,0
336595,Bilal El Khannouss,bilal-el-khannouss,152.0,"5' 11""",71.0,21.0,2004-05-10T07:00Z,Morocco,M,375,32,30,13,4,0,0,3,5,6,28,2,0,4,52,Leicester,#0202fb,#000000,https://a.espncdn.com/i/teamlogos/soccer/500/375.png,0.21428571428571427,0.07142857142857142,0.3333333333333333,,4,73.91304347826086,81.08695652173913,31.60919540229885,55.869565217391305,76.52173913043478,56.60919540229885,65.16129032258064,77.25490196078432,85.88235294117646,31.021194605009633,66.33986928104575,87.84313725490196,4.782608695652172,,63.69565217391304,33.04347826086956,54.56521739130435,16.304347826086953,41
337011,Renato Veiga,renato-veiga,192.0,"6' 3""",75.0,22.0,2003-07-29T07:00Z,Portugal,M,363,7,6,1,2,0,0,0,0,1,3,0,0,1,2,Chelsea,#144992,#ffeeee,https://a.espncdn.com/i/teamlogos/soccer/500/363.png,0.3333333333333333,0.0,0.0,,2,26.304347826086953,25.43478260869565,66.37931034482759,25.869565217391305,36.73913043478261,18.67816091954023,14.838709677419354,29.934640522875817,30.065359477124183,57.61078998073218,30.84967320261438,46.470588235294116,73.47826086956522,,39.78260869565217,52.17391304347826,54.56521739130435,81.30434782608695,0
337023,Matai Akinmboni,matai-akinmboni,170.0,"6' 3""",75.0,19.0,2006-10-17T07:00Z,USA,D,349,0,0,0,0,0,0,0,0,0,0,0,0,0,0,Bournemouth,#f42727,#ffffff,https://a.espncdn.com/i/teamlogos/soccer/500/349.png,,,,,0,35.0187265917603,33.89513108614232,,13.48314606741573,12.734082397003746,,,29.934640522875817,30.065359477124183,,14.117647058823529,15.42483660130719,89.32584269662921,,14.981273408239701,84.45692883895131,54.49438202247191,78.08988764044943,0
337083,Oliver Arblaster,oliver-arblaster,141.0,"5' 9""",69.0,22.0,2004-01-08T08:00Z,England,M,398,12,10,11,2,0,1,0,3,2,2,0,0,8,26,Sheffield Utd,#f42727,#1D428A,https://a.espncdn.com/i/teamlogos/soccer/500/398.png,1.0,0.0,0.0,,2,26.304347826086953,25.43478260869565,97.98850574712644,52.60869565217391,45.21739130434783,18.67816091954023,14.838709677419354,29.934640522875817,30.065359477124183,97.88053949903662,62.35294117647059,56.666666666666664,37.39130434782608,,81.73913043478261,52.17391304347826,54.56521739130435,30.434782608695656,0
338814,Carlos Baleba,carlos-baleba,161.0,"5' 10""",70.0,21.0,2004-01-03T08:00Z,Cameroon,M,331,34,40,48,7,1,0,1,2,10,44,3,0,12,39,Brighton,#0606fa,#ffdd00,https://a.espncdn.com/i/teamlogos/soccer/500/331.png,0.22727272727272727,0.06818181818181818,0.3,,9,81.52173913043478,57.826086956521735,35.91954022988506,92.17391304347827,86.08695652173914,52.87356321839081,60.967741935483865,83.20261437908498,67.3202614379085,33.33333333333333,95.94771241830065,94.24836601307189,14.565217391304358,,94.1304347826087,16.086956521739125,5.0,40.21739130434783,20
338894,Murillo,murillo,163.0,"5' 11""",71.0,23.0,2002-07-04T07:00Z,Brazil,D,393,36,27,6,6,0,0,0,11,5,25,2,0,46,44,Nottm Forest,#c8102e,#132257,https://a.espncdn.com/i/teamlogos/soccer/500/393.png,0.2,0.08,0.4,,6,90.0749063670412,33.89513108614232,38.481675392670155,55.80524344569289,87.64044943820225,71.20418848167539,72.84768211920529,77.25490196078432,30.065359477124183,28.227360308285164,51.045751633986924,84.70588235294117,12.359550561797747,,99.25093632958801,11.797752808988761,54.49438202247191,0.37453183520599964,13
339797,Julio Soler,julio-soler,148.0,"5' 9""",69.0,20.0,2005-02-16T08:00Z,Argentina,D,349,3,0,1,0,0,0,0,0,0,0,0,0,0,1,Bournemouth,#f42727,#ffffff,https://a.espncdn.com/i/teamlogos/soccer/500/349.png,,,,,0,35.0187265917603,33.89513108614232,,29.775280898876407,12.734082397003746,,,29.934640522875817,30.065359477124183,,30.84967320261438,15.42483660130719,76.96629213483146,,14.981273408239701,84.45692883895131,54.49438202247191,78.08988764044943,0
340206,Leny Yoro,leny-yoro,183.0,"6' 3""",75.0,20.0,2005-11-13T08:00Z,France,D,360,21,9,2,5,0,0,0,1,1,5,0,0,3,23,Man United,#da020e,#144992,https://a.espncdn.com/i/teamlogos/soccer/500/360.png,0.2,0.0,0.0,,5,35.0187265917603,33.89513108614232,38.481675392670155,36.70411985018727,54.30711610486891,29.05759162303665,23.509933774834437,29.934640522875817,30.065359477124183,28.227360308285164,36.470588235294116,54.70588235294118,38.76404494382022,,41.19850187265918,18.16479400749064,54.49438202247191,48.12734082397003,2
340640,Tyler Dibling,tyler-dibling,159.0,"5' 10""",70.0,19.0,2006-02-17T08:00Z,England,M,376,33,30,50,6,0,0,0,3,9,26,2,0,6,50,Southampton,#ED1A3B,#f1ee13,https://a.espncdn.com/i/teamlogos/soccer/500/376.png,0.34615384615384615,0.07692307692307693,0.2222222222222222,,6,73.91304347826086,25.43478260869565,71.83908045977012,93.91304347826087,76.52173913043478,60.05747126436781,44.516129032258064,77.25490196078432,30.065359477124183,61.657032755298644,96.5359477124183,87.84313725490196,5.434782608695656,,72.3913043478261,20.652173913043484,54.56521739130435,30.434782608695656,18
341333,Luca Koleosho,luca-koleosho,150.0,"5' 9""",69.0,21.0,2004-09-15T07:00Z,Italy,F,379,15,18,14,0,0,0,1,1,5,23,1,0,0,23,Burnley,#6C1D45,#1a1a1a,https://a.espncdn.com/i/teamlogos/soccer/500/379.png,0.21739130434782608,0.043478260869565216,0.2,,0,43.81720430107527,54.56989247311827,17.449664429530202,56.72043010752689,70.96774193548387,25.838926174496645,24.074074074074073,66.60130718954248,67.3202614379085,31.213872832369944,68.16993464052288,71.50326797385621,37.903225806451616,,28.49462365591398,80.64516129032258,52.41935483870967,48.655913978494624,0
342029,Yehor Yarmoliuk,yehor-yarmoliuk,159.0,"5' 11""",71.0,21.0,2004-03-01T08:00Z,Ukraine,M,337,31,18,13,6,0,0,0,1,2,9,0,0,8,26,Brentford,#f42727,#f8ced9,https://a.espncdn.com/i/teamlogos/soccer/500/337.png,0.2222222222222222,0.0,0.0,,6,26.304347826086953,25.43478260869565,33.33333333333333,55.869565217391305,61.73913043478261,18.67816091954023,14.838709677419354,29.934640522875817,30.065359477124183,32.080924855491325,66.33986928104575,71.50326797385621,37.39130434782608,,81.73913043478261,20.652173913043484,54.56521739130435,54.56521739130435,9
343573,Tommy Setford,tommy-setford,168.0,"6' 1""",73.0,19.0,2006-03-13T08:00Z,England,G,359,0,0,0,0,0,0,0,0,0,0,0,0,0,0,Arsenal,#e20520,#132257,https://a.espncdn.com/i/teamlogos/soccer/500/359.png,,,,,0,50.609756097560975,47.5609756097561,,29.268292682926827,43.90243902439025,,,29.934640522875817,30.065359477124183,,14.117647058823529,15.42483660130719,77.4390243902439,,21.341463414634145,64.6341463414634,50.0,67.07317073170731,0
344692,Jota Silva,jota-silva,170.0,"5' 10""",70.0,26.0,1999-08-01T07:00Z,Portugal,F,393,31,23,23,5,0,0,1,2,7,22,3,0,1,17,Nottm Forest,#c8102e,#132257,https://a.espncdn.com/i/teamlogos/soccer/500/393.png,0.3181818181818182,0.13636363636363635,0.42857142857142855,,5,59.946236559139784,54.56989247311827,36.91275167785235,71.23655913978494,79.56989247311827,62.41610738255034,75.55555555555556,83.20261437908498,67.3202614379085,53.75722543352601,79.86928104575163,79.15032679738562,48.655913978494624,,64.51612903225806,8.602150537634415,52.41935483870967,30.91397849462365,13
345197,Ryan One,ryan-one,0.0,,0.0,19.0,2006-06-26T07:00Z,Scotland,F,398,1,0,0,0,0,0,0,0,0,0,0,0,0,2,Sheffield Utd,#f42727,#1D428A,https://a.espncdn.com/i/teamlogos/soccer/500/398.png,,,,,0,18.817204301075268,23.387096774193548,,11.827956989247312,11.827956989247312,,,29.934640522875817,30.065359477124183,,14.117647058823529,15.42483660130719,75.0,,28.49462365591398,80.64516129032258,52.41935483870967,78.49462365591398,0
345213,Kaden Rodney,kaden-rodney,148.0,"6' 2""",74.0,21.0,2004-10-07T07:00Z,England,M,384,0,0,0,0,0,0,0,0,0,0,0,0,0,0,C Palace,#0202fb,#ffdd00,https://a.espncdn.com/i/teamlogos/soccer/500/384.png,,,,,0,26.304347826086953,25.43478260869565,,11.956521739130435,11.956521739130435,,,29.934640522875817,30.065359477124183,,14.117647058823529,15.42483660130719,89.13043478260869,,16.956521739130434,83.47826086956522,54.56521739130435,81.30434782608695,0
345222,Thomas Wilson-Brown,thomas-wilson-brown,0.0,"6' 4""",76.0,21.0,2004-10-05T07:00Z,England,D,375,0,0,0,0,0,0,0,0,0,0,0,0,0,0,Leicester,#0202fb,#000000,https://a.espncdn.com/i/teamlogos/soccer/500/375.png,,,,,0,35.0187265917603,33.89513108614232,,13.48314606741573,12.734082397003746,,,29.934640522875817,30.065359477124183,,14.117647058823529,15.42483660130719,89.32584269662921,,14.981273408239701,84.45692883895131,54.49438202247191,78.08988764044943,0
345687,Wilson Odobert,wilson-odobert,168.0,"6' 0""",72.0,21.0,2004-11-28T08:00Z,France,F,379,45,10,22,3,0,0,3,6,19,62,4,0,2,65,Burnley,#6C1D45,#1a1a1a,https://a.espncdn.com/i/teamlogos/soccer/500/379.png,0.3064516129032258,0.06451612903225806,0.21052631578947367,,3,65.86021505376344,75.0,34.22818791946309,68.54838709677419,51.88172043010753,31.543624161073826,26.666666666666668,86.9281045751634,85.88235294117646,50.86705202312138,78.75816993464052,56.666666666666664,1.6129032258064484,,77.15053763440861,22.311827956989248,52.41935483870967,7.795698924731184,6
346553,Jordan Amissah,jordan-amissah,0.0,"6' 6""",78.0,24.0,2001-08-02T07:00Z,Ghana,G,398,0,0,0,0,0,0,0,0,0,0,0,0,0,0,Sheffield Utd,#f42727,#1D428A,https://a.espncdn.com/i/teamlogos/soccer/500/398.png,,,,,0,50.609756097560975,47.5609756097561,,29.268292682926827,43.90243902439025,,,29.934640522875817,30.065359477124183,,14.117647058823529,15.42483660130719,77.4390243902439,,21.341463414634145,64.6341463414634,50.0,67.07317073170731,0
346710,Killian Cahill,killian-cahill,148.0,"6' 0""",72.0,22.0,2003-11-03T08:00Z,,G,331,0,0,0,0,0,0,0,0,0,0,0,0,0,0,Brighton,#0606fa,#ffdd00,https://a.espncdn.com/i/teamlogos/soccer/500/331.png,,,,,0,50.609756097560975,47.5609756097561,,29.268292682926827,43.90243902439025,,,29.934640522875817,30.065359477124183,,14.117647058823529,15.42483660130719,77.4390243902439,,21.341463414634145,64.6341463414634,50.0,67.07317073170731,0
346816,Dante Cassanova,dante-cassanova,146.0,"5' 10""",70.0,21.0,2004-06-21T07:00Z,Jamaica,D,367,0,0,0,0,0,0,0,0,0,0,0,0,0,0,Spurs,#ffffff,#9bafd8,https://a.espncdn.com/i/teamlogos/soccer/500/367.png,,,,,0,35.0187265917603,33.89513108614232,,13.48314606741573,12.734082397003746,,,29.934640522875817,30.065359477124183,,14.117647058823529,15.42483660130719,89.32584269662921,,14.981273408239701,84.45692883895131,54.49438202247191,78.08988764044943,0
346819,Youssef Chermiti,youssef-chermiti,183.0,"6' 4""",76.0,21.0,2004-05-24T07:00Z,Portugal,F,368,4,1,1,1,0,0,0,0,0,2,0,0,0,0,Everton,#0606fa,#132257,https://a.espncdn.com/i/teamlogos/soccer/500/368.png,0.0,0.0,,,1,18.817204301075268,23.387096774193548,5.033557046979865,25.268817204301076,25.537634408602152,11.073825503355705,,29.934640522875817,30.065359477124183,7.321772639691715,30.84967320261438,32.745098039215684,89.51612903225806,,28.49462365591398,52.41935483870967,52.41935483870967,78.49462365591398,0
346820,Mateus Fernandes,mateus-fernandes,159.0,"5' 10""",70.0,21.0,2004-07-10T07:00Z,Portugal,M,376,36,45,55,8,0,0,4,2,14,41,2,0,7,67,Southampton,#ED1A3B,#f1ee13,https://a.espncdn.com/i/teamlogos/soccer/500/376.png,0.34146341463414637,0.04878048780487805,0.14285714285714285,,8,73.91304347826086,87.60869565217392,69.82758620689656,95.65217391304348,90.8695652173913,41.09195402298851,32.25806451612903,77.25490196078432,90.45751633986929,60.78998073217726,98.0392156862745,96.20915032679738,2.173913043478265,,77.6086956521739,11.521739130434781,54.56521739130435,40.21739130434783,34
346874,Alex Murphy,alex-murphy,172.0,"6' 2""",74.0,21.0,2004-06-25T07:00Z,Republic of Ireland,D,361,0,0,0,0,0,0,0,0,0,0,0,0,0,0,Newcastle,#000000,#cd1937,https://a.espncdn.com/i/teamlogos/soccer/500/361.png,,,,,0,35.0187265917603,33.89513108614232,,13.48314606741573,12.734082397003746,,,29.934640522875817,30.065359477124183,,14.117647058823529,15.42483660130719,89.32584269662921,,14.981273408239701,84.45692883895131,54.49438202247191,78.08988764044943,0
346910,Divin Mubama,divin-mubama,152.0,"6' 0""",72.0,21.0,2004-10-25T07:00Z,England,F,382,1,0,0,0,0,0,0,0,0,1,0,0,0,0,Man City,#99c5ea,#e6ff00,https://a.espncdn.com/i/teamlogos/soccer/500/382.png,0.0,0.0,,,0,18.817204301075268,23.387096774193548,5.033557046979865,11.827956989247312,11.827956989247312,11.073825503355705,,29.934640522875817,30.065359477124183,7.321772639691715,14.117647058823529,15.42483660130719,89.51612903225806,,28.49462365591398,80.64516129032258,52.41935483870967,78.49462365591398,0
347046,Max Alleyne,max-alleyne,157.0,"6' 1""",73.0,20.0,2005-07-21T07:00Z,England,D,382,0,0,0,0,0,0,0,0,0,0,0,0,0,0,Man City,#99c5ea,#e6ff00,https://a.espncdn.com/i/teamlogos/soccer/500/382.png,,,,,0,35.0187265917603,33.89513108614232,,13.48314606741573,12.734082397003746,,,29.934640522875817,30.065359477124183,,14.117647058823529,15.42483660130719,89.32584269662921,,14.981273408239701,84.45692883895131,54.49438202247191,78.08988764044943,0
347052,Tyler Fredricson,tyler-fredricson,152.0,"6' 0""",72.0,20.0,2005-02-23T08:00Z,England,D,360,2,0,2,0,0,0,0,0,0,0,0,0,0,4,Man United,#da020e,#144992,https://a.espncdn.com/i/teamlogos/soccer/500/360.png,,,,,0,35.0187265917603,33.89513108614232,,36.70411985018727,12.734082397003746,,,29.934640522875817,30.065359477124183,,36.470588235294116,15.42483660130719,69.47565543071161,,14.981273408239701,84.45692883895131,54.49438202247191,78.08988764044943,0
347053,Elyh Harrison,elyh-harrison,0.0,"6' 0""",72.0,19.0,2006-02-19T08:00Z,England,G,360,0,0,0,0,0,0,0,0,0,0,0,0,0,0,Man United,#da020e,#144992,https://a.espncdn.com/i/teamlogos/soccer/500/360.png,,,,,0,50.609756097560975,47.5609756097561,,29.268292682926827,43.90243902439025,,,29.934640522875817,30.065359477124183,,14.117647058823529,15.42483660130719,77.4390243902439,,21.341463414634145,64.6341463414634,50.0,67.07317073170731,0
347265,Jacob Slater,jacob-slater,161.0,"6' 0""",72.0,21.0,2004-10-05T07:00Z,England,D,331,0,0,0,0,0,0,0,0,0,0,0,0,0,0,Brighton,#0606fa,#ffdd00,https://a.espncdn.com/i/teamlogos/soccer/500/331.png,,,,,0,35.0187265917603,33.89513108614232,,13.48314606741573,12.734082397003746,,,29.934640522875817,30.065359477124183,,14.117647058823529,15.42483660130719,89.32584269662921,,14.981273408239701,84.45692883895131,54.49438202247191,78.08988764044943,0
347289,Zack Nelson,zack-nelson,161.0,"6' 0""",72.0,20.0,2005-04-21T07:00Z,England,M,301,2,0,0,0,0,0,0,0,0,0,0,0,0,1,Luton,#ff4f00,#1D428A,https://a.espncdn.com/i/teamlogos/soccer/500/301.png,,,,,0,26.304347826086953,25.43478260869565,,11.956521739130435,11.956521739130435,,,29.934640522875817,30.065359477124183,,14.117647058823529,15.42483660130719,76.52173913043478,,16.956521739130434,83.47826086956522,54.56521739130435,81.30434782608695,0
348264,Alfie Dorrington,alfie-dorrington,163.0,"5' 11""",71.0,20.0,2005-04-20T07:00Z,England,D,367,1,0,0,0,0,0,0,0,0,0,0,0,0,0,Spurs,#ffffff,#9bafd8,https://a.espncdn.com/i/teamlogos/soccer/500/367.png,,,,,0,35.0187265917603,33.89513108614232,,13.48314606741573,12.734082397003746,,,29.934640522875817,30.065359477124183,,14.117647058823529,15.42483660130719,89.32584269662921,,14.981273408239701,84.45692883895131,54.49438202247191,78.08988764044943,0
348294,Dominic Sadi,dominic-sadi,141.0,"5' 9""",69.0,21.0,2003-09-02T07:00Z,England,F,349,0,0,0,0,0,0,0,0,0,0,0,0,0,0,Bournemouth,#f42727,#ffffff,https://a.espncdn.com/i/teamlogos/soccer/500/349.png,,,,,0,18.817204301075268,23.387096774193548,,11.827956989247312,11.827956989247312,,,29.934640522875817,30.065359477124183,,14.117647058823529,15.42483660130719,89.51612903225806,,28.49462365591398,80.64516129032258,52.41935483870967,78.49462365591398,0
348301,Martial Godo,martial-godo,132.0,"5' 7""",67.0,22.0,2003-03-14T08:00Z,England,F,370,2,1,0,0,0,0,0,0,0,0,0,0,0,0,Fulham,#ffffff,#d11317,https://a.espncdn.com/i/teamlogos/soccer/500/370.png,,,,,0,18.817204301075268,23.387096774193548,,11.827956989247312,25.537634408602152,,,29.934640522875817,30.065359477124183,,14.117647058823529,32.745098039215684,89.51612903225806,,28.49462365591398,80.64516129032258,52.41935483870967,78.49462365591398,1
348303,Zach Abbott,zach-abbott,152.0,"5' 11""",71.0,19.0,2006-05-13T07:00Z,England,D,393,0,0,0,0,0,0,0,0,0,0,0,0,0,0,Nottm Forest,#c8102e,#132257,https://a.espncdn.com/i/teamlogos/soccer/500/393.png,,,,,0,35.0187265917603,33.89513108614232,,13.48314606741573,12.734082397003746,,,29.934640522875817,30.065359477124183,,14.117647058823529,15.42483660130719,89.32584269662921,,14.981273408239701,84.45692883895131,54.49438202247191,78.08988764044943,0
348305,Ryan Trevitt,ryan-trevitt,141.0,"5' 7""",67.0,22.0,2003-03-12T08:00Z,England,M,337,1,0,0,0,0,0,0,1,0,0,0,0,0,0,Brentford,#f42727,#f8ced9,https://a.espncdn.com/i/teamlogos/soccer/500/337.png,,,,,0,26.304347826086953,25.43478260869565,,11.956521739130435,11.956521739130435,,,29.934640522875817,30.065359477124183,,14.117647058823529,15.42483660130719,89.13043478260869,,16.956521739130434,83.47826086956522,54.56521739130435,54.56521739130435,0
348779,Coby Ebere,coby-ebere,0.0,"6' 2""",74.0,20.0,2005-09-17T07:00Z,Germany,F,368,0,0,0,0,0,0,0,0,0,0,0,0,0,0,Everton,#0606fa,#132257,https://a.espncdn.com/i/teamlogos/soccer/500/368.png,,,,,0,18.817204301075268,23.387096774193548,,11.827956989247312,11.827956989247312,,,29.934640522875817,30.065359477124183,,14.117647058823529,15.42483660130719,89.51612903225806,,28.49462365591398,80.64516129032258,52.41935483870967,78.49462365591398,0
348787,Yankuba Minteh,yankuba-minteh,141.0,"5' 11""",71.0,21.0,2004-07-22T07:00Z,Gambia,F,331,34,25,11,6,0,0,5,4,15,35,6,0,0,33,Brighton,#0606fa,#ffdd00,https://a.espncdn.com/i/teamlogos/soccer/500/331.png,0.42857142857142855,0.17142857142857143,0.4,,6,74.73118279569893,87.09677419354838,70.46979865771812,49.46236559139785,85.21505376344086,77.85234899328859,68.51851851851852,91.63398692810458,93.0718954248366,77.9383429672447,62.35294117647059,82.35294117647058,20.6989247311828,,28.49462365591398,5.376344086021504,52.41935483870967,14.516129032258064,28
349078,Lewis Miley,lewis-miley,159.0,"6' 1""",73.0,19.0,2006-05-01T07:00Z,England,M,361,14,3,1,0,0,0,0,1,2,2,1,0,1,4,Newcastle,#000000,#cd1937,https://a.espncdn.com/i/teamlogos/soccer/500/361.png,1.0,0.5,0.5,,0,60.652173913043484,25.43478260869565,97.98850574712644,25.869565217391305,31.956521739130434,99.42528735632183,86.7741935483871,66.60130718954248,30.065359477124183,97.88053949903662,30.84967320261438,39.869281045751634,66.52173913043478,,39.78260869565217,83.47826086956522,54.56521739130435,54.56521739130435,1
349102,Ishé Samuels-Smith,ishe-samuels-smith,0.0,"6' 1""",73.0,19.0,2006-06-05T07:00Z,England,D,363,0,0,0,0,0,0,0,0,0,0,0,0,0,0,Chelsea,#144992,#ffeeee,https://a.espncdn.com/i/teamlogos/soccer/500/363.png,,,,,0,35.0187265917603,33.89513108614232,,13.48314606741573,12.734082397003746,,,29.934640522875817,30.065359477124183,,14.117647058823529,15.42483660130719,89.32584269662921,,14.981273408239701,84.45692883895131,54.49438202247191,78.08988764044943,0
349181,Will Lankshear,will-lankshear,174.0,"6' 2""",74.0,20.0,2005-04-20T07:00Z,England,F,367,3,2,0,0,0,0,0,0,0,0,0,0,0,0,Spurs,#ffffff,#9bafd8,https://a.espncdn.com/i/teamlogos/soccer/500/367.png,,,,,0,18.817204301075268,23.387096774193548,,11.827956989247312,29.03225806451613,,,29.934640522875817,30.065359477124183,,14.117647058823529,36.60130718954248,89.51612903225806,,28.49462365591398,80.64516129032258,52.41935483870967,78.49462365591398,0
349733,Ethan Nwaneri,ethan-nwaneri,152.0,"5' 9""",69.0,18.0,2007-03-21T07:00Z,England,M,359,26,8,5,1,0,0,3,3,7,23,4,0,2,4,Arsenal,#e20520,#132257,https://a.espncdn.com/i/teamlogos/soccer/500/359.png,0.30434782608695654,0.17391304347826086,0.5714285714285714,,1,86.73913043478261,81.08695652173913,54.59770114942529,38.47826086956522,42.173913043478265,90.80459770114942,93.2258064516129,86.9281045751634,85.88235294117646,50.481695568400774,47.97385620915033,52.09150326797386,66.52173913043478,,50.21739130434783,61.95652173913043,54.56521739130435,30.434782608695656,14
350353,Andre Brooks,andre-brooks,0.0,"5' 11""",71.0,22.0,2003-08-20T07:00Z,England,M,398,20,11,9,1,0,0,0,0,2,9,0,0,1,27,Sheffield Utd,#f42727,#1D428A,https://a.espncdn.com/i/teamlogos/soccer/500/398.png,0.2222222222222222,0.0,0.0,,1,26.304347826086953,25.43478260869565,33.33333333333333,47.391304347826086,46.73913043478261,18.67816091954023,14.838709677419354,29.934640522875817,30.065359477124183,32.080924855491325,57.647058823529406,58.56209150326798,34.565217391304344,,39.78260869565217,61.95652173913043,54.56521739130435,81.30434782608695,0
350501,Samuel Amo-Ameyaw,samuel-amo-ameyaw,139.0,"5' 9""",69.0,19.0,2006-07-18T07:00Z,England,F,376,2,1,2,1,0,0,0,0,0,1,0,0,0,0,Southampton,#ED1A3B,#f1ee13,https://a.espncdn.com/i/teamlogos/soccer/500/376.png,0.0,0.0,,,1,18.817204301075268,23.387096774193548,5.033557046979865,29.03225806451613,25.537634408602152,11.073825503355705,,29.934640522875817,30.065359477124183,7.321772639691715,36.470588235294116,32.745098039215684,89.51612903225806,,28.49462365591398,52.41935483870967,52.41935483870967,78.49462365591398,0
350502,Oliver Scarles,oliver-scarles,163.0,"6' 0""",72.0,20.0,2005-12-12T08:00Z,England,D,371,15,5,3,1,0,0,0,3,0,3,0,0,3,8,West Ham,#7c2c3b,#000000,https://a.espncdn.com/i/teamlogos/soccer/500/371.png,0.0,0.0,,,1,35.0187265917603,33.89513108614232,10.732984293193718,42.13483146067416,39.325842696629216,29.05759162303665,,29.934640522875817,30.065359477124183,7.321772639691715,40.849673202614376,43.72549019607843,61.79775280898877,,41.19850187265918,60.48689138576779,54.49438202247191,23.220973782771537,0
350629,Henry Cartwright,henry-cartwright,148.0,"5' 9""",69.0,21.0,2004-12-11T08:00Z,England,M,375,0,0,0,0,0,0,0,0,0,0,0,0,0,0,Leicester,#0202fb,#000000,https://a.espncdn.com/i/teamlogos/soccer/500/375.png,,,,,0,26.304347826086953,25.43478260869565,,11.956521739130435,11.956521739130435,,,29.934640522875817,30.065359477124183,,14.117647058823529,15.42483660130719,89.13043478260869,,16.956521739130434,83.47826086956522,54.56521739130435,81.30434782608695,0
350674,Damola Ajayi,damola-ajayi,163.0,"5' 9""",69.0,19.0,2005-12-27T08:00Z,England,F,367,0,0,0,0,0,0,0,0,0,0,0,0,0,0,Spurs,#ffffff,#9bafd8,https://a.espncdn.com/i/teamlogos/soccer/500/367.png,,,,,0,18.817204301075268,23.387096774193548,,11.827956989247312,11.827956989247312,,,29.934640522875817,30.065359477124183,,14.117647058823529,15.42483660130719,89.51612903225806,,28.49462365591398,80.64516129032258,52.41935483870967,78.49462365591398,0
350685,Maldini Kacurri,maldini-kacurri,183.0,"6' 0""",72.0,20.0,2005-10-04T07:00Z,Albania,D,359,0,0,0,0,0,0,0,0,0,0,0,0,0,0,Arsenal,#e20520,#132257,https://a.espncdn.com/i/teamlogos/soccer/500/359.png,,,,,0,35.0187265917603,33.89513108614232,,13.48314606741573,12.734082397003746,,,29.934640522875817,30.065359477124183,,14.117647058823529,15.42483660130719,89.32584269662921,,14.981273408239701,84.45692883895131,54.49438202247191,78.08988764044943,0
351059,Josh Nichols,josh-nichols,121.0,"5' 5""",65.0,19.0,2006-07-26T07:00Z,England,D,359,0,0,0,0,0,0,0,0,0,0,0,0,0,0,Arsenal,#e20520,#132257,https://a.espncdn.com/i/teamlogos/soccer/500/359.png,,,,,0,35.0187265917603,33.89513108614232,,13.48314606741573,12.734082397003746,,,29.934640522875817,30.065359477124183,,14.117647058823529,15.42483660130719,89.32584269662921,,14.981273408239701,84.45692883895131,54.49438202247191,78.08988764044943,0
351061,Jimi Gower,jimi-gower,161.0,"5' 11""",71.0,21.0,2004-10-01T07:00Z,England,M,359,0,0,0,0,0,0,0,0,0,0,0,0,0,0,Arsenal,#e20520,#132257,https://a.espncdn.com/i/teamlogos/soccer/500/359.png,,,,,0,26.304347826086953,25.43478260869565,,11.956521739130435,11.956521739130435,,,29.934640522875817,30.065359477124183,,14.117647058823529,15.42483660130719,89.13043478260869,,16.956521739130434,83.47826086956522,54.56521739130435,81.30434782608695,0
351122,Isaac Heath,isaac-heath,119.0,"5' 8""",68.0,21.0,2004-10-28T07:00Z,England,F,368,0,0,0,0,0,0,0,0,0,0,0,0,0,0,Everton,#0606fa,#132257,https://a.espncdn.com/i/teamlogos/soccer/500/368.png,,,,,0,18.817204301075268,23.387096774193548,,11.827956989247312,11.827956989247312,,,29.934640522875817,30.065359477124183,,14.117647058823529,15.42483660130719,89.51612903225806,,28.49462365591398,80.64516129032258,52.41935483870967,78.49462365591398,0
351338,Michael Golding,michael-golding,161.0,"5' 10""",70.0,19.0,2006-05-23T07:00Z,England,M,375,1,0,0,0,0,0,0,0,0,0,0,0,0,0,Leicester,#0202fb,#000000,https://a.espncdn.com/i/teamlogos/soccer/500/375.png,,,,,0,26.304347826086953,25.43478260869565,,11.956521739130435,11.956521739130435,,,29.934640522875817,30.065359477124183,,14.117647058823529,15.42483660130719,89.13043478260869,,16.956521739130434,83.47826086956522,54.56521739130435,81.30434782608695,0
351382,Lewis Orford,lewis-orford,161.0,"6' 2""",74.0,19.0,2006-02-18T08:00Z,England,M,371,2,0,0,0,0,0,0,0,0,1,0,0,0,1,West Ham,#7c2c3b,#000000,https://a.espncdn.com/i/teamlogos/soccer/500/371.png,0.0,0.0,,,0,26.304347826086953,25.43478260869565,5.747126436781609,11.956521739130435,11.956521739130435,18.67816091954023,,29.934640522875817,30.065359477124183,7.321772639691715,14.117647058823529,15.42483660130719,76.52173913043478,,16.956521739130434,83.47826086956522,54.56521739130435,81.30434782608695,2
352758,Myles Lewis-Skelly,myles-lewis-skelly,159.0,"5' 10""",70.0,19.0,2006-09-26T07:00Z,England,D,359,23,11,47,3,2,0,0,5,1,3,1,0,1,16,Arsenal,#e20520,#132257,https://a.espncdn.com/i/teamlogos/soccer/500/359.png,0.3333333333333333,0.3333333333333333,1.0,,7,77.71535580524345,33.89513108614232,65.70680628272252,99.06367041198502,59.36329588014981,95.81151832460732,94.03973509933775,66.60130718954248,30.065359477124183,57.61078998073218,95.55555555555556,58.56209150326798,49.62546816479401,,32.20973782771536,36.89138576779026,0.18726591760299982,10.112359550561806,8
352820,Jayden Meghoma,jayden-meghoma,174.0,"5' 9""",69.0,19.0,2006-06-28T07:00Z,England,D,337,1,0,0,0,0,0,0,0,0,0,0,0,0,0,Brentford,#f42727,#f8ced9,https://a.espncdn.com/i/teamlogos/soccer/500/337.png,,,,,0,35.0187265917603,33.89513108614232,,13.48314606741573,12.734082397003746,,,29.934640522875817,30.065359477124183,,14.117647058823529,15.42483660130719,89.32584269662921,,14.981273408239701,84.45692883895131,54.49438202247191,78.08988764044943,0
353155,Jili Buyabu,jili-buyabu,0.0,"6' 0""",72.0,22.0,2003-08-09T07:00Z,England,D,398,0,0,0,0,0,0,0,0,0,0,0,0,0,0,Sheffield Utd,#f42727,#1D428A,https://a.espncdn.com/i/teamlogos/soccer/500/398.png,,,,,0,35.0187265917603,33.89513108614232,,13.48314606741573,12.734082397003746,,,29.934640522875817,30.065359477124183,,14.117647058823529,15.42483660130719,89.32584269662921,,14.981273408239701,84.45692883895131,54.49438202247191,78.08988764044943,0
353195,Kadan Young,kadan-young,148.0,"5' 9""",69.0,19.0,2006-01-19T08:00Z,England,F,362,0,0,0,0,0,0,0,0,0,0,0,0,0,0,Aston Villa,#660e36,#ffffff,https://a.espncdn.com/i/teamlogos/soccer/500/362.png,,,,,0,18.817204301075268,23.387096774193548,,11.827956989247312,11.827956989247312,,,29.934640522875817,30.065359477124183,,14.117647058823529,15.42483660130719,89.51612903225806,,28.49462365591398,80.64516129032258,52.41935483870967,78.49462365591398,0
354729,Sydie Peck,sydie-peck,141.0,"5' 8""",68.0,21.0,2004-09-13T07:00Z,England,M,398,1,0,0,0,0,0,0,0,0,0,0,0,0,0,Sheffield Utd,#f42727,#1D428A,https://a.espncdn.com/i/teamlogos/soccer/500/398.png,,,,,0,26.304347826086953,25.43478260869565,,11.956521739130435,11.956521739130435,,,29.934640522875817,30.065359477124183,,14.117647058823529,15.42483660130719,89.13043478260869,,16.956521739130434,83.47826086956522,54.56521739130435,81.30434782608695,0
354737,Jayden Danns,jayden-danns,148.0,"6' 0""",72.0,19.0,2006-01-16T08:00Z,England,F,364,1,0,0,0,0,0,0,0,0,0,0,0,0,1,Liverpool,#d11317,#132257,https://a.espncdn.com/i/teamlogos/soccer/500/364.png,,,,,0,18.817204301075268,23.387096774193548,,11.827956989247312,11.827956989247312,,,29.934640522875817,30.065359477124183,,14.117647058823529,15.42483660130719,78.2258064516129,,28.49462365591398,80.64516129032258,52.41935483870967,78.49462365591398,0
355149,Callum Bates,callum-bates,172.0,"5' 11""",71.0,20.0,2005-09-28T07:00Z,England,M,368,0,0,0,0,0,0,0,0,0,0,0,0,0,0,Everton,#0606fa,#132257,https://a.espncdn.com/i/teamlogos/soccer/500/368.png,,,,,0,26.304347826086953,25.43478260869565,,11.956521739130435,11.956521739130435,,,29.934640522875817,30.065359477124183,,14.117647058823529,15.42483660130719,89.13043478260869,,16.956521739130434,83.47826086956522,54.56521739130435,81.30434782608695,0
355359,Jay Robinson,jay-robinson,141.0,"5' 9""",69.0,18.0,2007-03-15T07:00Z,England,F,376,4,3,1,0,0,0,0,0,1,1,0,0,0,2,Southampton,#ED1A3B,#f1ee13,https://a.espncdn.com/i/teamlogos/soccer/500/376.png,1.0,0.0,0.0,,0,18.817204301075268,23.387096774193548,98.65771812080537,25.268817204301076,32.526881720430104,11.073825503355705,7.037037037037037,29.934640522875817,30.065359477124183,97.88053949903662,30.84967320261438,39.869281045751634,75.0,,28.49462365591398,80.64516129032258,52.41935483870967,78.49462365591398,3
355915,Tom Edozie,tom-edozie,150.0,"5' 10""",70.0,19.0,2006-05-18T07:00Z,England,F,380,0,0,0,0,0,0,0,0,0,0,0,0,0,0,Wolves,#fdb913,#cd1937,https://a.espncdn.com/i/teamlogos/soccer/500/380.png,,,,,0,18.817204301075268,23.387096774193548,,11.827956989247312,11.827956989247312,,,29.934640522875817,30.065359477124183,,14.117647058823529,15.42483660130719,89.51612903225806,,28.49462365591398,80.64516129032258,52.41935483870967,78.49462365591398,0
356000,Dean Huijsen,dean-huijsen,192.0,"6' 5""",77.0,20.0,2005-04-14T07:00Z,Spain,D,349,32,31,10,10,0,0,3,6,3,18,3,0,30,31,Bournemouth,#f42727,#ffffff,https://a.espncdn.com/i/teamlogos/soccer/500/349.png,0.16666666666666666,0.16666666666666666,1.0,,10,96.06741573033707,94.00749063670412,31.93717277486911,66.29213483146067,92.88389513108615,85.6020942408377,94.03973509933775,83.20261437908498,85.88235294117646,22.736030828516377,60.0,88.56209150326796,28.838951310861432,,96.25468164794007,1.3108614232209703,54.49438202247191,6.741573033707866,15
356044,Ayden Heaven,ayden-heaven,170.0,"6' 2""",74.0,19.0,2006-09-22T07:00Z,England,D,360,4,3,4,1,0,0,0,0,0,2,0,0,2,1,Man United,#da020e,#144992,https://a.espncdn.com/i/teamlogos/soccer/500/360.png,0.0,0.0,,,1,35.0187265917603,33.89513108614232,10.732984293193718,46.254681647940075,34.08239700374532,29.05759162303665,,29.934640522875817,30.065359477124183,7.321772639691715,44.31372549019608,39.869281045751634,76.96629213483146,,36.70411985018727,60.48689138576779,54.49438202247191,78.08988764044943,1
356069,Daniel Adu-Adjei,daniel-adu-adjei,150.0,"5' 10""",70.0,20.0,2005-06-21T07:00Z,England,F,349,0,0,0,0,0,0,0,0,0,0,0,0,0,0,Bournemouth,#f42727,#ffffff,https://a.espncdn.com/i/teamlogos/soccer/500/349.png,,,,,0,18.817204301075268,23.387096774193548,,11.827956989247312,11.827956989247312,,,29.934640522875817,30.065359477124183,,14.117647058823529,15.42483660130719,89.51612903225806,,28.49462365591398,80.64516129032258,52.41935483870967,78.49462365591398,0
356074,Martin Sherif,martin-sherif,157.0,"6' 0""",72.0,19.0,2006-06-10T07:00Z,Netherlands,F,368,0,0,0,0,0,0,0,0,0,0,0,0,0,0,Everton,#0606fa,#132257,https://a.espncdn.com/i/teamlogos/soccer/500/368.png,,,,,0,18.817204301075268,23.387096774193548,,11.827956989247312,11.827956989247312,,,29.934640522875817,30.065359477124183,,14.117647058823529,15.42483660130719,89.51612903225806,,28.49462365591398,80.64516129032258,52.41935483870967,78.49462365591398,0
356075,Trey Nyoni,trey-nyoni,163.0,"5' 11""",71.0,18.0,2007-06-30T07:00Z,England,M,364,0,0,0,0,0,0,0,0,0,0,0,0,0,0,Liverpool,#d11317,#132257,https://a.espncdn.com/i/teamlogos/soccer/500/364.png,,,,,0,26.304347826086953,25.43478260869565,,11.956521739130435,11.956521739130435,,,29.934640522875817,30.065359477124183,,14.117647058823529,15.42483660130719,89.13043478260869,,16.956521739130434,83.47826086956522,54.56521739130435,81.30434782608695,0
356080,Andrés García,andres-garcia,170.0,"6' 1""",73.0,22.0,2003-02-07T08:00Z,Spain,D,362,7,1,0,0,0,0,0,0,0,1,0,0,0,5,Aston Villa,#660e36,#ffffff,https://a.espncdn.com/i/teamlogos/soccer/500/362.png,0.0,0.0,,,0,35.0187265917603,33.89513108614232,10.732984293193718,13.48314606741573,26.96629213483146,29.05759162303665,,29.934640522875817,30.065359477124183,7.321772639691715,14.117647058823529,32.745098039215684,66.85393258426967,,14.981273408239701,84.45692883895131,54.49438202247191,78.08988764044943,3
356208,Romain Esse,romain-esse,148.0,"5' 9""",69.0,20.0,2005-05-13T07:00Z,England,M,384,7,2,3,0,0,0,1,0,1,1,1,0,0,3,C Palace,#0202fb,#ffdd00,https://a.espncdn.com/i/teamlogos/soccer/500/384.png,1.0,1.0,1.0,,0,60.652173913043484,57.826086956521735,97.98850574712644,33.47826086956522,28.913043478260867,100.0,98.70967741935483,66.60130718954248,67.3202614379085,97.88053949903662,40.849673202614376,36.60130718954248,70.0,,16.956521739130434,83.47826086956522,54.56521739130435,81.30434782608695,3
356379,Lucas Bergvall,lucas-bergvall,161.0,"6' 2""",74.0,19.0,2006-02-02T08:00Z,Sweden,M,367,27,19,17,3,0,0,1,1,2,11,0,0,8,22,Spurs,#ffffff,#9bafd8,https://a.espncdn.com/i/teamlogos/soccer/500/367.png,0.18181818181818182,0.0,0.0,,3,26.304347826086953,57.826086956521735,23.850574712643677,62.39130434782608,63.69565217391304,18.67816091954023,14.838709677419354,29.934640522875817,67.3202614379085,24.759152215799617,72.35294117647058,73.26797385620914,43.47826086956522,,81.73913043478261,43.04347826086956,54.56521739130435,54.56521739130435,11
356640,Michael Kayode,michael-kayode,161.0,"5' 10""",70.0,21.0,2004-07-10T07:00Z,Italy,D,337,12,8,3,2,0,0,1,0,0,2,0,0,0,5,Brentford,#f42727,#f8ced9,https://a.espncdn.com/i/teamlogos/soccer/500/337.png,0.0,0.0,,,2,35.0187265917603,76.02996254681648,10.732984293193718,42.13483146067416,51.12359550561798,29.05759162303665,,29.934640522875817,67.3202614379085,7.321772639691715,40.849673202614376,52.09150326797386,66.85393258426967,,14.981273408239701,46.254681647940075,54.49438202247191,78.08988764044943,8
356940,Harry Amass,harry-amass,157.0,"5' 11""",71.0,18.0,2007-03-16T07:00Z,England,D,360,5,2,4,0,0,0,0,0,0,3,0,0,1,8,Man United,#da020e,#144992,https://a.espncdn.com/i/teamlogos/soccer/500/360.png,0.0,0.0,,,0,35.0187265917603,33.89513108614232,10.732984293193718,46.254681647940075,30.711610486891384,29.05759162303665,,29.934640522875817,30.065359477124183,7.321772639691715,44.31372549019608,36.60130718954248,61.79775280898877,,32.20973782771536,84.45692883895131,54.49438202247191,78.08988764044943,1
356953,Louie Marsh,louie-marsh,141.0,"5' 9""",69.0,21.0,2004-07-02T07:00Z,England,F,398,0,0,0,0,0,0,0,0,0,0,0,0,0,0,Sheffield Utd,#f42727,#1D428A,https://a.espncdn.com/i/teamlogos/soccer/500/398.png,,,,,0,18.817204301075268,23.387096774193548,,11.827956989247312,11.827956989247312,,,29.934640522875817,30.065359477124183,,14.117647058823529,15.42483660130719,89.51612903225806,,28.49462365591398,80.64516129032258,52.41935483870967,78.49462365591398,0
357153,Callan Mckenna,callan-mckenna,168.0,"6' 2""",74.0,18.0,2006-12-22T08:00Z,Scotland,G,349,0,0,0,0,0,0,0,0,0,0,0,0,0,0,Bournemouth,#f42727,#ffffff,https://a.espncdn.com/i/teamlogos/soccer/500/349.png,,,,,0,50.609756097560975,47.5609756097561,,29.268292682926827,43.90243902439025,,,29.934640522875817,30.065359477124183,,14.117647058823529,15.42483660130719,77.4390243902439,,21.341463414634145,64.6341463414634,50.0,67.07317073170731,0
357337,Jahmai Simpson-Pusey,jahmai-simpson-pusey,172.0,"6' 2""",74.0,20.0,2005-11-04T08:00Z,England,D,382,2,0,1,1,0,0,0,0,0,0,0,0,1,2,Man City,#99c5ea,#e6ff00,https://a.espncdn.com/i/teamlogos/soccer/500/382.png,,,,,1,35.0187265917603,33.89513108614232,,29.775280898876407,12.734082397003746,,,29.934640522875817,30.065359477124183,,30.84967320261438,15.42483660130719,73.78277153558052,,32.20973782771536,60.48689138576779,54.49438202247191,78.08988764044943,0
357338,Zach Marsh,zach-marsh,130.0,"5' 9""",69.0,20.0,2005-10-06T07:00Z,England,F,384,0,0,0,0,0,0,0,0,0,0,0,0,0,0,C Palace,#0202fb,#ffdd00,https://a.espncdn.com/i/teamlogos/soccer/500/384.png,,,,,0,18.817204301075268,23.387096774193548,,11.827956989247312,11.827956989247312,,,29.934640522875817,30.065359477124183,,14.117647058823529,15.42483660130719,89.51612903225806,,28.49462365591398,80.64516129032258,52.41935483870967,78.49462365591398,0
357683,Brajan Gruda,brajan-gruda,152.0,"5' 10""",70.0,21.0,2004-05-31T07:00Z,Germany,F,331,21,7,12,0,0,0,4,0,4,11,1,0,0,15,Brighton,#0606fa,#ffdd00,https://a.espncdn.com/i/teamlogos/soccer/500/331.png,0.36363636363636365,0.09090909090909091,0.25,,0,43.81720430107527,82.52688172043011,45.63758389261745,52.1505376344086,42.204301075268816,43.95973154362416,32.22222222222222,66.60130718954248,90.45751633986929,64.73988439306359,64.31372549019608,49.411764705882355,52.68817204301075,,28.49462365591398,80.64516129032258,52.41935483870967,78.49462365591398,23
358084,Caleb Kporha,caleb-kporha,148.0,"5' 7""",67.0,19.0,2006-07-15T07:00Z,England,D,384,2,0,0,0,0,0,0,0,0,0,0,0,0,1,C Palace,#0202fb,#ffdd00,https://a.espncdn.com/i/teamlogos/soccer/500/384.png,,,,,0,35.0187265917603,33.89513108614232,,13.48314606741573,12.734082397003746,,,29.934640522875817,30.065359477124183,,14.117647058823529,15.42483660130719,76.96629213483146,,14.981273408239701,84.45692883895131,54.49438202247191,78.08988764044943,0
358178,Jayce Fitzgerald,jayce-fitzgerald,152.0,"5' 10""",70.0,18.0,2007-05-09T07:00Z,England,M,360,0,0,0,0,0,0,0,0,0,0,0,0,0,0,Man United,#da020e,#144992,https://a.espncdn.com/i/teamlogos/soccer/500/360.png,,,,,0,26.304347826086953,25.43478260869565,,11.956521739130435,11.956521739130435,,,29.934640522875817,30.065359477124183,,14.117647058823529,15.42483660130719,89.13043478260869,,16.956521739130434,83.47826086956522,54.56521739130435,81.30434782608695,0
358245,Sean Neave,sean-neave,0.0,"6' 0""",72.0,18.0,2007-05-27T07:00Z,England,F,361,0,0,0,0,0,0,0,0,0,0,0,0,0,0,Newcastle,#000000,#cd1937,https://a.espncdn.com/i/teamlogos/soccer/500/361.png,,,,,0,18.817204301075268,23.387096774193548,,11.827956989247312,11.827956989247312,,,29.934640522875817,30.065359477124183,,14.117647058823529,15.42483660130719,89.51612903225806,,28.49462365591398,80.64516129032258,52.41935483870967,78.49462365591398,0
358407,Mark O’Mahony,mark-o’mahony,0.0,,0.0,20.0,2005-01-14T08:00Z,Republic of Ireland,F,331,0,0,0,0,0,0,0,0,0,0,0,0,0,0,Brighton,#0606fa,#ffdd00,https://a.espncdn.com/i/teamlogos/soccer/500/331.png,,,,,0,18.817204301075268,23.387096774193548,,11.827956989247312,11.827956989247312,,,29.934640522875817,30.065359477124183,,14.117647058823529,15.42483660130719,89.51612903225806,,28.49462365591398,80.64516129032258,52.41935483870967,78.49462365591398,0
358587,Max Kinsey-Wellings,max-kinsey-wellings,168.0,"6' 0""",72.0,20.0,2005-02-02T08:00Z,England,D,349,0,0,0,0,0,0,0,0,0,0,0,0,0,0,Bournemouth,#f42727,#ffffff,https://a.espncdn.com/i/teamlogos/soccer/500/349.png,,,,,0,35.0187265917603,33.89513108614232,,13.48314606741573,12.734082397003746,,,29.934640522875817,30.065359477124183,,14.117647058823529,15.42483660130719,89.32584269662921,,14.981273408239701,84.45692883895131,54.49438202247191,78.08988764044943,0
361355,Claudio Echeverri,claudio-echeverri,137.0,"5' 7""",67.0,20.0,2006-01-02T08:00Z,Argentina,M,382,1,0,0,0,0,0,0,0,0,0,0,0,0,0,Man City,#99c5ea,#e6ff00,https://a.espncdn.com/i/teamlogos/soccer/500/382.png,,,,,0,26.304347826086953,25.43478260869565,,11.956521739130435,11.956521739130435,,,29.934640522875817,30.065359477124183,,14.117647058823529,15.42483660130719,89.13043478260869,,16.956521739130434,83.47826086956522,54.56521739130435,81.30434782608695,0
361429,Luis Guilherme,luis-guilherme,161.0,"5' 10""",70.0,20.0,2006-02-09T08:00Z,Brazil,F,371,12,0,4,0,0,0,0,0,1,4,0,0,0,5,West Ham,#7c2c3b,#000000,https://a.espncdn.com/i/teamlogos/soccer/500/371.png,0.25,0.0,0.0,,0,18.817204301075268,23.387096774193548,22.14765100671141,34.40860215053764,11.827956989247312,11.073825503355705,7.037037037037037,29.934640522875817,30.065359477124183,37.47591522157997,44.31372549019608,15.42483660130719,65.59139784946237,,28.49462365591398,80.64516129032258,52.41935483870967,78.49462365591398,3
361434,Vitor Reis,vitor-reis,148.0,"6' 1""",73.0,20.0,2006-01-12T08:00Z,Brazil,D,382,1,0,0,0,0,0,0,0,0,0,0,0,0,0,Man City,#99c5ea,#e6ff00,https://a.espncdn.com/i/teamlogos/soccer/500/382.png,,,,,0,35.0187265917603,33.89513108614232,,13.48314606741573,12.734082397003746,,,29.934640522875817,30.065359477124183,,14.117647058823529,15.42483660130719,89.32584269662921,,14.981273408239701,84.45692883895131,54.49438202247191,78.08988764044943,0
362203,Kim Ji-Soo,kim-ji-soo,183.0,"6' 4""",76.0,21.0,2004-12-24T08:00Z,South Korea,D,337,3,1,0,0,0,0,0,0,0,0,0,0,0,0,Brentford,#f42727,#f8ced9,https://a.espncdn.com/i/teamlogos/soccer/500/337.png,,,,,0,35.0187265917603,33.89513108614232,,13.48314606741573,26.96629213483146,,,29.934640522875817,30.065359477124183,,14.117647058823529,32.745098039215684,89.32584269662921,,14.981273408239701,84.45692883895131,54.49438202247191,78.08988764044943,0
362211,Abdukodir Khusanov,abdukodir-khusanov,183.0,"6' 1""",73.0,21.0,2004-02-29T08:00Z,Uzbekistan,D,382,6,3,3,1,0,1,0,0,1,2,0,0,4,5,Man City,#99c5ea,#e6ff00,https://a.espncdn.com/i/teamlogos/soccer/500/382.png,0.5,0.0,0.0,,1,35.0187265917603,33.89513108614232,87.43455497382199,42.13483146067416,34.08239700374532,29.05759162303665,23.509933774834437,29.934640522875817,30.065359477124183,88.82466281310212,40.849673202614376,39.869281045751634,66.85393258426967,,46.62921348314607,60.48689138576779,54.49438202247191,78.08988764044943,2
362266,Benjamin Fredrick,benjamin-fredrick,0.0,"6' 2""",74.0,20.0,2005-05-28T07:00Z,Nigeria,D,337,0,0,0,0,0,0,0,0,0,0,0,0,0,0,Brentford,#f42727,#f8ced9,https://a.espncdn.com/i/teamlogos/soccer/500/337.png,,,,,0,35.0187265917603,33.89513108614232,,13.48314606741573,12.734082397003746,,,29.934640522875817,30.065359477124183,,14.117647058823529,15.42483660130719,89.32584269662921,,14.981273408239701,84.45692883895131,54.49438202247191,78.08988764044943,0
363038,Marc Guiu,marc-guiu,181.0,"6' 2""",74.0,19.0,2006-01-04T08:00Z,Spain,F,363,3,0,0,0,0,0,0,0,0,0,0,0,0,2,Chelsea,#144992,#ffeeee,https://a.espncdn.com/i/teamlogos/soccer/500/363.png,,,,,0,18.817204301075268,23.387096774193548,,11.827956989247312,11.827956989247312,,,29.934640522875817,30.065359477124183,,14.117647058823529,15.42483660130719,75.0,,28.49462365591398,80.64516129032258,52.41935483870967,78.49462365591398,1
363218,Aaron Anselmino,aaron-anselmino,183.0,"6' 1""",73.0,20.0,2005-04-29T07:00Z,Argentina,D,363,0,0,0,0,0,0,0,0,0,0,0,0,0,0,Chelsea,#144992,#ffeeee,https://a.espncdn.com/i/teamlogos/soccer/500/363.png,,,,,0,35.0187265917603,33.89513108614232,,13.48314606741573,12.734082397003746,,,29.934640522875817,30.065359477124183,,14.117647058823529,15.42483660130719,89.32584269662921,,14.981273408239701,84.45692883895131,54.49438202247191,78.08988764044943,0
364764,Mathis Amougou,mathis-amougou,141.0,"5' 10""",70.0,20.0,2006-01-18T08:00Z,France,M,363,1,0,0,0,0,0,0,0,0,0,0,0,0,0,Chelsea,#144992,#ffeeee,https://a.espncdn.com/i/teamlogos/soccer/500/363.png,,,,,0,26.304347826086953,25.43478260869565,,11.956521739130435,11.956521739130435,,,29.934640522875817,30.065359477124183,,14.117647058823529,15.42483660130719,89.13043478260869,,16.956521739130434,83.47826086956522,54.56521739130435,81.30434782608695,0
365332,Mikey Moore,mikey-moore,163.0,"5' 11""",71.0,18.0,2007-08-11T07:00Z,England,F,367,10,3,7,0,0,0,1,0,0,3,0,0,0,5,Spurs,#ffffff,#9bafd8,https://a.espncdn.com/i/teamlogos/soccer/500/367.png,0.0,0.0,,,0,18.817204301075268,54.56989247311827,5.033557046979865,41.66666666666667,32.526881720430104,11.073825503355705,,29.934640522875817,67.3202614379085,7.321772639691715,53.59477124183007,39.869281045751634,65.59139784946237,,28.49462365591398,80.64516129032258,52.41935483870967,78.49462365591398,3
365340,Jacob Wright,jacob-wright,141.0,"5' 10""",70.0,20.0,2005-09-21T07:00Z,England,M,382,0,0,0,0,0,0,0,0,0,0,0,0,0,0,Man City,#99c5ea,#e6ff00,https://a.espncdn.com/i/teamlogos/soccer/500/382.png,,,,,0,26.304347826086953,25.43478260869565,,11.956521739130435,11.956521739130435,,,29.934640522875817,30.065359477124183,,14.117647058823529,15.42483660130719,89.13043478260869,,16.956521739130434,83.47826086956522,54.56521739130435,81.30434782608695,0
365355,Franco Umeh-Chibueze,franco-umeh-chibueze,161.0,"6' 1""",73.0,21.0,2005-01-26T08:00Z,,F,384,0,0,0,0,0,0,0,0,0,0,0,0,0,0,C Palace,#0202fb,#ffdd00,https://a.espncdn.com/i/teamlogos/soccer/500/384.png,,,,,0,18.817204301075268,23.387096774193548,,11.827956989247312,11.827956989247312,,,29.934640522875817,30.065359477124183,,14.117647058823529,15.42483660130719,89.51612903225806,,28.49462365591398,80.64516129032258,52.41935483870967,78.49462365591398,0
365367,Kosta Nedeljkovic,kosta-nedeljkovic,159.0,"6' 0""",72.0,20.0,2005-12-16T08:00Z,Serbia,D,362,5,0,1,0,0,0,0,0,0,0,0,0,0,4,Aston Villa,#660e36,#ffffff,https://a.espncdn.com/i/teamlogos/soccer/500/362.png,,,,,0,35.0187265917603,33.89513108614232,,29.775280898876407,12.734082397003746,,,29.934640522875817,30.065359477124183,,30.84967320261438,15.42483660130719,69.47565543071161,,14.981273408239701,84.45692883895131,54.49438202247191,78.08988764044943,0
365718,Joachim Sanda,joachim-sanda,168.0,"6' 1""",73.0,19.0,2006-11-29T08:00Z,France,D,376,2,0,0,0,0,0,0,0,0,0,0,0,0,1,Southampton,#ED1A3B,#f1ee13,https://a.espncdn.com/i/teamlogos/soccer/500/376.png,,,,,0,35.0187265917603,33.89513108614232,,13.48314606741573,12.734082397003746,,,29.934640522875817,30.065359477124183,,14.117647058823529,15.42483660130719,76.96629213483146,,14.981273408239701,84.45692883895131,54.49438202247191,78.08988764044943,0
365953,Samuel Amissah,samuel-amissah,161.0,"6' 0""",72.0,18.0,2007-03-07T08:00Z,England,D,370,0,0,0,0,0,0,0,0,0,0,0,0,0,0,Fulham,#ffffff,#d11317,https://a.espncdn.com/i/teamlogos/soccer/500/370.png,,,,,0,35.0187265917603,33.89513108614232,,13.48314606741573,12.734082397003746,,,29.934640522875817,30.065359477124183,,14.117647058823529,15.42483660130719,89.32584269662921,,14.981273408239701,84.45692883895131,54.49438202247191,78.08988764044943,0
366004,Gustavo Nunes,gustavo-nunes,150.0,"5' 8""",68.0,20.0,2005-11-20T08:00Z,Brazil,F,337,3,0,0,0,0,0,0,0,0,0,0,0,0,2,Brentford,#f42727,#f8ced9,https://a.espncdn.com/i/teamlogos/soccer/500/337.png,,,,,0,18.817204301075268,23.387096774193548,,11.827956989247312,11.827956989247312,,,29.934640522875817,30.065359477124183,,14.117647058823529,15.42483660130719,75.0,,28.49462365591398,80.64516129032258,52.41935483870967,78.49462365591398,0
366781,Patrick Dorgu,patrick-dorgu,150.0,"6' 1""",73.0,21.0,2004-10-26T07:00Z,Denmark,D,360,12,16,28,3,1,0,0,1,2,10,0,0,0,11,Man United,#da020e,#144992,https://a.espncdn.com/i/teamlogos/soccer/500/360.png,0.2,0.0,0.0,,5,35.0187265917603,33.89513108614232,38.481675392670155,90.63670411985018,67.97752808988764,29.05759162303665,23.509933774834437,29.934640522875817,30.065359477124183,28.227360308285164,85.29411764705883,67.45098039215686,55.430711610486895,,14.981273408239701,36.89138576779026,4.86891385767791,48.12734082397003,12
366990,Yunus Konak,yunus-konak,168.0,"5' 11""",71.0,20.0,2006-01-10T08:00Z,Türkiye,M,337,10,3,1,0,0,0,0,0,0,1,0,0,0,2,Brentford,#f42727,#f8ced9,https://a.espncdn.com/i/teamlogos/soccer/500/337.png,0.0,0.0,,,0,26.304347826086953,25.43478260869565,5.747126436781609,25.869565217391305,31.956521739130434,18.67816091954023,,29.934640522875817,30.065359477124183,7.321772639691715,30.84967320261438,39.869281045751634,73.47826086956522,,16.956521739130434,83.47826086956522,54.56521739130435,81.30434782608695,0
367000,Zain Silcott-Duberry,zain-silcott-duberry,161.0,"6' 0""",72.0,20.0,2005-07-09T07:00Z,England,F,349,1,0,0,0,0,0,0,0,0,0,0,0,0,0,Bournemouth,#f42727,#ffffff,https://a.espncdn.com/i/teamlogos/soccer/500/349.png,,,,,0,18.817204301075268,23.387096774193548,,11.827956989247312,11.827956989247312,,,29.934640522875817,30.065359477124183,,14.117647058823529,15.42483660130719,89.51612903225806,,28.49462365591398,80.64516129032258,52.41935483870967,78.49462365591398,0
367001,Samuel Rak-Sakyi,samuel-rak-sakyi,161.0,"5' 10""",70.0,20.0,2005-03-27T08:00Z,England,M,363,0,0,0,0,0,0,0,0,0,0,0,0,0,0,Chelsea,#144992,#ffeeee,https://a.espncdn.com/i/teamlogos/soccer/500/363.png,,,,,0,26.304347826086953,25.43478260869565,,11.956521739130435,11.956521739130435,,,29.934640522875817,30.065359477124183,,14.117647058823529,15.42483660130719,89.13043478260869,,16.956521739130434,83.47826086956522,54.56521739130435,81.30434782608695,0
367447,Benjamin Arthur,benjamin-arthur,174.0,"6' 2""",74.0,20.0,2005-10-09T07:00Z,England,D,337,0,0,0,0,0,0,0,0,0,0,0,0,0,0,Brentford,#f42727,#f8ced9,https://a.espncdn.com/i/teamlogos/soccer/500/337.png,,,,,0,35.0187265917603,33.89513108614232,,13.48314606741573,12.734082397003746,,,29.934640522875817,30.065359477124183,,14.117647058823529,15.42483660130719,89.32584269662921,,14.981273408239701,84.45692883895131,54.49438202247191,78.08988764044943,0
367550,Bastien Meupiyou,bastien-meupiyou,174.0,"6' 3""",75.0,19.0,2006-03-19T08:00Z,France,D,380,0,0,0,0,0,0,0,0,0,0,0,0,0,0,Wolves,#fdb913,#cd1937,https://a.espncdn.com/i/teamlogos/soccer/500/380.png,,,,,0,35.0187265917603,33.89513108614232,,13.48314606741573,12.734082397003746,,,29.934640522875817,30.065359477124183,,14.117647058823529,15.42483660130719,89.32584269662921,,14.981273408239701,84.45692883895131,54.49438202247191,78.08988764044943,0
368317,Josh Acheampong,josh-acheampong,163.0,"6' 0""",72.0,19.0,2006-05-05T07:00Z,England,D,363,4,0,1,1,0,0,0,0,0,2,0,0,0,3,Chelsea,#144992,#ffeeee,https://a.espncdn.com/i/teamlogos/soccer/500/363.png,0.0,0.0,,,1,35.0187265917603,33.89513108614232,10.732984293193718,29.775280898876407,12.734082397003746,29.05759162303665,,29.934640522875817,30.065359477124183,7.321772639691715,30.84967320261438,15.42483660130719,71.72284644194757,,14.981273408239701,60.48689138576779,54.49438202247191,78.08988764044943,0
368547,Ethan Wheatley,ethan-wheatley,168.0,"6' 2""",74.0,19.0,2006-01-20T08:00Z,England,F,360,0,0,0,0,0,0,0,0,0,0,0,0,0,0,Man United,#da020e,#144992,https://a.espncdn.com/i/teamlogos/soccer/500/360.png,,,,,0,18.817204301075268,23.387096774193548,,11.827956989247312,11.827956989247312,,,29.934640522875817,30.065359477124183,,14.117647058823529,15.42483660130719,89.51612903225806,,28.49462365591398,80.64516129032258,52.41935483870967,78.49462365591398,0
368826,Julian Eyestone,julian-eyestone,214.0,"6' 6""",78.0,19.0,2006-04-21T07:00Z,USA,G,337,0,0,0,0,0,0,0,0,0,0,0,0,0,0,Brentford,#f42727,#f8ced9,https://a.espncdn.com/i/teamlogos/soccer/500/337.png,,,,,0,50.609756097560975,47.5609756097561,,29.268292682926827,43.90243902439025,,,29.934640522875817,30.065359477124183,,14.117647058823529,15.42483660130719,77.4390243902439,,21.341463414634145,64.6341463414634,50.0,67.07317073170731,0
368864,Tyrique George,tyrique-george,163.0,"5' 11""",71.0,19.0,2006-02-04T08:00Z,England,F,363,8,2,0,1,0,0,1,0,1,3,1,0,0,0,Chelsea,#144992,#ffeeee,https://a.espncdn.com/i/teamlogos/soccer/500/363.png,0.3333333333333333,0.3333333333333333,1.0,,1,43.81720430107527,54.56989247311827,38.25503355704698,11.827956989247312,29.03225806451613,99.32885906040269,100.0,66.60130718954248,67.3202614379085,57.61078998073218,14.117647058823529,36.60130718954248,89.51612903225806,,28.49462365591398,52.41935483870967,52.41935483870967,78.49462365591398,6
369482,Somtochukwu Boniface,somtochukwu-boniface,0.0,,0.0,19.0,2006-03-11T08:00Z,England,D,373,0,0,0,0,0,0,0,0,0,0,0,0,0,0,Ipswich,#0000fa,#cd1937,https://a.espncdn.com/i/teamlogos/soccer/500/373.png,,,,,0,35.0187265917603,33.89513108614232,,13.48314606741573,12.734082397003746,,,29.934640522875817,30.065359477124183,,14.117647058823529,15.42483660130719,89.32584269662921,,14.981273408239701,84.45692883895131,54.49438202247191,78.08988764044943,0
369503,Taylan Harris,taylan-harris,0.0,"5' 11""",71.0,20.0,2005-10-30T07:00Z,England,F,301,0,0,0,0,0,0,0,0,0,0,0,0,0,0,Luton,#ff4f00,#1D428A,https://a.espncdn.com/i/teamlogos/soccer/500/301.png,,,,,0,18.817204301075268,23.387096774193548,,11.827956989247312,11.827956989247312,,,29.934640522875817,30.065359477124183,,14.117647058823529,15.42483660130719,89.51612903225806,,28.49462365591398,80.64516129032258,52.41935483870967,78.49462365591398,0
369870,Ben Broggio,ben-broggio,163.0,"5' 11""",71.0,18.0,2007-01-29T08:00Z,England,M,362,0,0,0,0,0,0,0,0,0,0,0,0,0,0,Aston Villa,#660e36,#ffffff,https://a.espncdn.com/i/teamlogos/soccer/500/362.png,,,,,0,26.304347826086953,25.43478260869565,,11.956521739130435,11.956521739130435,,,29.934640522875817,30.065359477124183,,14.117647058823529,15.42483660130719,89.13043478260869,,16.956521739130434,83.47826086956522,54.56521739130435,81.30434782608695,0
369884,Jack Moorhouse,jack-moorhouse,152.0,"6' 0""",72.0,20.0,2005-11-29T08:00Z,England,M,360,0,0,0,0,0,0,0,0,0,0,0,0,0,0,Man United,#da020e,#144992,https://a.espncdn.com/i/teamlogos/soccer/500/360.png,,,,,0,26.304347826086953,25.43478260869565,,11.956521739130435,11.956521739130435,,,29.934640522875817,30.065359477124183,,14.117647058823529,15.42483660130719,89.13043478260869,,16.956521739130434,83.47826086956522,54.56521739130435,81.30434782608695,0
371578,Yang Min-Hyeok,yang-min-hyeok,137.0,"5' 8""",68.0,19.0,2006-04-16T07:00Z,South Korea,F,367,0,0,0,0,0,0,0,0,0,0,0,0,0,0,Spurs,#ffffff,#9bafd8,https://a.espncdn.com/i/teamlogos/soccer/500/367.png,,,,,0,18.817204301075268,23.387096774193548,,11.827956989247312,11.827956989247312,,,29.934640522875817,30.065359477124183,,14.117647058823529,15.42483660130719,89.51612903225806,,28.49462365591398,80.64516129032258,52.41935483870967,78.49462365591398,0
371698,Charlie Tasker,charlie-tasker,0.0,"6' 1""",73.0,19.0,2006-02-24T08:00Z,England,D,331,0,0,0,0,0,0,0,0,0,0,0,0,0,0,Brighton,#0606fa,#ffdd00,https://a.espncdn.com/i/teamlogos/soccer/500/331.png,,,,,0,35.0187265917603,33.89513108614232,,13.48314606741573,12.734082397003746,,,29.934640522875817,30.065359477124183,,14.117647058823529,15.42483660130719,89.32584269662921,,14.981273408239701,84.45692883895131,54.49438202247191,78.08988764044943,0
371701,Olabade Aluko,olabade-aluko,0.0,,0.0,19.0,2006-11-30T08:00Z,England,D,375,1,0,0,0,0,0,0,0,0,0,0,0,0,0,Leicester,#0202fb,#000000,https://a.espncdn.com/i/teamlogos/soccer/500/375.png,,,,,0,35.0187265917603,33.89513108614232,,13.48314606741573,12.734082397003746,,,29.934640522875817,30.065359477124183,,14.117647058823529,15.42483660130719,89.32584269662921,,14.981273408239701,84.45692883895131,54.49438202247191,78.08988764044943,0
372013,Shim Mheuka,shim-mheuka,163.0,"6' 0""",72.0,18.0,2007-10-20T07:00Z,England,F,363,1,0,0,0,0,0,0,0,1,1,0,0,0,0,Chelsea,#144992,#ffeeee,https://a.espncdn.com/i/teamlogos/soccer/500/363.png,1.0,0.0,0.0,,0,18.817204301075268,23.387096774193548,98.65771812080537,11.827956989247312,11.827956989247312,11.073825503355705,7.037037037037037,29.934640522875817,30.065359477124183,97.88053949903662,14.117647058823529,15.42483660130719,89.51612903225806,,28.49462365591398,80.64516129032258,52.41935483870967,78.49462365591398,0
372016,Callum Olusesi,callum-olusesi,141.0,"5' 9""",69.0,18.0,2007-03-11T08:00Z,England,M,367,0,0,0,0,0,0,0,0,0,0,0,0,0,0,Spurs,#ffffff,#9bafd8,https://a.espncdn.com/i/teamlogos/soccer/500/367.png,,,,,0,26.304347826086953,25.43478260869565,,11.956521739130435,11.956521739130435,,,29.934640522875817,30.065359477124183,,14.117647058823529,15.42483660130719,89.13043478260869,,16.956521739130434,83.47826086956522,54.56521739130435,81.30434782608695,0
372017,Spike Brits,spike-brits,0.0,"6' 3""",75.0,18.0,2007-06-24T07:00Z,England,G,382,0,0,0,0,0,0,0,0,0,0,0,0,0,0,Man City,#99c5ea,#e6ff00,https://a.espncdn.com/i/teamlogos/soccer/500/382.png,,,,,0,50.609756097560975,47.5609756097561,,29.268292682926827,43.90243902439025,,,29.934640522875817,30.065359477124183,,14.117647058823529,15.42483660130719,77.4390243902439,,21.341463414634145,64.6341463414634,50.0,67.07317073170731,0
372020,Freddie Simmonds,freddie-simmonds,0.0,"6' 2""",74.0,17.0,2008-03-09T08:00Z,England,D,331,0,0,0,0,0,0,0,0,0,0,0,0,0,0,Brighton,#0606fa,#ffdd00,https://a.espncdn.com/i/teamlogos/soccer/500/331.png,,,,,0,35.0187265917603,33.89513108614232,,13.48314606741573,12.734082397003746,,,29.934640522875817,30.065359477124183,,14.117647058823529,15.42483660130719,89.32584269662921,,14.981273408239701,84.45692883895131,54.49438202247191,78.08988764044943,0
372025,Eric Da Silva Moreira,eric-da-silva-moreira,181.0,"6' 0""",72.0,19.0,2006-05-03T07:00Z,Germany,F,393,2,0,0,0,0,0,0,0,0,0,0,0,0,0,Nottm Forest,#c8102e,#132257,https://a.espncdn.com/i/teamlogos/soccer/500/393.png,,,,,0,18.817204301075268,23.387096774193548,,11.827956989247312,11.827956989247312,,,29.934640522875817,30.065359477124183,,14.117647058823529,15.42483660130719,89.51612903225806,,28.49462365591398,80.64516129032258,52.41935483870967,78.49462365591398,0
372068,Sékou Koné,sekou-kone,141.0,"5' 9""",69.0,19.0,2006-02-03T08:00Z,Mali,M,360,0,0,0,0,0,0,0,0,0,0,0,0,0,0,Man United,#da020e,#144992,https://a.espncdn.com/i/teamlogos/soccer/500/360.png,,,,,0,26.304347826086953,25.43478260869565,,11.956521739130435,11.956521739130435,,,29.934640522875817,30.065359477124183,,14.117647058823529,15.42483660130719,89.13043478260869,,16.956521739130434,83.47826086956522,54.56521739130435,81.30434782608695,0
373758,Amara Nallo,amara-nallo,159.0,"6' 1""",73.0,19.0,2006-11-18T08:00Z,England,D,364,0,0,0,0,0,0,0,0,0,0,0,0,0,0,Liverpool,#d11317,#132257,https://a.espncdn.com/i/teamlogos/soccer/500/364.png,,,,,0,35.0187265917603,33.89513108614232,,13.48314606741573,12.734082397003746,,,29.934640522875817,30.065359477124183,,14.117647058823529,15.42483660130719,89.32584269662921,,14.981273408239701,84.45692883895131,54.49438202247191,78.08988764044943,0
374056,Joe Knight,joe-knight,0.0,"5' 5""",65.0,20.0,2005-09-21T07:00Z,England,M,331,0,0,0,0,0,0,0,0,0,0,0,0,0,0,Brighton,#0606fa,#ffdd00,https://a.espncdn.com/i/teamlogos/soccer/500/331.png,,,,,0,26.304347826086953,25.43478260869565,,11.956521739130435,11.956521739130435,,,29.934640522875817,30.065359477124183,,14.117647058823529,15.42483660130719,89.13043478260869,,16.956521739130434,83.47826086956522,54.56521739130435,81.30434782608695,0
374126,Wesley Okoduwa,wesley-okoduwa,148.0,"5' 9""",69.0,17.0,2008-05-12T07:00Z,England,D,380,0,0,0,0,0,0,0,0,0,0,0,0,0,0,Wolves,#fdb913,#cd1937,https://a.espncdn.com/i/teamlogos/soccer/500/380.png,,,,,0,35.0187265917603,33.89513108614232,,13.48314606741573,12.734082397003746,,,29.934640522875817,30.065359477124183,,14.117647058823529,15.42483660130719,89.32584269662921,,14.981273408239701,84.45692883895131,54.49438202247191,78.08988764044943,0
374219,Leo Shahar,leo-shahar,0.0,,0.0,18.0,2007-03-18T07:00Z,England,D,361,0,0,0,0,0,0,0,0,0,0,0,0,0,0,Newcastle,#000000,#cd1937,https://a.espncdn.com/i/teamlogos/soccer/500/361.png,,,,,0,35.0187265917603,33.89513108614232,,13.48314606741573,12.734082397003746,,,29.934640522875817,30.065359477124183,,14.117647058823529,15.42483660130719,89.32584269662921,,14.981273408239701,84.45692883895131,54.49438202247191,78.08988764044943,0
374221,Genesis Antwi,genesis-antwi,0.0,,0.0,18.0,2007-05-11T07:00Z,Sweden,D,363,0,0,0,0,0,0,0,0,0,0,0,0,0,0,Chelsea,#144992,#ffeeee,https://a.espncdn.com/i/teamlogos/soccer/500/363.png,,,,,0,35.0187265917603,33.89513108614232,,13.48314606741573,12.734082397003746,,,29.934640522875817,30.065359477124183,,14.117647058823529,15.42483660130719,89.32584269662921,,14.981273408239701,84.45692883895131,54.49438202247191,78.08988764044943,0
375738,Chido Obi,chido-obi,150.0,"6' 2""",74.0,18.0,2007-11-29T08:00Z,Denmark,F,360,7,3,1,1,0,0,0,0,1,5,0,0,0,4,Man United,#da020e,#144992,https://a.espncdn.com/i/teamlogos/soccer/500/360.png,0.2,0.0,0.0,,1,18.817204301075268,23.387096774193548,15.436241610738255,25.268817204301076,32.526881720430104,11.073825503355705,7.037037037037037,29.934640522875817,30.065359477124183,28.227360308285164,30.84967320261438,39.869281045751634,69.08602150537635,,28.49462365591398,52.41935483870967,52.41935483870967,78.49462365591398,0
376489,Pedro Lima,pedro-lima,150.0,"5' 9""",69.0,19.0,2006-07-01T07:00Z,Brazil,D,380,3,1,1,0,0,0,0,0,1,1,0,0,0,2,Wolves,#fdb913,#cd1937,https://a.espncdn.com/i/teamlogos/soccer/500/380.png,1.0,0.0,0.0,,0,35.0187265917603,33.89513108614232,98.42931937172776,29.775280898876407,26.96629213483146,29.05759162303665,23.509933774834437,29.934640522875817,30.065359477124183,97.88053949903662,30.84967320261438,32.745098039215684,73.78277153558052,,14.981273408239701,84.45692883895131,54.49438202247191,78.08988764044943,2
377820,Jamaldeen Jimoh,jamaldeen-jimoh,157.0,"6' 0""",72.0,19.0,2006-10-02T07:00Z,England,M,362,0,0,0,0,0,0,0,0,0,0,0,0,0,0,Aston Villa,#660e36,#ffffff,https://a.espncdn.com/i/teamlogos/soccer/500/362.png,,,,,0,26.304347826086953,25.43478260869565,,11.956521739130435,11.956521739130435,,,29.934640522875817,30.065359477124183,,14.117647058823529,15.42483660130719,89.13043478260869,,16.956521739130434,83.47826086956522,54.56521739130435,81.30434782608695,0
378457,Ismeal Kabia,ismeal-kabia,152.0,"5' 9""",69.0,20.0,2005-12-10T08:00Z,Netherlands,F,359,0,0,0,0,0,0,0,0,0,0,0,0,0,0,Arsenal,#e20520,#132257,https://a.espncdn.com/i/teamlogos/soccer/500/359.png,,,,,0,18.817204301075268,23.387096774193548,,11.827956989247312,11.827956989247312,,,29.934640522875817,30.065359477124183,,14.117647058823529,15.42483660130719,89.51612903225806,,28.49462365591398,80.64516129032258,52.41935483870967,78.49462365591398,0
378458,Harrison Armstrong,harrison-armstrong,152.0,"6' 1""",73.0,18.0,2007-01-19T08:00Z,England,M,368,3,2,2,1,0,0,0,1,0,1,0,0,0,1,Everton,#0606fa,#132257,https://a.espncdn.com/i/teamlogos/soccer/500/368.png,0.0,0.0,,,1,26.304347826086953,25.43478260869565,5.747126436781609,30.0,28.913043478260867,18.67816091954023,,29.934640522875817,30.065359477124183,7.321772639691715,36.470588235294116,36.60130718954248,76.52173913043478,,16.956521739130434,61.95652173913043,54.56521739130435,54.56521739130435,1
378530,Harry Howell,harry-howell,0.0,"5' 11""",71.0,17.0,2008-04-20T07:00Z,England,M,331,1,0,0,0,0,0,0,0,0,0,0,0,0,0,Brighton,#0606fa,#ffdd00,https://a.espncdn.com/i/teamlogos/soccer/500/331.png,,,,,0,26.304347826086953,25.43478260869565,,11.956521739130435,11.956521739130435,,,29.934640522875817,30.065359477124183,,14.117647058823529,15.42483660130719,89.13043478260869,,16.956521739130434,83.47826086956522,54.56521739130435,81.30434782608695,0
380182,Ezra Mayers,ezra-mayers,0.0,"6' 0""",72.0,18.0,2007-01-16T08:00Z,England,D,371,0,0,0,0,0,0,0,0,0,0,0,0,0,0,West Ham,#7c2c3b,#000000,https://a.espncdn.com/i/teamlogos/soccer/500/371.png,,,,,0,35.0187265917603,33.89513108614232,,13.48314606741573,12.734082397003746,,,29.934640522875817,30.065359477124183,,14.117647058823529,15.42483660130719,89.32584269662921,,14.981273408239701,84.45692883895131,54.49438202247191,78.08988764044943,0
380196,Mateus Mane,mateus-mane,0.0,"5' 9""",69.0,18.0,2007-09-16T07:00Z,England,F,380,1,0,0,0,0,0,0,0,0,0,0,0,0,0,Wolves,#fdb913,#cd1937,https://a.espncdn.com/i/teamlogos/soccer/500/380.png,,,,,0,18.817204301075268,23.387096774193548,,11.827956989247312,11.827956989247312,,,29.934640522875817,30.065359477124183,,14.117647058823529,15.42483660130719,89.51612903225806,,28.49462365591398,80.64516129032258,52.41935483870967,78.49462365591398,0
380658,Billy Blacker,billy-blacker,0.0,,0.0,19.0,2006-05-25T07:00Z,England,M,398,0,0,0,0,0,0,0,0,0,0,0,0,0,0,Sheffield Utd,#f42727,#1D428A,https://a.espncdn.com/i/teamlogos/soccer/500/398.png,,,,,0,26.304347826086953,25.43478260869565,,11.956521739130435,11.956521739130435,,,29.934640522875817,30.065359477124183,,14.117647058823529,15.42483660130719,89.13043478260869,,16.956521739130434,83.47826086956522,54.56521739130435,81.30434782608695,0
380716,Asher Agbinone,asher-agbinone,150.0,"5' 10""",70.0,20.0,2005-09-28T07:00Z,England,M,384,2,0,0,0,0,0,0,0,0,1,0,0,0,0,C Palace,#0202fb,#ffdd00,https://a.espncdn.com/i/teamlogos/soccer/500/384.png,0.0,0.0,,,0,26.304347826086953,25.43478260869565,5.747126436781609,11.956521739130435,11.956521739130435,18.67816091954023,,29.934640522875817,30.065359477124183,7.321772639691715,14.117647058823529,15.42483660130719,89.13043478260869,,16.956521739130434,83.47826086956522,54.56521739130435,81.30434782608695,1
380899,Dovydas Sasnauskas,dovydas-sasnauskas,0.0,,0.0,18.0,2007-02-16T08:00Z,Lithuania,D,398,0,0,0,0,0,0,0,0,0,0,0,0,0,0,Sheffield Utd,#f42727,#1D428A,https://a.espncdn.com/i/teamlogos/soccer/500/398.png,,,,,0,35.0187265917603,33.89513108614232,,13.48314606741573,12.734082397003746,,,29.934640522875817,30.065359477124183,,14.117647058823529,15.42483660130719,89.32584269662921,,14.981273408239701,84.45692883895131,54.49438202247191,78.08988764044943,0
383168,Christian Chigozie,christian-chigozie,161.0,"6' 1""",73.0,18.0,2007-03-01T08:00Z,England,D,301,0,0,0,0,0,0,0,0,0,0,0,0,0,0,Luton,#ff4f00,#1D428A,https://a.espncdn.com/i/teamlogos/soccer/500/301.png,,,,,0,35.0187265917603,33.89513108614232,,13.48314606741573,12.734082397003746,,,29.934640522875817,30.065359477124183,,14.117647058823529,15.42483660130719,89.32584269662921,,14.981273408239701,84.45692883895131,54.49438202247191,78.08988764044943,0
384109,Owen Hampson,owen-hampson,0.0,,0.0,20.0,2004-11-17T08:00Z,Wales,M,398,0,0,0,0,0,0,0,0,0,0,0,0,0,0,Sheffield Utd,#f42727,#1D428A,https://a.espncdn.com/i/teamlogos/soccer/500/398.png,,,,,0,26.304347826086953,25.43478260869565,,11.956521739130435,11.956521739130435,,,29.934640522875817,30.065359477124183,,14.117647058823529,15.42483660130719,89.13043478260869,,16.956521739130434,83.47826086956522,54.56521739130435,81.30434782608695,0
386200,Maeson King,maeson-king,0.0,,0.0,20.0,2005-09-09T07:00Z,England,D,367,0,0,0,0,0,0,0,0,0,0,0,0,0,0,Spurs,#ffffff,#9bafd8,https://a.espncdn.com/i/teamlogos/soccer/500/367.png,,,,,0,35.0187265917603,33.89513108614232,,13.48314606741573,12.734082397003746,,,29.934640522875817,30.065359477124183,,14.117647058823529,15.42483660130719,89.32584269662921,,14.981273408239701,84.45692883895131,54.49438202247191,78.08988764044943,0
387784,Iwan Morgan,iwan-morgan,163.0,"6' 0""",72.0,19.0,2006-01-29T08:00Z,Wales,F,337,0,0,0,0,0,0,0,0,0,0,0,0,0,0,Brentford,#f42727,#f8ced9,https://a.espncdn.com/i/teamlogos/soccer/500/337.png,,,,,0,18.817204301075268,23.387096774193548,,11.827956989247312,11.827956989247312,,,29.934640522875817,30.065359477124183,,14.117647058823529,15.42483660130719,89.51612903225806,,28.49462365591398,80.64516129032258,52.41935483870967,78.49462365591398,0
387787,Tony Yogane,tony-yogane,150.0,"5' 10""",70.0,20.0,2005-09-24T07:00Z,England,M,337,0,0,0,0,0,0,0,0,0,0,0,0,0,0,Brentford,#f42727,#f8ced9,https://a.espncdn.com/i/teamlogos/soccer/500/337.png,,,,,0,26.304347826086953,25.43478260869565,,11.956521739130435,11.956521739130435,,,29.934640522875817,30.065359477124183,,14.117647058823529,15.42483660130719,89.13043478260869,,16.956521739130434,83.47826086956522,54.56521739130435,81.30434782608695,0
389329,Jeremy Monga,jeremy-monga,0.0,,0.0,16.0,2009-07-10T07:00Z,England,M,375,7,0,5,0,0,0,0,0,1,3,0,0,2,3,Leicester,#0202fb,#000000,https://a.espncdn.com/i/teamlogos/soccer/500/375.png,0.3333333333333333,0.0,0.0,,0,26.304347826086953,25.43478260869565,66.37931034482759,38.47826086956522,11.956521739130435,18.67816091954023,14.838709677419354,29.934640522875817,30.065359477124183,57.61078998073218,47.97385620915033,15.42483660130719,70.0,,50.21739130434783,83.47826086956522,54.56521739130435,81.30434782608695,1
390095,Jack Porter,jack-porter,163.0,"6' 1""",73.0,17.0,2008-07-15T07:00Z,England,G,359,0,0,0,0,0,0,0,0,0,0,0,0,0,0,Arsenal,#e20520,#132257,https://a.espncdn.com/i/teamlogos/soccer/500/359.png,,,,,0,50.609756097560975,47.5609756097561,,29.268292682926827,43.90243902439025,,,29.934640522875817,30.065359477124183,,14.117647058823529,15.42483660130719,77.4390243902439,,21.341463414634145,64.6341463414634,50.0,67.07317073170731,0
390475,Jayden Moore,jayden-moore,150.0,"6' 0""",72.0,18.0,2006-12-12T08:00Z,England,D,376,0,0,0,0,0,0,0,0,0,0,0,0,0,0,Southampton,#ED1A3B,#f1ee13,https://a.espncdn.com/i/teamlogos/soccer/500/376.png,,,,,0,35.0187265917603,33.89513108614232,,13.48314606741573,12.734082397003746,,,29.934640522875817,30.065359477124183,,14.117647058823529,15.42483660130719,89.32584269662921,,14.981273408239701,84.45692883895131,54.49438202247191,78.08988764044943,0
390476,Joseph O'Brien-Whitmarsh,joseph-obrien-whitmarsh,161.0,"5' 8""",68.0,20.0,2005-05-11T07:00Z,,M,376,0,0,0,0,0,0,0,0,0,0,0,0,0,0,Southampton,#ED1A3B,#f1ee13,https://a.espncdn.com/i/teamlogos/soccer/500/376.png,,,,,0,26.304347826086953,25.43478260869565,,11.956521739130435,11.956521739130435,,,29.934640522875817,30.065359477124183,,14.117647058823529,15.42483660130719,89.13043478260869,,16.956521739130434,83.47826086956522,54.56521739130435,81.30434782608695,0
392659,Brayden Clarke,brayden-clarke,0.0,,0.0,18.0,2007-07-03T07:00Z,Wales,D,359,0,0,0,0,0,0,0,0,0,0,0,0,0,0,Arsenal,#e20520,#132257,https://a.espncdn.com/i/teamlogos/soccer/500/359.png,,,,,0,35.0187265917603,33.89513108614232,,13.48314606741573,12.734082397003746,,,29.934640522875817,30.065359477124183,,14.117647058823529,15.42483660130719,89.32584269662921,,14.981273408239701,84.45692883895131,54.49438202247191,78.08988764044943,0
393747,Godwill Kukonki,godwill-kukonki,185.0,"6' 5""",77.0,17.0,2008-02-06T08:00Z,England,D,360,0,0,0,0,0,0,0,0,0,0,0,0,0,0,Man United,#da020e,#144992,https://a.espncdn.com/i/teamlogos/soccer/500/360.png,,,,,0,35.0187265917603,33.89513108614232,,13.48314606741573,12.734082397003746,,,29.934640522875817,30.065359477124183,,14.117647058823529,15.42483660130719,89.32584269662921,,14.981273408239701,84.45692883895131,54.49438202247191,78.08988764044943,0
395939,Luca Williams-Barnett,luca-williams-barnett,0.0,"5' 10""",70.0,17.0,2008-10-01T07:00Z,England,M,367,0,0,0,0,0,0,0,0,0,0,0,0,0,0,Spurs,#ffffff,#9bafd8,https://a.espncdn.com/i/teamlogos/soccer/500/367.png,,,,,0,26.304347826086953,25.43478260869565,,11.956521739130435,11.956521739130435,,,29.934640522875817,30.065359477124183,,14.117647058823529,15.42483660130719,89.13043478260869,,16.956521739130434,83.47826086956522,54.56521739130435,81.30434782608695,0
396748,Malachi Hardy,malachi-hardy,172.0,"6' 4""",76.0,17.0,2008-03-10T07:00Z,England,D,367,0,0,0,0,0,0,0,0,0,0,0,0,0,0,Spurs,#ffffff,#9bafd8,https://a.espncdn.com/i/teamlogos/soccer/500/367.png,,,,,0,35.0187265917603,33.89513108614232,,13.48314606741573,12.734082397003746,,,29.934640522875817,30.065359477124183,,14.117647058823529,15.42483660130719,89.32584269662921,,14.981273408239701,84.45692883895131,54.49438202247191,78.08988764044943,0
397213,Ben Winterburn,ben-winterburn,163.0,"6' 1""",73.0,21.0,2004-09-04T07:00Z,England,M,349,4,0,1,0,0,0,0,0,0,0,0,0,0,0,Bournemouth,#f42727,#ffffff,https://a.espncdn.com/i/teamlogos/soccer/500/349.png,,,,,0,26.304347826086953,25.43478260869565,,25.869565217391305,11.956521739130435,,,29.934640522875817,30.065359477124183,,30.84967320261438,15.42483660130719,89.13043478260869,,16.956521739130434,83.47826086956522,54.56521739130435,81.30434782608695,0
398103,Archie Harris,archie-harris,126.0,"5' 5""",65.0,20.0,2004-12-27T08:00Z,Wales,D,349,0,0,0,0,0,0,0,0,0,0,0,0,0,0,Bournemouth,#f42727,#ffffff,https://a.espncdn.com/i/teamlogos/soccer/500/349.png,,,,,0,35.0187265917603,33.89513108614232,,13.48314606741573,12.734082397003746,,,29.934640522875817,30.065359477124183,,14.117647058823529,15.42483660130719,89.32584269662921,,14.981273408239701,84.45692883895131,54.49438202247191,78.08988764044943,0
398123,Remy Rees-Dottin,remy-rees-dottin,168.0,"5' 9""",69.0,19.0,2006-03-06T08:00Z,England,F,349,1,0,0,0,0,0,0,0,0,0,0,0,0,0,Bournemouth,#f42727,#ffffff,https://a.espncdn.com/i/teamlogos/soccer/500/349.png,,,,,0,18.817204301075268,23.387096774193548,,11.827956989247312,11.827956989247312,,,29.934640522875817,30.065359477124183,,14.117647058823529,15.42483660130719,89.51612903225806,,28.49462365591398,80.64516129032258,52.41935483870967,78.49462365591398,0
401157,Tom Taylor,tom-taylor,0.0,,0.0,20.0,2005-02-21T08:00Z,England,M,373,0,0,0,0,0,0,0,0,0,0,0,0,0,0,Ipswich,#0000fa,#cd1937,https://a.espncdn.com/i/teamlogos/soccer/500/373.png,,,,,0,26.304347826086953,25.43478260869565,,11.956521739130435,11.956521739130435,,,29.934640522875817,30.065359477124183,,14.117647058823529,15.42483660130719,89.13043478260869,,16.956521739130434,83.47826086956522,54.56521739130435,81.30434782608695,0
