athleteId,fullName,slug,weight,displayHeight,height,age,dateOfBirth,citizenship,positionAbbreviation,teamId,appearances_value,foulsCommitted_value,foulsSuffered_value,yellowCards_value,redCards_value,ownGoals_value,goalAssists_value,offsides_value,shotsOnTarget_value,totalShots_value,totalGoals_value,shotsFaced_value,saves_value,goalsConceded_value,teamName,shot_accuracy,conversion_rate,on_target_conversion_rate,save_percentage,discipline_score,goals_percentile,goals_pct_pos,assists_pct_pos,shot_accuracy_pct_pos,fouls_suff_pct_pos,fouls_comm_pct_pos,conversion_pct_pos,on_target_conv_pct_pos,goals_pct_global,assists_pct_global,shot_accuracy_pct_global,fouls_suff_pct_global,fouls_comm_pct_global,goals_conc_pct_pos,save_pct_pos,saves_pct_pos,yellow_cards_pct_pos,red_cards_pct_pos,offsides_pct_pos
4946,Michael Keane,michael-keane,181.0,"6' 3""",75.0,32.0,1993-01-11T08:00Z,England,D,368,14,8,0,5,0,0,0,4,3,9,3,0,8,20,Everton,0.3333333333333333,0.3333333333333333,1.0,,5,83.8125,96.18181818181817,34.18181818181818,65.64102564102564,14.000000000000002,51.81818181818182,95.64102564102565,93.54838709677419,83.8125,30.625000000000004,57.977736549165115,14.499999999999998,53.625,42.36363636363636,,63.45454545454545,17.818181818181827,54.36363636363637,15.63636363636364
6327,Ben Davies,ben-davies,170.0,"5' 11""",71.0,32.0,1993-04-24T07:00Z,Wales,D,367,17,17,7,5,0,0,0,3,1,5,0,0,20,23,Tottenham Hotspur,0.2,0.0,0.0,,5,30.312499999999996,35.090909090909086,34.18181818181818,37.69230769230769,59.81818181818181,71.0909090909091,28.974358974358978,23.548387096774192,30.312499999999996,30.625000000000004,28.107606679035253,54.87499999999999,71.375,37.81818181818182,,89.0909090909091,17.818181818181827,54.36363636363637,22.909090909090907
7441,Mark Travers,mark-travers,181.0,"6' 3""",75.0,26.0,1999-05-18T07:00Z,Republic of Ireland,G,349,5,0,1,0,0,0,0,0,0,0,0,77,20,5,AFC Bournemouth,,,,0.8,0,30.312499999999996,50.57471264367817,47.701149425287355,,62.643678160919535,44.252873563218394,,,30.312499999999996,30.625000000000004,,31.6875,15.5,47.12643678160919,90.0,58.620689655172406,63.793103448275865,50.0,67.24137931034483
9426,Ben Johnson,ben-johnson,148.0,"5' 9""",69.0,26.0,2000-01-24T08:00Z,England,D,373,23,26,6,4,1,0,2,1,3,6,1,0,5,38,Ipswich Town,0.5,0.16666666666666666,0.3333333333333333,,6,67.375,78.0,88.72727272727273,86.92307692307692,56.36363636363636,86.54545454545455,85.12820512820512,66.45161290322581,67.375,79.75,88.49721706864564,52.25,84.75,20.181818181818173,,51.63636363636363,27.454545454545453,4.7272727272727195,47.27272727272728
17828,Adam Webster,adam-webster,163.0,"6' 3""",75.0,30.0,1995-01-04T08:00Z,England,D,331,14,7,2,1,0,0,0,2,1,5,0,0,9,11,Brighton & Hove Albion,0.2,0.0,0.0,,1,30.312499999999996,35.090909090909086,34.18181818181818,37.69230769230769,37.45454545454546,48.72727272727273,28.974358974358978,23.548387096774192,30.312499999999996,30.625000000000004,28.107606679035253,37.4375,51.1875,54.72727272727273,,66.72727272727272,59.81818181818182,54.36363636363637,32.90909090909091
17861,Danny Ward,danny-ward,192.0,"6' 3""",75.0,32.0,1993-06-22T07:00Z,Wales,G,375,2,0,0,0,0,0,0,0,0,0,0,5,4,6,Leicester City,,,,0.4,0,30.312499999999996,50.57471264367817,47.701149425287355,,29.310344827586203,44.252873563218394,,,30.312499999999996,30.625000000000004,,14.499999999999998,15.5,45.40229885057471,2.0,49.42528735632184,63.793103448275865,50.0,67.24137931034483
20975,Julio Enciso,julio-enciso,139.0,"5' 8""",68.0,22.0,2004-01-23T08:00Z,Paraguay,M,331,12,3,7,0,0,0,0,0,10,19,0,0,0,4,Brighton & Hove Albion,0.5263157894736842,0.0,0.0,,0,30.312499999999996,26.582278481012654,25.738396624472575,92.22222222222223,44.09282700421941,32.06751054852321,19.166666666666668,15.312500000000002,30.312499999999996,30.625000000000004,92.02226345083488,54.87499999999999,40.8125,66.45569620253164,,17.29957805907173,83.33333333333334,54.641350210970465,80.80168776371309
20975,Julio Enciso,julio-enciso,139.0,"5' 8""",68.0,22.0,2004-01-23T08:00Z,Paraguay,M,373,25,11,28,3,0,0,3,1,21,50,2,0,1,21,Ipswich Town,0.42,0.04,0.09523809523809523,,3,77.8125,73.83966244725738,81.85654008438819,83.33333333333334,80.80168776371308,48.10126582278481,40.27777777777778,30.625000000000004,77.8125,86.625,76.99443413729128,86.5,60.18750000000001,43.459915611814345,,40.29535864978903,41.983122362869196,54.641350210970465,53.37552742616033
26843,James Milner,james-milner,152.0,"5' 9""",69.0,39.0,1986-01-04T08:00Z,England,M,331,4,3,1,1,0,0,0,0,0,2,0,0,2,1,Brighton & Hove Albion,0.0,0.0,,,1,30.312499999999996,26.582278481012654,25.738396624472575,5.833333333333333,25.949367088607595,32.06751054852321,19.166666666666668,,30.312499999999996,30.625000000000004,7.421150278293136,31.6875,40.8125,76.37130801687763,,50.63291139240506,61.392405063291136,54.641350210970465,80.80168776371309
30377,Álex Moreno,alex-moreno,150.0,"5' 10""",70.0,32.0,1993-06-08T07:00Z,Spain,D,393,15,12,6,2,0,0,1,5,0,5,0,0,5,16,Nottingham Forest,0.0,0.0,,,2,30.312499999999996,35.090909090909086,76.36363636363637,10.512820512820513,56.36363636363636,62.54545454545455,28.974358974358978,,30.312499999999996,68.375,7.421150278293136,52.25,62.31250000000001,48.54545454545455,,51.63636363636363,45.27272727272727,54.36363636363637,10.0
31810,Ashley Young,ashley-young,141.0,"5' 9""",69.0,40.0,1985-07-09T07:00Z,England,D,368,32,29,22,7,1,0,3,6,1,5,1,0,4,23,Everton,0.2,0.2,1.0,,9,67.375,78.0,94.18181818181817,37.69230769230769,87.63636363636364,91.63636363636364,89.74358974358975,93.54838709677419,67.375,86.625,28.107606679035253,80.3125,87.6875,37.81818181818182,,47.45454545454545,7.454545454545453,4.7272727272727195,6.545454545454547
37557,Scott Carson,scott-carson,185.0,"6' 2""",74.0,39.0,1985-09-03T07:00Z,England,G,382,0,0,0,0,0,0,0,0,0,0,0,0,0,0,Manchester City,,,,,0,30.312499999999996,50.57471264367817,47.701149425287355,,29.310344827586203,44.252873563218394,,,30.312499999999996,30.625000000000004,,14.499999999999998,15.5,77.01149425287356,,21.839080459770116,63.793103448275865,50.0,67.24137931034483
41311,Dan Potts,dan-potts,152.0,"5' 8""",68.0,30.0,1994-04-13T07:00Z,England,D,301,0,0,0,0,0,0,0,0,0,0,0,0,0,0,Luton Town,,,,,0,30.312499999999996,35.090909090909086,34.18181818181818,,14.000000000000002,12.909090909090908,,,30.312499999999996,30.625000000000004,,14.499999999999998,15.5,89.27272727272728,,15.272727272727273,84.36363636363636,54.36363636363637,77.63636363636364
42250,Tom Heaton,tom-heaton,185.0,"6' 2""",74.0,39.0,1986-04-15T08:00Z,England,G,360,0,0,0,0,0,0,0,0,0,0,0,0,0,0,Manchester United,,,,,0,30.312499999999996,50.57471264367817,47.701149425287355,,29.310344827586203,44.252873563218394,,,30.312499999999996,30.625000000000004,,14.499999999999998,15.5,77.01149425287356,,21.839080459770116,63.793103448275865,50.0,67.24137931034483
42359,John Ruddy,john-ruddy,212.0,"6' 4""",76.0,39.0,1986-10-24T07:00Z,England,G,361,0,0,0,0,0,0,0,0,0,0,0,0,0,0,Newcastle United,,,,,0,30.312499999999996,50.57471264367817,47.701149425287355,,29.310344827586203,44.252873563218394,,,30.312499999999996,30.625000000000004,,14.499999999999998,15.5,77.01149425287356,,21.839080459770116,63.793103448275865,50.0,67.24137931034483
43575,Matt Doherty,matt-doherty,174.0,"6' 1""",73.0,33.0,1992-01-16T08:00Z,Republic of Ireland,D,380,30,17,11,6,0,1,1,4,4,11,2,0,15,35,Wolverhampton Wanderers,0.36363636363636365,0.18181818181818182,0.5,,6,77.8125,90.18181818181819,76.36363636363637,71.53846153846153,69.0909090909091,71.0909090909091,87.43589743589743,79.6774193548387,77.8125,68.375,64.93506493506493,63.81250000000001,71.375,23.636363636363626,,82.0,11.272727272727266,54.36363636363637,15.63636363636364
45548,Adam Rhys Davies,adam-rhys-davies,163.0,"6' 1""",73.0,33.0,1992-07-17T07:00Z,Wales,G,398,0,0,0,0,0,0,0,0,0,0,0,0,0,0,Sheffield United,,,,,0,30.312499999999996,50.57471264367817,47.701149425287355,,29.310344827586203,44.252873563218394,,,30.312499999999996,30.625000000000004,,14.499999999999998,15.5,77.01149425287356,,21.839080459770116,63.793103448275865,50.0,67.24137931034483
48128,Miguel Almirón,miguel-almiron,152.0,"5' 9""",69.0,31.0,1994-02-10T08:00Z,Paraguay,M,361,9,1,3,0,0,0,0,1,2,5,0,0,0,3,Newcastle United,0.4,0.0,0.0,,0,30.312499999999996,26.582278481012654,25.738396624472575,80.83333333333333,34.177215189873415,25.31645569620253,19.166666666666668,15.312500000000002,30.312499999999996,30.625000000000004,73.37662337662337,42.1875,33.0625,70.042194092827,,17.29957805907173,83.33333333333334,54.641350210970465,53.37552742616033
72487,David Brooks,david-brooks,137.0,"5' 8""",68.0,28.0,1997-07-08T07:00Z,Wales,M,349,29,11,18,3,0,0,0,0,12,25,2,0,2,12,AFC Bournemouth,0.48,0.08,0.16666666666666666,,3,77.8125,73.83966244725738,25.738396624472575,90.55555555555556,65.61181434599156,48.10126582278481,62.22222222222222,36.5625,77.8125,30.625000000000004,85.34322820037106,75.0,60.18750000000001,53.37552742616033,,50.63291139240506,41.983122362869196,54.641350210970465,80.80168776371309
77403,Lukasz Fabianski,lukasz-fabianski,183.0,"6' 3""",75.0,40.0,1985-04-18T08:00Z,Poland,G,371,14,2,1,2,0,0,0,1,0,0,0,171,50,21,West Ham United,,,,0.704225352112676,2,30.312499999999996,50.57471264367817,47.701149425287355,,62.643678160919535,96.55172413793103,,,30.312499999999996,30.625000000000004,,31.6875,37.25,28.735632183908038,64.0,72.41379310344827,16.091954022988503,50.0,28.160919540229884
78836,Carlos Forbs,carlos-forbs,137.0,"5' 7""",67.0,21.0,2004-03-19T08:00Z,Portugal,F,380,10,2,1,2,0,0,0,0,0,3,0,0,0,9,Wolverhampton Wanderers,0.0,0.0,,,2,30.312499999999996,20.149253731343283,24.875621890547265,5.660377358490567,27.114427860696516,30.09950248756219,12.264150943396226,,30.312499999999996,30.625000000000004,7.421150278293136,31.6875,37.25,56.96517412935324,,29.35323383084577,32.58706467661692,52.48756218905473,76.86567164179104
83176,Jonny Evans,jonny-evans,170.0,"6' 2""",74.0,37.0,1988-01-03T08:00Z,Northern Ireland,D,360,7,5,6,1,0,0,0,0,1,2,0,0,1,2,Manchester United,0.5,0.0,0.0,,1,30.312499999999996,35.090909090909086,34.18181818181818,86.92307692307692,56.36363636363636,40.54545454545455,28.974358974358978,23.548387096774192,30.312499999999996,30.625000000000004,88.49721706864564,52.25,45.25,73.27272727272728,,32.90909090909091,59.81818181818182,54.36363636363637,77.63636363636364
83526,Wayne Hennessey,wayne-hennessey,196.0,"6' 6""",78.0,38.0,1987-01-24T08:00Z,Wales,G,393,0,0,0,0,0,0,0,0,0,0,0,0,0,0,Nottingham Forest,,,,,0,30.312499999999996,50.57471264367817,47.701149425287355,,29.310344827586203,44.252873563218394,,,30.312499999999996,30.625000000000004,,14.499999999999998,15.5,77.01149425287356,,21.839080459770116,63.793103448275865,50.0,67.24137931034483
85285,Tim Krul,tim-krul,183.0,"6' 4""",76.0,37.0,1988-04-03T08:00Z,Netherlands,G,301,0,0,0,0,0,0,0,0,0,0,0,0,0,0,Luton Town,,,,,0,30.312499999999996,50.57471264367817,47.701149425287355,,29.310344827586203,44.252873563218394,,,30.312499999999996,30.625000000000004,,14.499999999999998,15.5,77.01149425287356,,21.839080459770116,63.793103448275865,50.0,67.24137931034483
85472,Adam Lallana,adam-lallana,161.0,"5' 8""",68.0,37.0,1988-05-10T07:00Z,England,M,376,14,7,8,4,0,0,2,1,0,3,0,0,2,8,Southampton,0.0,0.0,,,4,30.312499999999996,26.582278481012654,71.94092827004219,5.833333333333333,46.20253164556962,40.50632911392405,19.166666666666668,,30.312499999999996,79.75,7.421150278293136,56.99999999999999,51.1875,60.33755274261603,,50.63291139240506,32.27848101265823,54.641350210970465,53.37552742616033
88274,Jack Francis,jack-francis,161.0,"5' 11""",71.0,22.0,2003-09-23T07:00Z,England,M,359,0,0,0,0,0,0,0,0,0,0,0,0,0,0,Arsenal,,,,,0,30.312499999999996,26.582278481012654,25.738396624472575,,12.025316455696203,11.814345991561181,,,30.312499999999996,30.625000000000004,,14.499999999999998,15.5,89.0295358649789,,17.29957805907173,83.33333333333334,54.641350210970465,80.80168776371309
92885,Asmir Begovic,asmir-begovic,223.0,"6' 6""",78.0,38.0,1987-06-20T07:00Z,Bosnia and Herzegovina,G,368,0,0,0,0,0,0,0,0,0,0,0,0,0,0,Everton,,,,,0,30.312499999999996,50.57471264367817,47.701149425287355,,29.310344827586203,44.252873563218394,,,30.312499999999996,30.625000000000004,,14.499999999999998,15.5,77.01149425287356,,21.839080459770116,63.793103448275865,50.0,67.24137931034483
93193,Fraser Forster,fraser-forster,203.0,"6' 7""",79.0,37.0,1988-03-17T08:00Z,England,G,367,7,0,0,0,0,0,0,1,0,0,0,87,29,15,Tottenham Hotspur,,,,0.6590909090909091,0,30.312499999999996,50.57471264367817,47.701149425287355,,29.310344827586203,44.252873563218394,,,30.312499999999996,30.625000000000004,,14.499999999999998,15.5,35.057471264367805,38.0,67.24137931034483,63.793103448275865,50.0,28.160919540229884
93435,Ryan Christie,ryan-christie,152.0,"5' 10""",70.0,30.0,1995-02-22T08:00Z,Scotland,M,349,29,42,31,9,0,0,3,6,12,32,2,0,11,28,AFC Bournemouth,0.375,0.0625,0.16666666666666666,,9,77.8125,73.83966244725738,81.85654008438819,75.83333333333333,83.54430379746836,89.0295358649789,50.55555555555556,36.5625,77.8125,86.625,66.79035250463822,88.8125,95.5,31.856540084388186,,92.61603375527426,6.540084388185647,54.641350210970465,10.548523206751057
96970,Cristian Romero,cristian-romero,172.0,"6' 1""",73.0,27.0,1998-04-27T07:00Z,Argentina,D,367,18,14,12,3,0,0,1,2,7,16,1,0,3,21,Tottenham Hotspur,0.4375,0.0625,0.14285714285714285,,3,67.375,78.0,76.36363636363637,80.25641025641026,71.45454545454545,65.27272727272727,63.07692307692307,48.70967741935484,67.375,68.375,79.22077922077922,65.6875,65.3125,41.27272727272727,,42.18181818181818,35.81818181818181,54.36363636363637,32.90909090909091
100918,Jay Rodríguez,jay-rodriguez,183.0,"6' 1""",73.0,36.0,1989-07-29T07:00Z,England,F,379,21,17,6,0,0,0,1,0,8,21,2,0,1,16,Burnley,0.38095238095238093,0.09523809523809523,0.25,,0,77.8125,56.46766169154229,57.46268656716418,52.83018867924528,41.7910447761194,72.13930348258707,46.540880503144656,33.098591549295776,77.8125,68.375,68.27458256029685,52.25,71.375,47.01492537313433,,66.16915422885572,79.35323383084577,52.48756218905473,76.86567164179104
102053,Joe Gomez,joe-gomez,174.0,"6' 2""",74.0,28.0,1997-05-23T07:00Z,England,D,364,9,2,3,1,0,0,0,1,2,4,0,0,6,8,Liverpool,0.5,0.0,0.0,,1,30.312499999999996,35.090909090909086,34.18181818181818,86.92307692307692,42.90909090909091,31.454545454545457,28.974358974358978,23.548387096774192,30.312499999999996,30.625000000000004,88.49721706864564,42.1875,37.25,61.09090909090909,,55.27272727272727,59.81818181818182,54.36363636363637,47.27272727272728
102368,Evanilson,evanilson,174.0,"6' 0""",72.0,26.0,1999-10-06T07:00Z,Brazil,F,349,31,35,53,1,1,0,1,2,30,73,10,0,3,30,AFC Bournemouth,0.410958904109589,0.136986301369863,0.3333333333333333,,3,97.125,89.80099502487562,57.46268656716418,66.98113207547169,98.00995024875621,94.77611940298507,63.83647798742138,51.056338028169016,97.125,68.375,75.78849721706865,98.0,92.4375,21.393034825870643,,86.31840796019901,50.0,2.736318407960198,28.606965174129357
104943,Andrew Robertson,andrew-robertson,139.0,"5' 10""",70.0,31.0,1994-03-11T08:00Z,Scotland,D,364,33,10,8,3,1,1,1,7,3,17,0,0,4,32,Liverpool,0.17647058823529413,0.0,0.0,,5,30.312499999999996,35.090909090909086,76.36363636363637,33.33333333333333,62.0,57.63636363636364,28.974358974358978,23.548387096774192,30.312499999999996,68.375,24.118738404452692,56.99999999999999,58.25,26.363636363636374,,47.45454545454545,35.81818181818181,4.7272727272727195,4.181818181818187
106139,Lewis Hall,lewis-hall,161.0,"5' 10""",70.0,21.0,2004-09-08T07:00Z,England,D,361,27,9,21,3,0,0,4,5,2,12,0,0,19,31,Newcastle United,0.16666666666666666,0.0,0.0,,3,30.312499999999996,35.090909090909086,96.36363636363636,31.794871794871792,86.54545454545455,54.90909090909091,28.974358974358978,23.548387096774192,30.312499999999996,91.125,23.00556586270872,79.4375,56.25,28.0,,87.63636363636364,35.81818181818181,54.36363636363637,10.0
107542,Alex McCarthy,alex-mccarthy,172.0,"6' 4""",76.0,36.0,1989-12-03T08:00Z,England,G,376,5,0,1,0,0,0,0,1,0,0,0,74,24,13,Southampton,,,,0.6486486486486487,0,30.312499999999996,50.57471264367817,47.701149425287355,,62.643678160919535,44.252873563218394,,,30.312499999999996,30.625000000000004,,31.6875,15.5,36.7816091954023,30.0,62.06896551724138,63.793103448275865,50.0,28.160919540229884
108662,Robert Sánchez,robert-sanchez,196.0,"6' 6""",78.0,28.0,1997-11-18T08:00Z,Spain,G,363,32,2,4,5,0,0,0,7,0,0,0,288,95,34,Chelsea,,,,0.7364341085271318,5,30.312499999999996,50.57471264367817,47.701149425287355,,87.35632183908046,96.55172413793103,,,30.312499999999996,30.625000000000004,,45.8125,37.25,20.11494252873564,80.0,86.20689655172413,3.448275862068968,50.0,5.172413793103445
111114,Jason Steele,jason-steele,172.0,"6' 2""",74.0,35.0,1990-08-18T07:00Z,England,G,331,2,0,1,0,0,0,0,0,0,0,0,17,3,1,Brighton & Hove Albion,,,,0.75,0,30.312499999999996,50.57471264367817,47.701149425287355,,62.643678160919535,44.252873563218394,,,30.312499999999996,30.625000000000004,,31.6875,15.5,53.44827586206897,87.0,47.701149425287355,63.793103448275865,50.0,67.24137931034483
115271,Danny Welbeck,danny-welbeck,161.0,"6' 1""",73.0,35.0,1990-11-26T08:00Z,England,F,331,30,9,23,5,0,0,4,1,21,60,10,0,4,36,Brighton & Hove Albion,0.35,0.16666666666666666,0.47619047619047616,,5,97.125,89.80099502487562,84.32835820895522,44.0251572327044,74.87562189054727,52.736318407960205,75.78616352201259,83.80281690140845,97.125,91.125,62.33766233766234,81.375,56.25,14.427860696517413,,90.79601990049751,7.462686567164184,52.48756218905473,45.77114427860697
121473,Aaron Cresswell,aaron-cresswell,146.0,"5' 7""",67.0,36.0,1989-12-15T08:00Z,England,D,371,18,4,2,3,0,0,0,1,0,6,0,0,4,7,West Ham United,0.0,0.0,,,3,30.312499999999996,35.090909090909086,34.18181818181818,10.512820512820513,37.45454545454546,37.45454545454546,28.974358974358978,,30.312499999999996,30.625000000000004,7.421150278293136,37.4375,43.25,62.72727272727273,,47.45454545454545,35.81818181818181,54.36363636363637,47.27272727272728
122268,Adam Smith,adam-smith,172.0,"5' 11""",71.0,34.0,1991-04-29T07:00Z,England,D,349,25,19,12,7,0,0,0,1,0,3,0,0,5,18,AFC Bournemouth,0.0,0.0,,,7,30.312499999999996,35.090909090909086,34.18181818181818,10.512820512820513,71.45454545454545,74.72727272727273,28.974358974358978,,30.312499999999996,30.625000000000004,7.421150278293136,65.6875,74.6875,44.90909090909091,,51.63636363636363,7.454545454545453,54.36363636363637,47.27272727272728
123518,Jordan Ayew,jordan-ayew,174.0,"6' 0""",72.0,34.0,1991-09-11T07:00Z,Ghana,F,375,31,31,59,6,0,0,0,1,8,33,5,0,1,40,Leicester City,0.24242424242424243,0.15151515151515152,0.625,,6,90.4375,72.88557213930348,24.875621890547265,20.754716981132077,99.00497512437812,92.03980099502488,72.64150943396226,97.1830985915493,90.4375,30.625000000000004,34.32282003710575,98.875,89.25,9.701492537313428,,66.16915422885572,4.228855721393032,52.48756218905473,45.77114427860697
123518,Jordan Ayew,jordan-ayew,174.0,"6' 0""",72.0,34.0,1991-09-11T07:00Z,Ghana,F,384,1,1,0,1,0,0,0,0,0,1,0,0,0,1,Crystal Palace,0.0,0.0,,,1,30.312499999999996,20.149253731343283,24.875621890547265,5.660377358490567,12.437810945273633,25.870646766169152,12.264150943396226,,30.312499999999996,30.625000000000004,7.421150278293136,14.499999999999998,33.0625,77.363184079602,,29.35323383084577,50.0,52.48756218905473,76.86567164179104
124091,Bruno Fernandes,bruno-fernandes,146.0,"5' 10""",70.0,31.0,1994-09-08T07:00Z,Portugal,M,360,36,30,40,4,2,0,11,12,28,94,8,0,6,46,Manchester United,0.2978723404255319,0.0851063829787234,0.2857142857142857,,8,95.0625,97.0464135021097,99.57805907172997,50.55555555555556,90.084388185654,77.42616033755274,65.27777777777779,58.12500000000001,95.0625,99.625,48.79406307977737,93.5625,88.5,7.594936708860757,,73.20675105485233,32.27848101265823,0.0,0.6329113924050631
126703,Martin Dúbravka,martin-dubravka,183.0,"6' 3""",75.0,36.0,1989-01-15T08:00Z,Slovakia,G,361,10,0,1,0,0,0,0,1,0,0,0,98,29,12,Newcastle United,,,,0.7073170731707317,0,30.312499999999996,50.57471264367817,47.701149425287355,,62.643678160919535,44.252873563218394,,,30.312499999999996,30.625000000000004,,31.6875,15.5,38.50574712643679,66.0,67.24137931034483,63.793103448275865,50.0,28.160919540229884
127865,Nathaniel Clyne,nathaniel-clyne,148.0,"5' 9""",69.0,34.0,1991-04-05T08:00Z,England,D,384,13,2,2,1,0,0,0,2,0,2,0,0,2,10,Crystal Palace,0.0,0.0,,,1,30.312499999999996,35.090909090909086,34.18181818181818,10.512820512820513,37.45454545454546,31.454545454545457,28.974358974358978,,30.312499999999996,30.625000000000004,7.421150278293136,37.4375,37.25,57.45454545454545,,37.63636363636363,59.81818181818182,54.36363636363637,32.90909090909091
129358,Kyle Walker,kyle-walker,174.0,"6' 0""",72.0,35.0,1990-05-28T07:00Z,England,D,382,15,6,5,3,0,0,0,0,2,5,0,0,4,21,Manchester City,0.4,0.0,0.0,,3,30.312499999999996,35.090909090909086,34.18181818181818,76.92307692307693,51.81818181818182,45.09090909090909,28.974358974358978,23.548387096774192,30.312499999999996,30.625000000000004,73.37662337662337,49.25,48.1875,41.27272727272727,,47.45454545454545,35.81818181818181,54.36363636363637,77.63636363636364
129737,Michail Antonio,michail-antonio,181.0,"5' 11""",71.0,35.0,1990-03-28T08:00Z,Jamaica,M,371,14,9,7,1,0,0,1,2,4,19,1,0,0,17,West Ham United,0.21052631578947367,0.05263157894736842,0.25,,1,67.375,60.970464135021096,58.64978902953587,30.555555555555557,44.09282700421941,45.14767932489451,44.72222222222222,51.24999999999999,67.375,68.375,30.612244897959183,54.87499999999999,56.25,48.10126582278481,,17.29957805907173,61.392405063291136,54.641350210970465,38.81856540084389
131424,Ilkay Gündogan,ilkay-gundogan,174.0,"5' 11""",71.0,35.0,1990-10-24T07:00Z,Germany,M,382,33,15,27,1,0,0,6,5,7,27,1,0,0,28,Manchester City,0.25925925925925924,0.037037037037037035,0.14285714285714285,,1,67.375,60.970464135021096,92.61603375527426,41.66666666666667,78.90295358649789,55.06329113924051,39.44444444444444,33.125,67.375,95.3125,40.1669758812616,85.125,67.0,31.856540084388186,,17.29957805907173,61.392405063291136,54.641350210970465,15.822784810126578
131639,Seamus Coleman,seamus-coleman,148.0,"5' 10""",70.0,37.0,1988-10-11T07:00Z,Republic of Ireland,D,368,5,0,1,1,0,0,0,1,1,1,0,0,3,4,Everton,1.0,0.0,0.0,,1,30.312499999999996,35.090909090909086,34.18181818181818,98.2051282051282,30.727272727272727,12.909090909090908,28.974358974358978,23.548387096774192,30.312499999999996,30.625000000000004,97.77365491651206,31.6875,15.5,68.54545454545455,,42.18181818181818,59.81818181818182,54.36363636363637,47.27272727272728
132432,Andros Townsend,andros-townsend,170.0,"5' 11""",71.0,34.0,1991-07-16T07:00Z,England,F,301,27,12,12,1,0,0,3,2,7,20,1,0,0,23,Luton Town,0.35,0.05,0.14285714285714285,,1,67.375,46.766169154228855,77.11442786069652,44.0251572327044,55.970149253731336,60.447761194029844,28.30188679245283,17.95774647887324,67.375,86.625,62.33766233766234,65.6875,62.31250000000001,34.32835820895522,,29.35323383084577,50.0,52.48756218905473,28.606965174129357
133588,Ben Osborn,ben-osborn,163.0,"5' 9""",69.0,31.0,1994-08-05T07:00Z,England,M,398,24,7,9,3,0,1,2,5,1,5,0,0,2,37,Sheffield United,0.2,0.0,0.0,,3,30.312499999999996,26.582278481012654,71.94092827004219,27.77777777777778,48.52320675105485,40.50632911392405,19.166666666666668,15.312500000000002,30.312499999999996,79.75,28.107606679035253,59.0,51.1875,16.877637130801688,,50.63291139240506,41.983122362869196,54.641350210970465,15.822784810126578
133938,Craig Dawson,craig-dawson,181.0,"6' 2""",74.0,35.0,1990-05-06T07:00Z,England,D,380,15,6,5,2,0,2,0,1,3,7,0,0,11,23,Wolverhampton Wanderers,0.42857142857142855,0.0,0.0,,2,30.312499999999996,35.090909090909086,34.18181818181818,78.71794871794872,51.81818181818182,45.09090909090909,28.974358974358978,23.548387096774192,30.312499999999996,30.625000000000004,77.92207792207793,49.25,48.1875,37.81818181818182,,73.63636363636363,45.27272727272727,54.36363636363637,47.27272727272728
134190,Chris Wood,chris-wood,179.0,"6' 3""",75.0,34.0,1991-12-07T08:00Z,New Zealand,F,393,36,25,24,1,0,0,3,6,34,67,20,0,7,37,Nottingham Forest,0.5074626865671642,0.29850746268656714,0.5882352941176471,,1,99.5625,98.2587064676617,77.11442786069652,92.45283018867924,77.11442786069652,87.56218905472637,98.11320754716981,96.47887323943662,99.5625,86.625,91.28014842300557,82.5,83.5,12.437810945273625,,96.26865671641791,50.0,52.48756218905473,6.96517412935323
134205,Jóhann Gudmundsson,johann-gudmundsson,172.0,"6' 1""",73.0,35.0,1990-10-27T07:00Z,Iceland,F,379,26,9,20,2,0,0,3,2,6,15,1,0,0,27,Burnley,0.4,0.06666666666666667,0.16666666666666666,,2,67.375,46.766169154228855,77.11442786069652,62.264150943396224,70.8955223880597,52.736318407960205,33.9622641509434,20.070422535211268,67.375,86.625,73.37662337662337,78.1875,56.25,25.124378109452735,,29.35323383084577,32.58706467661692,52.48756218905473,28.606965174129357
134909,Thomas Kaminski,thomas-kaminski,181.0,"6' 3""",75.0,33.0,1992-10-23T07:00Z,Belgium,G,301,38,0,3,3,0,0,0,5,0,0,0,554,148,81,Luton Town,,,,0.6462882096069869,3,30.312499999999996,50.57471264367817,47.701149425287355,,81.60919540229885,44.252873563218394,,,30.312499999999996,30.625000000000004,,42.1875,15.5,0.0,26.0,98.85057471264368,9.770114942528735,50.0,10.34482758620689
134947,Kevin De Bruyne,kevin-de-bruyne,150.0,"5' 11""",71.0,34.0,1991-06-28T07:00Z,Belgium,M,382,28,16,18,2,0,0,7,5,14,57,4,0,0,18,Manchester City,0.24561403508771928,0.07017543859649122,0.2857142857142857,,2,87.8125,87.55274261603375,95.14767932489451,37.22222222222222,65.61181434599156,58.016877637130804,55.00000000000001,58.12500000000001,87.8125,97.0625,35.25046382189239,75.0,69.25,47.04641350210971,,17.29957805907173,51.265822784810126,54.641350210970465,15.822784810126578
136571,Joel Ward,joel-ward,183.0,"6' 2""",74.0,36.0,1989-10-29T07:00Z,England,D,384,2,4,0,1,0,0,0,0,0,0,0,0,0,2,Crystal Palace,,,,,1,30.312499999999996,35.090909090909086,34.18181818181818,,14.000000000000002,37.45454545454546,,,30.312499999999996,30.625000000000004,,14.499999999999998,43.25,73.27272727272728,,15.272727272727273,59.81818181818182,54.36363636363637,77.63636363636364
138159,Ben Mee,ben-mee,161.0,"5' 11""",71.0,36.0,1989-09-21T07:00Z,England,D,337,7,5,0,2,0,0,0,0,0,0,0,0,3,4,Brentford,,,,,2,30.312499999999996,35.090909090909086,34.18181818181818,,14.000000000000002,40.54545454545455,,,30.312499999999996,30.625000000000004,,14.499999999999998,45.25,68.54545454545455,,42.18181818181818,45.27272727272727,54.36363636363637,77.63636363636364
138398,Neto,neto,183.0,"6' 3""",75.0,36.0,1989-07-19T07:00Z,Brazil,G,349,2,0,2,0,0,0,0,1,0,0,0,25,11,2,AFC Bournemouth,,,,0.8461538461538461,0,30.312499999999996,50.57471264367817,47.701149425287355,,72.98850574712644,44.252873563218394,,,30.312499999999996,30.625000000000004,,37.4375,15.5,50.57471264367816,95.0,54.59770114942529,63.793103448275865,50.0,28.160919540229884
138398,Neto,neto,183.0,"6' 3""",75.0,36.0,1989-07-19T07:00Z,Brazil,G,359,2,0,2,0,0,0,0,1,0,0,0,25,11,2,Arsenal,,,,0.8461538461538461,0,30.312499999999996,50.57471264367817,47.701149425287355,,72.98850574712644,44.252873563218394,,,30.312499999999996,30.625000000000004,,37.4375,15.5,50.57471264367816,95.0,54.59770114942529,63.793103448275865,50.0,28.160919540229884
138507,Luke Berry,luke-berry,159.0,"5' 10""",70.0,33.0,1992-07-12T07:00Z,England,M,301,17,6,7,1,0,0,1,0,4,7,2,0,1,7,Luton Town,0.5714285714285714,0.2857142857142857,0.5,,1,77.8125,73.83966244725738,58.64978902953587,93.61111111111111,44.09282700421941,37.34177215189873,98.61111111111111,85.9375,77.8125,68.375,93.5064935064935,54.87499999999999,48.1875,61.81434599156118,,40.29535864978903,61.392405063291136,54.641350210970465,80.80168776371309
138821,Charlie Taylor,charlie-taylor,152.0,"5' 9""",69.0,32.0,1993-09-18T07:00Z,England,D,376,8,2,3,1,0,0,0,1,0,0,0,0,3,12,Southampton,,,,,1,30.312499999999996,35.090909090909086,34.18181818181818,,42.90909090909091,31.454545454545457,,,30.312499999999996,30.625000000000004,,42.1875,37.25,52.909090909090914,,42.18181818181818,59.81818181818182,54.36363636363637,47.27272727272728
138821,Charlie Taylor,charlie-taylor,152.0,"5' 9""",69.0,32.0,1993-09-18T07:00Z,England,D,379,28,19,16,8,0,0,1,7,1,10,1,0,11,43,Burnley,0.1,0.1,1.0,,8,67.375,78.0,76.36363636363637,23.846153846153847,79.81818181818183,74.72727272727273,73.58974358974359,93.54838709677419,67.375,68.375,17.068645640074212,72.3125,74.6875,13.272727272727266,,73.63636363636363,4.181818181818187,54.36363636363637,4.181818181818187
138879,Sam Morsy,sam-morsy,152.0,"5' 9""",69.0,34.0,1991-09-10T07:00Z,Egypt,M,373,33,45,27,10,0,1,1,5,4,14,1,0,13,65,Ipswich Town,0.2857142857142857,0.07142857142857142,0.25,,10,67.375,60.970464135021096,58.64978902953587,47.5,78.90295358649789,91.56118143459916,56.666666666666664,51.24999999999999,67.375,68.375,45.82560296846011,85.125,96.625,2.1097046413502056,,95.9915611814346,3.375527426160346,54.641350210970465,15.822784810126578
138924,Callum Wilson,callum-wilson,146.0,"5' 11""",71.0,33.0,1992-02-27T08:00Z,England,F,361,18,4,1,1,0,0,0,1,1,6,0,0,0,7,Newcastle United,0.16666666666666666,0.0,0.0,,1,30.312499999999996,20.149253731343283,24.875621890547265,13.836477987421384,27.114427860696516,38.55721393034826,12.264150943396226,7.746478873239436,30.312499999999996,30.625000000000004,23.00556586270872,31.6875,43.25,59.950248756218905,,29.35323383084577,50.0,52.48756218905473,45.77114427860697
139744,Jack Taylor,jack-taylor,152.0,"6' 1""",73.0,27.0,1998-06-23T07:00Z,England,M,373,32,16,5,4,0,0,0,0,4,18,1,0,3,22,Ipswich Town,0.2222222222222222,0.05555555555555555,0.25,,4,67.375,60.970464135021096,25.738396624472575,32.77777777777778,39.45147679324894,58.016877637130804,46.666666666666664,51.24999999999999,67.375,30.625000000000004,32.00371057513915,49.25,69.25,41.77215189873418,,58.22784810126582,32.27848101265823,54.641350210970465,80.80168776371309
140033,Tom Cairney,tom-cairney,183.0,"6' 1""",73.0,34.0,1991-01-20T08:00Z,Scotland,M,370,25,7,19,3,1,0,0,0,4,11,2,0,1,12,Fulham,0.36363636363636365,0.18181818181818182,0.5,,5,77.8125,73.83966244725738,25.738396624472575,74.16666666666667,67.72151898734177,40.50632911392405,91.38888888888889,85.9375,77.8125,30.625000000000004,64.93506493506493,76.625,51.1875,53.37552742616033,,40.29535864978903,41.983122362869196,4.852320675105489,80.80168776371309
141147,James Shea,james-shea,168.0,"6' 1""",73.0,34.0,1991-06-16T07:00Z,England,G,301,1,0,0,0,0,0,0,0,0,0,0,0,2,0,Luton Town,,,,1.0,0,30.312499999999996,50.57471264367817,47.701149425287355,,29.310344827586203,44.252873563218394,,,30.312499999999996,30.625000000000004,,14.499999999999998,15.5,77.01149425287356,99.0,45.40229885057471,63.793103448275865,50.0,67.24137931034483
141188,Joshua King,joshua-king,161.0,"5' 11""",71.0,33.0,1992-01-15T08:00Z,Norway,F,370,8,3,2,0,0,0,0,0,0,3,0,0,0,0,Fulham,0.0,0.0,,,0,30.312499999999996,20.149253731343283,24.875621890547265,5.660377358490567,31.343283582089555,34.07960199004975,12.264150943396226,,30.312499999999996,30.625000000000004,7.421150278293136,37.4375,40.8125,89.30348258706468,,29.35323383084577,79.35323383084577,52.48756218905473,76.86567164179104
141706,Danny Ings,danny-ings,161.0,"5' 10""",70.0,33.0,1992-07-23T07:00Z,England,F,371,15,0,2,0,0,0,2,1,5,13,1,0,0,4,West Ham United,0.38461538461538464,0.07692307692307693,0.2,,0,67.375,46.766169154228855,69.15422885572139,54.40251572327044,31.343283582089555,11.691542288557214,38.9937106918239,25.0,67.375,79.75,68.92393320964749,37.4375,15.5,66.41791044776119,,29.35323383084577,79.35323383084577,52.48756218905473,45.77114427860697
142055,Bobby De Cordova-Reid,bobby-de-cordova-reid,150.0,"5' 7""",67.0,33.0,1993-02-02T08:00Z,Jamaica,F,375,23,9,9,2,0,0,2,0,3,8,1,0,1,15,Leicester City,0.375,0.125,0.3333333333333333,,2,67.375,46.766169154228855,69.15422885572139,50.0,48.756218905472636,52.736318407960205,58.17610062893082,51.056338028169016,67.375,79.75,66.79035250463822,59.0,56.25,49.00497512437811,,66.16915422885572,32.58706467661692,52.48756218905473,76.86567164179104
143007,Daniel Bentley,daniel-bentley,161.0,"6' 2""",74.0,32.0,1993-07-13T07:00Z,England,G,380,2,0,0,0,0,0,0,0,0,0,0,22,8,4,Wolverhampton Wanderers,,,,0.6666666666666666,0,30.312499999999996,50.57471264367817,47.701149425287355,,29.310344827586203,44.252873563218394,,,30.312499999999996,30.625000000000004,,14.499999999999998,15.5,48.275862068965516,42.0,52.29885057471264,63.793103448275865,50.0,67.24137931034483
143378,Oliver Norwood,oliver-norwood,163.0,"5' 11""",71.0,34.0,1991-04-12T07:00Z,Northern Ireland,M,398,27,15,9,8,0,0,0,2,6,14,1,0,9,45,Sheffield United,0.42857142857142855,0.07142857142857142,0.16666666666666666,,8,67.375,60.970464135021096,25.738396624472575,84.44444444444444,48.52320675105485,55.06329113924051,56.666666666666664,36.5625,67.375,30.625000000000004,77.92207792207793,59.0,67.0,8.860759493670884,,85.44303797468355,10.759493670886073,54.641350210970465,38.81856540084389
143637,Kieran Trippier,kieran-trippier,157.0,"5' 10""",70.0,35.0,1990-09-19T07:00Z,England,D,361,25,16,11,1,0,0,3,3,0,4,0,0,3,17,Newcastle United,0.0,0.0,,,1,30.312499999999996,35.090909090909086,94.18181818181817,10.512820512820513,69.0909090909091,68.54545454545455,28.974358974358978,,30.312499999999996,86.625,7.421150278293136,63.81250000000001,69.25,46.72727272727273,,42.18181818181818,59.81818181818182,54.36363636363637,22.909090909090907
144130,Christian Eriksen,christian-eriksen,168.0,"6' 0""",72.0,34.0,1992-02-14T08:00Z,Denmark,M,360,23,8,3,4,0,0,2,1,1,15,1,0,4,16,Manchester United,0.06666666666666667,0.06666666666666667,1.0,,4,67.375,60.970464135021096,71.94092827004219,12.222222222222221,34.177215189873415,43.037974683544306,52.5,98.75,67.375,79.75,15.0278293135436,42.1875,53.625,50.0,,64.34599156118144,32.27848101265823,54.641350210970465,53.37552742616033
144517,Idrissa Gueye,idrissa-gueye,146.0,"5' 9""",69.0,36.0,1989-09-26T07:00Z,Senegal,M,368,37,55,46,9,0,0,3,7,4,24,0,0,9,39,Everton,0.16666666666666666,0.0,0.0,,9,30.312499999999996,26.582278481012654,81.85654008438819,21.666666666666668,91.13924050632912,96.83544303797468,19.166666666666668,15.312500000000002,30.312499999999996,86.625,23.00556586270872,95.125,98.8125,14.135021097046419,,85.44303797468355,6.540084388185647,54.641350210970465,6.540084388185647
146091,Nathan Redmond,nathan-redmond,150.0,"5' 8""",68.0,31.0,1994-03-06T08:00Z,England,F,379,12,4,2,1,0,0,0,2,0,0,0,0,0,5,Burnley,,,,,1,30.312499999999996,20.149253731343283,24.875621890547265,,31.343283582089555,38.55721393034826,,,30.312499999999996,30.625000000000004,,37.4375,43.25,63.18407960199005,,29.35323383084577,50.0,52.48756218905473,28.606965174129357
146566,George Baldock,george-baldock,157.0,"5' 10""",70.0,31.0,1993-03-09T08:00Z,Greece,D,398,13,19,14,4,0,0,1,2,0,1,0,0,8,19,Sheffield United,0.0,0.0,,,4,30.312499999999996,35.090909090909086,76.36363636363637,10.512820512820513,75.63636363636364,74.72727272727273,28.974358974358978,,30.312499999999996,68.375,7.421150278293136,69.4375,74.6875,43.63636363636364,,63.45454545454545,27.454545454545453,54.36363636363637,32.90909090909091
146679,Daniel Muñoz,daniel-munoz,161.0,"5' 11""",71.0,29.0,1996-05-26T07:00Z,Colombia,D,384,37,53,20,10,0,0,5,8,13,33,4,0,7,43,Crystal Palace,0.3939393939393939,0.12121212121212122,0.3076923076923077,,10,87.8125,98.54545454545455,98.0,75.38461538461539,84.9090909090909,100.0,78.97435897435898,63.2258064516129,87.8125,93.625,71.15027829313544,78.1875,98.625,13.272727272727266,,59.63636363636363,0.9090909090909065,54.36363636363637,2.0
147106,Lewis Dunk,lewis-dunk,192.0,"6' 4""",76.0,34.0,1991-11-21T08:00Z,England,D,331,25,7,11,5,0,1,0,4,4,12,0,0,19,40,Brighton & Hove Albion,0.3333333333333333,0.0,0.0,,5,30.312499999999996,35.090909090909086,34.18181818181818,65.64102564102564,69.0909090909091,48.72727272727273,28.974358974358978,23.548387096774192,30.312499999999996,30.625000000000004,57.977736549165115,63.81250000000001,51.1875,17.272727272727266,,87.63636363636364,17.818181818181827,54.36363636363637,15.63636363636364
147255,Jack Robinson,jack-robinson,148.0,"5' 11""",71.0,32.0,1993-09-01T07:00Z,England,D,398,34,18,16,10,0,2,2,5,7,14,1,0,35,78,Sheffield United,0.5,0.07142857142857142,0.14285714285714285,,10,67.375,78.0,88.72727272727273,86.92307692307692,79.81818181818183,72.36363636363636,66.66666666666666,48.70967741935484,67.375,79.75,88.49721706864564,72.3125,72.9375,0.36363636363635976,,96.72727272727273,0.9090909090909065,54.36363636363637,10.0
148515,Tom King,tom-king,174.0,"6' 4""",76.0,30.0,1995-03-09T08:00Z,Wales,G,380,1,0,0,0,0,0,0,0,0,0,0,0,0,0,Wolverhampton Wanderers,,,,,0,30.312499999999996,50.57471264367817,47.701149425287355,,29.310344827586203,44.252873563218394,,,30.312499999999996,30.625000000000004,,14.499999999999998,15.5,77.01149425287356,,21.839080459770116,63.793103448275865,50.0,67.24137931034483
148987,Alphonse Areola,alphonse-areola,205.0,"6' 5""",77.0,32.0,1993-02-27T08:00Z,France,G,371,26,0,0,0,0,1,0,4,1,1,0,311,83,38,West Ham United,1.0,0.0,0.0,0.6859504132231405,0,30.312499999999996,50.57471264367817,47.701149425287355,80.0,29.310344827586203,44.252873563218394,60.0,66.66666666666666,30.312499999999996,30.625000000000004,97.77365491651206,14.499999999999998,15.5,17.241379310344826,57.99999999999999,80.45977011494253,63.793103448275865,50.0,14.942528735632195
149945,Son Heung-Min,son-heung-min,172.0,"6' 0""",72.0,33.0,1992-07-08T07:00Z,South Korea,F,367,30,6,28,1,0,0,9,2,25,55,7,0,2,33,Tottenham Hotspur,0.45454545454545453,0.12727272727272726,0.28,,1,93.875,81.09452736318407,97.51243781094527,80.50314465408806,80.84577114427861,43.28358208955223,59.74842767295597,39.436619718309856,93.875,98.8125,82.83858998144711,86.5,48.1875,19.40298507462687,,78.85572139303483,50.0,52.48756218905473,28.606965174129357
151855,Stefan Ortega,stefan-ortega,192.0,"6' 1""",73.0,33.0,1992-11-06T08:00Z,Germany,G,382,13,1,2,1,0,0,0,1,0,0,0,132,34,17,Manchester City,,,,0.6666666666666666,1,30.312499999999996,50.57471264367817,47.701149425287355,,72.98850574712644,90.80459770114942,,,30.312499999999996,30.625000000000004,,37.4375,33.0625,31.034482758620683,42.0,68.96551724137932,24.13793103448276,50.0,28.160919540229884
152349,Willy Boly,willy-boly,203.0,"6' 5""",77.0,34.0,1991-02-03T08:00Z,Ivory Coast,D,393,6,1,0,1,0,0,0,0,1,1,0,0,2,1,Nottingham Forest,1.0,0.0,0.0,,1,30.312499999999996,35.090909090909086,34.18181818181818,98.2051282051282,14.000000000000002,27.27272727272727,28.974358974358978,23.548387096774192,30.312499999999996,30.625000000000004,97.77365491651206,14.499999999999998,33.0625,76.72727272727272,,37.63636363636363,59.81818181818182,54.36363636363637,77.63636363636364
152469,Ross Barkley,ross-barkley,168.0,"6' 2""",74.0,32.0,1993-12-05T08:00Z,England,M,301,32,25,40,6,0,0,4,6,18,67,5,0,9,62,Luton Town,0.26865671641791045,0.07462686567164178,0.2777777777777778,,6,90.4375,91.56118143459916,88.18565400843882,42.77777777777778,90.084388185654,72.57383966244726,58.88888888888889,55.625,90.4375,91.125,41.37291280148423,93.5625,83.5,2.5316455696202524,,85.44303797468355,20.042194092827003,54.641350210970465,10.548523206751057
152469,Ross Barkley,ross-barkley,168.0,"6' 2""",74.0,32.0,1993-12-05T08:00Z,England,M,362,20,9,3,3,0,0,1,1,5,16,3,0,3,10,Aston Villa,0.3125,0.1875,0.6,,3,83.8125,81.85654008438819,58.64978902953587,57.49999999999999,34.177215189873415,45.14767932489451,92.5,93.125,83.8125,68.375,52.96846011131725,42.1875,56.25,56.962025316455694,,58.22784810126582,41.983122362869196,54.641350210970465,53.37552742616033
152475,Jack Stephens,jack-stephens,163.0,"6' 1""",73.0,32.0,1994-01-27T08:00Z,England,D,376,19,13,4,2,2,0,0,1,2,5,1,0,13,31,Southampton,0.4,0.2,0.5,,6,67.375,78.0,34.18181818181818,76.92307692307693,47.090909090909086,64.36363636363637,89.74358974358975,79.6774193548387,67.375,30.625000000000004,73.37662337662337,45.8125,64.0,28.0,,78.0,45.27272727272727,0.18181818181818699,47.27272727272728
152479,Wataru Endo,wataru-endo,168.0,"5' 10""",70.0,32.0,1993-02-09T08:00Z,Japan,M,364,20,15,7,0,0,0,0,0,0,0,0,0,1,3,Liverpool,,,,,0,30.312499999999996,26.582278481012654,25.738396624472575,,44.09282700421941,55.06329113924051,,,30.312499999999996,30.625000000000004,,54.87499999999999,67.0,70.042194092827,,40.29535864978903,83.33333333333334,54.641350210970465,80.80168776371309
153012,Ryan Fraser,ryan-fraser,152.0,"5' 4""",64.0,31.0,1994-02-24T08:00Z,Scotland,M,376,8,1,4,0,1,0,0,1,1,1,0,0,1,12,Southampton,1.0,0.0,0.0,,2,30.312499999999996,26.582278481012654,25.738396624472575,97.77777777777777,37.130801687763714,25.31645569620253,19.166666666666668,15.312500000000002,30.312499999999996,30.625000000000004,97.77365491651206,45.8125,33.0625,53.37552742616033,,40.29535864978903,83.33333333333334,4.852320675105489,53.37552742616033
153570,Cauley Woodrow,cauley-woodrow,172.0,"6' 0""",72.0,31.0,1994-12-02T08:00Z,England,F,301,24,8,4,2,0,0,1,1,3,16,1,0,1,11,Luton Town,0.1875,0.0625,0.3333333333333333,,2,67.375,46.766169154228855,57.46268656716418,15.09433962264151,37.06467661691542,49.004975124378106,32.075471698113205,51.056338028169016,67.375,68.375,25.88126159554731,45.8125,53.625,53.98009950248756,,66.16915422885572,32.58706467661692,52.48756218905473,45.77114427860697
153765,Bernd Leno,bernd-leno,181.0,"6' 2""",74.0,33.0,1992-03-04T08:00Z,Germany,G,370,38,0,4,5,0,0,1,1,0,0,0,356,113,52,Fulham,,,,0.6848484848484848,5,30.312499999999996,50.57471264367817,96.55172413793103,,87.35632183908046,44.252873563218394,,,30.312499999999996,68.375,,45.8125,15.5,8.045977011494259,56.00000000000001,93.10344827586206,3.448275862068968,50.0,28.160919540229884
154514,Pablo Sarabia,pablo-sarabia,152.0,"5' 9""",69.0,33.0,1992-05-11T07:00Z,Spain,M,380,23,16,16,3,0,0,2,7,7,16,3,0,0,17,Wolverhampton Wanderers,0.4375,0.1875,0.42857142857142855,,3,83.8125,81.85654008438819,71.94092827004219,85.55555555555556,62.0253164556962,58.016877637130804,92.5,79.0625,83.8125,79.75,79.22077922077922,72.3125,69.25,48.10126582278481,,17.29957805907173,41.983122362869196,54.641350210970465,6.540084388185647
154595,Mateo Kovacic,mateo-kovacic,172.0,"5' 10""",70.0,31.0,1994-05-06T07:00Z,Croatia,M,382,31,23,26,5,1,0,2,4,9,40,6,0,0,28,Manchester City,0.225,0.15,0.6666666666666666,,7,92.375,93.88185654008439,71.94092827004219,34.44444444444444,77.21518987341773,69.62025316455697,87.22222222222223,95.0,92.375,79.75,32.83858998144712,84.25,80.4375,31.856540084388186,,17.29957805907173,25.105485232067508,4.852320675105489,22.573839662447256
155211,Jannik Vestergaard,jannik-vestergaard,205.0,"6' 6""",78.0,33.0,1992-08-03T07:00Z,Denmark,D,375,18,12,4,5,0,1,0,1,3,4,0,0,14,33,Leicester City,0.75,0.0,0.0,,5,30.312499999999996,35.090909090909086,34.18181818181818,95.8974358974359,47.090909090909086,62.54545454545455,28.974358974358978,23.548387096774192,30.312499999999996,30.625000000000004,95.36178107606679,45.8125,62.31250000000001,25.454545454545453,,80.18181818181817,17.818181818181827,54.36363636363637,47.27272727272728
155226,James Tarkowski,james-tarkowski,179.0,"6' 1""",73.0,33.0,1992-11-19T08:00Z,England,D,368,33,35,28,6,0,0,1,9,4,15,1,0,41,38,Everton,0.26666666666666666,0.06666666666666667,0.25,,6,67.375,78.0,76.36363636363637,50.256410256410255,91.63636363636364,96.72727272727273,64.35897435897436,58.06451612903226,67.375,68.375,41.1873840445269,86.5,92.4375,20.181818181818173,,98.54545454545455,11.272727272727266,54.36363636363637,0.7272727272727337
156365,Conor Coady,conor-coady,174.0,"6' 1""",73.0,32.0,1993-02-25T08:00Z,England,D,375,22,7,2,3,0,0,0,4,2,2,1,0,24,42,Leicester City,1.0,0.5,0.5,,3,67.375,78.0,34.18181818181818,98.2051282051282,37.45454545454546,48.72727272727273,98.97435897435898,79.6774193548387,67.375,30.625000000000004,97.77365491651206,37.4375,51.1875,14.909090909090907,,92.0,35.81818181818181,54.36363636363637,15.63636363636364
156366,Raheem Sterling,raheem-sterling,150.0,"5' 8""",68.0,31.0,1994-12-08T08:00Z,England,F,359,17,11,8,1,0,0,2,2,0,11,0,0,0,4,Arsenal,0.0,0.0,,,1,30.312499999999996,20.149253731343283,69.15422885572139,5.660377358490567,46.766169154228855,57.711442786069654,12.264150943396226,,30.312499999999996,79.75,7.421150278293136,56.99999999999999,60.18750000000001,66.41791044776119,,29.35323383084577,50.0,52.48756218905473,28.606965174129357
156366,Raheem Sterling,raheem-sterling,150.0,"5' 8""",68.0,31.0,1994-12-08T08:00Z,England,F,363,2,0,0,0,0,0,0,0,0,0,0,0,0,0,Chelsea,,,,,0,30.312499999999996,20.149253731343283,24.875621890547265,,12.437810945273633,11.691542288557214,,,30.312499999999996,30.625000000000004,,14.499999999999998,15.5,89.30348258706468,,29.35323383084577,79.35323383084577,52.48756218905473,76.86567164179104
156799,Richarlison,richarlison,183.0,"6' 0""",72.0,28.0,1997-05-10T07:00Z,Brazil,F,367,15,7,13,2,0,0,1,0,7,18,4,0,1,8,Tottenham Hotspur,0.3888888888888889,0.2222222222222222,0.5714285714285714,,2,87.8125,68.65671641791045,57.46268656716418,56.289308176100626,58.2089552238806,46.517412935323385,92.45283018867924,95.4225352112676,87.8125,68.375,69.9443413729128,67.6875,51.1875,58.70646766169154,,66.16915422885572,32.58706467661692,52.48756218905473,76.86567164179104
156867,Jamaal Lascelles,jamaal-lascelles,194.0,"6' 2""",74.0,32.0,1993-11-11T08:00Z,England,D,361,0,0,0,0,0,0,0,0,0,0,0,0,0,0,Newcastle United,,,,,0,30.312499999999996,35.090909090909086,34.18181818181818,,14.000000000000002,12.909090909090908,,,30.312499999999996,30.625000000000004,,14.499999999999998,15.5,89.27272727272728,,15.272727272727273,84.36363636363636,54.36363636363637,77.63636363636364
157073,Harry Maguire,harry-maguire,196.0,"6' 4""",76.0,32.0,1993-03-05T08:00Z,England,D,360,27,18,11,7,0,0,0,5,6,16,1,0,13,27,Manchester United,0.375,0.0625,0.16666666666666666,,7,67.375,78.0,34.18181818181818,73.33333333333333,69.0909090909091,72.36363636363636,63.07692307692307,51.29032258064517,67.375,30.625000000000004,66.79035250463822,63.81250000000001,72.9375,31.818181818181827,,78.0,7.454545454545453,54.36363636363637,10.0
157236,Wes Foderingham,wes-foderingham,163.0,"6' 1""",73.0,34.0,1991-01-14T08:00Z,England,G,371,0,0,0,0,0,0,0,0,0,0,0,0,0,0,West Ham United,,,,,0,30.312499999999996,50.57471264367817,47.701149425287355,,29.310344827586203,44.252873563218394,,,30.312499999999996,30.625000000000004,,14.499999999999998,15.5,77.01149425287356,,21.839080459770116,63.793103448275865,50.0,67.24137931034483
157236,Wes Foderingham,wes-foderingham,163.0,"6' 1""",73.0,34.0,1991-01-14T08:00Z,England,G,398,30,0,12,2,0,1,0,9,1,1,0,438,136,74,Sheffield United,1.0,0.0,0.0,0.6476190476190476,2,30.312499999999996,50.57471264367817,47.701149425287355,80.0,100.0,44.252873563218394,60.0,66.66666666666666,30.312499999999996,30.625000000000004,97.77365491651206,65.6875,15.5,1.1494252873563227,28.000000000000004,97.70114942528735,16.091954022988503,50.0,2.8735632183908137
157473,Jordan Clark,jordan-clark,157.0,"6' 0""",72.0,32.0,1993-09-22T07:00Z,England,M,301,23,12,26,4,0,0,1,2,3,16,1,0,3,39,Luton Town,0.1875,0.0625,0.3333333333333333,,4,67.375,60.970464135021096,58.64978902953587,25.0,77.21518987341773,50.210970464135016,50.55555555555556,65.625,67.375,68.375,25.88126159554731,84.25,62.31250000000001,14.135021097046419,,58.22784810126582,32.27848101265823,54.641350210970465,38.81856540084389
157892,Virgil van Dijk,virgil-van-dijk,203.0,"6' 5""",77.0,34.0,1991-07-08T07:00Z,Netherlands,D,364,37,16,13,5,0,0,1,2,7,27,3,0,18,36,Liverpool,0.25925925925925924,0.1111111111111111,0.42857142857142855,,5,83.8125,96.18181818181817,76.36363636363637,49.23076923076923,73.81818181818181,68.54545454545455,76.15384615384615,74.51612903225806,83.8125,68.375,40.1669758812616,67.6875,69.25,22.181818181818187,,86.0,17.818181818181827,54.36363636363637,32.90909090909091
157974,John Stones,john-stones,174.0,"6' 2""",74.0,31.0,1994-05-28T07:00Z,England,D,382,11,2,2,1,0,0,0,1,2,2,2,0,3,11,Manchester City,1.0,1.0,1.0,,1,77.8125,90.18181818181819,34.18181818181818,98.2051282051282,37.45454545454546,31.454545454545457,100.0,93.54838709677419,77.8125,30.625000000000004,97.77365491651206,37.4375,37.25,54.72727272727273,,42.18181818181818,59.81818181818182,54.36363636363637,47.27272727272728
158626,Emiliano Martínez,emiliano-martinez,192.0,"6' 5""",77.0,33.0,1992-09-02T07:00Z,Argentina,G,362,37,2,6,5,1,0,0,7,0,0,0,358,101,45,Aston Villa,,,,0.6917808219178082,7,30.312499999999996,50.57471264367817,47.701149425287355,,93.67816091954023,96.55172413793103,,,30.312499999999996,30.625000000000004,,52.25,37.25,12.643678160919535,62.0,88.50574712643679,3.448275862068968,0.0,5.172413793103445
159051,Emerson,emerson,139.0,"5' 9""",69.0,31.0,1994-08-03T07:00Z,Italy,D,371,31,24,13,5,0,0,1,3,5,15,2,0,8,40,West Ham United,0.3333333333333333,0.13333333333333333,0.4,,5,77.8125,90.18181818181819,76.36363636363637,65.64102564102564,73.81818181818181,84.0,81.53846153846153,71.61290322580646,77.8125,68.375,57.977736549165115,67.6875,82.0625,17.272727272727266,,63.45454545454545,17.818181818181827,54.36363636363637,22.909090909090907
159135,Odisseas Vlachodimos,odisseas-vlachodimos,172.0,"6' 2""",74.0,31.0,1994-04-26T07:00Z,Greece,G,361,0,0,0,0,0,0,0,0,0,0,0,0,0,0,Newcastle United,,,,,0,30.312499999999996,50.57471264367817,47.701149425287355,,29.310344827586203,44.252873563218394,,,30.312499999999996,30.625000000000004,,14.499999999999998,15.5,77.01149425287356,,21.839080459770116,63.793103448275865,50.0,67.24137931034483
159248,Nathan Aké,nathan-ake,163.0,"5' 11""",71.0,30.0,1995-02-18T08:00Z,Netherlands,D,382,10,2,0,0,0,0,0,2,0,3,0,0,2,11,Manchester City,0.0,0.0,,,0,30.312499999999996,35.090909090909086,34.18181818181818,10.512820512820513,14.000000000000002,31.454545454545457,28.974358974358978,,30.312499999999996,30.625000000000004,7.421150278293136,14.499999999999998,37.25,54.72727272727273,,37.63636363636363,84.36363636363636,54.36363636363637,32.90909090909091
159443,Jordan Pickford,jordan-pickford,181.0,"6' 1""",73.0,31.0,1994-03-07T08:00Z,England,G,368,38,0,7,7,0,0,1,9,0,0,0,406,121,44,Everton,,,,0.7333333333333333,7,30.312499999999996,50.57471264367817,96.55172413793103,,95.40229885057471,44.252873563218394,,,30.312499999999996,68.375,,54.87499999999999,15.5,13.793103448275872,76.0,95.40229885057471,0.0,50.0,2.8735632183908137
160115,Lucas Digne,lucas-digne,161.0,"5' 10""",70.0,32.0,1993-07-20T07:00Z,France,D,362,32,20,16,4,0,0,4,2,2,12,0,0,4,37,Aston Villa,0.16666666666666666,0.0,0.0,,4,30.312499999999996,35.090909090909086,96.36363636363636,31.794871794871792,79.81818181818183,77.0909090909091,28.974358974358978,23.548387096774192,30.312499999999996,91.125,23.00556586270872,72.3125,76.5,21.090909090909093,,47.45454545454545,27.454545454545453,54.36363636363637,32.90909090909091
161715,Nick Pope,nick-pope,168.0,"6' 3""",75.0,33.0,1992-04-19T07:00Z,England,G,361,28,2,5,2,0,0,0,0,0,0,0,313,88,33,Newcastle United,,,,0.7272727272727273,2,30.312499999999996,50.57471264367817,47.701149425287355,,91.37931034482759,96.55172413793103,,,30.312499999999996,30.625000000000004,,49.25,37.25,22.41379310344827,74.0,82.75862068965517,16.091954022988503,50.0,67.24137931034483
162338,Sam Johnstone,sam-johnstone,185.0,"6' 4""",76.0,32.0,1993-03-25T08:00Z,England,G,380,7,0,0,0,0,0,0,1,0,0,0,78,23,16,Wolverhampton Wanderers,,,,0.5897435897435898,0,30.312499999999996,50.57471264367817,47.701149425287355,,29.310344827586203,44.252873563218394,,,30.312499999999996,30.625000000000004,,14.499999999999998,15.5,32.758620689655174,12.0,60.91954022988506,63.793103448275865,50.0,28.160919540229884
162338,Sam Johnstone,sam-johnstone,185.0,"6' 4""",76.0,32.0,1993-03-25T08:00Z,England,G,384,0,0,0,0,0,0,0,0,0,0,0,0,0,0,Crystal Palace,,,,,0,30.312499999999996,50.57471264367817,47.701149425287355,,29.310344827586203,44.252873563218394,,,30.312499999999996,30.625000000000004,,14.499999999999998,15.5,77.01149425287356,,21.839080459770116,63.793103448275865,50.0,67.24137931034483
162843,John McGinn,john-mcginn,150.0,"5' 10""",70.0,31.0,1994-10-18T07:00Z,Scotland,M,362,34,42,69,7,0,0,4,1,5,31,1,0,2,34,Aston Villa,0.16129032258064516,0.03225806451612903,0.2,,7,67.375,60.970464135021096,88.18565400843882,20.555555555555554,99.57805907172997,89.0295358649789,38.88888888888889,41.875,67.375,91.125,21.89239332096475,99.625,95.5,20.042194092827003,,50.63291139240506,15.189873417721529,54.641350210970465,53.37552742616033
163111,James Ward-Prowse,james-ward-prowse,146.0,"5' 10""",70.0,31.0,1994-11-01T08:00Z,England,M,371,24,15,6,3,1,0,2,2,5,15,1,0,5,18,West Ham United,0.3333333333333333,0.06666666666666667,0.2,,5,67.375,60.970464135021096,71.94092827004219,65.83333333333333,41.77215189873418,55.06329113924051,52.5,41.875,67.375,79.75,57.977736549165115,52.25,67.0,47.04641350210971,,68.77637130801688,41.983122362869196,4.852320675105489,38.81856540084389
163111,James Ward-Prowse,james-ward-prowse,146.0,"5' 10""",70.0,31.0,1994-11-01T08:00Z,England,M,393,10,6,2,1,1,0,1,1,0,2,0,0,2,8,Nottingham Forest,0.0,0.0,,,3,30.312499999999996,26.582278481012654,58.64978902953587,5.833333333333333,30.168776371308013,37.34177215189873,19.166666666666668,,30.312499999999996,68.375,7.421150278293136,37.4375,48.1875,60.33755274261603,,50.63291139240506,61.392405063291136,4.852320675105489,53.37552742616033
165266,Massimo Luongo,massimo-luongo,146.0,"5' 9""",69.0,33.0,1992-09-25T07:00Z,Australia,M,373,11,1,2,0,0,0,0,1,0,0,0,0,2,6,Ipswich Town,,,,,0,30.312499999999996,26.582278481012654,25.738396624472575,,30.168776371308013,25.31645569620253,,,30.312499999999996,30.625000000000004,,37.4375,33.0625,63.291139240506325,,50.63291139240506,83.33333333333334,54.641350210970465,53.37552742616033
165648,Jamie Vardy,jamie-vardy,161.0,"5' 10""",70.0,39.0,1987-01-11T08:00Z,England,F,375,35,24,23,5,0,0,4,7,22,55,9,0,5,66,Leicester City,0.4,0.16363636363636364,0.4090909090909091,,5,96.1875,87.06467661691542,84.32835820895522,62.264150943396224,74.87562189054727,84.82587064676616,74.21383647798741,69.71830985915493,96.1875,91.125,73.37662337662337,81.375,82.0625,0.4975124378109399,,94.27860696517413,7.462686567164184,52.48756218905473,3.980099502487562
165778,Jorginho,jorginho,141.0,"5' 11""",71.0,33.0,1991-12-20T08:00Z,Italy,M,359,15,14,17,5,0,0,0,0,0,2,0,0,0,7,Arsenal,0.0,0.0,,,5,30.312499999999996,26.582278481012654,25.738396624472575,5.833333333333333,63.50210970464135,52.742616033755276,19.166666666666668,,30.312499999999996,30.625000000000004,7.421150278293136,73.75,65.3125,61.81434599156118,,17.29957805907173,25.105485232067508,54.641350210970465,80.80168776371309
167060,Raúl Jiménez,raul-jimenez,168.0,"6' 3""",75.0,34.0,1991-05-05T07:00Z,Mexico,F,370,38,39,42,4,0,0,3,2,32,95,12,0,5,36,Fulham,0.3368421052631579,0.12631578947368421,0.375,,4,98.25,93.53233830845771,77.11442786069652,42.138364779874216,90.54726368159204,96.01990049751244,59.11949685534591,61.61971830985915,98.25,86.625,60.85343228200371,93.875,94.3125,14.427860696517413,,94.27860696517413,13.18407960199005,52.48756218905473,28.606965174129357
167127,Luke Shaw,luke-shaw,174.0,"5' 10""",70.0,30.0,1995-07-12T07:00Z,England,D,360,7,3,1,1,0,1,0,0,1,2,0,0,1,4,Manchester United,0.5,0.0,0.0,,1,30.312499999999996,35.090909090909086,34.18181818181818,86.92307692307692,30.727272727272727,35.27272727272727,28.974358974358978,23.548387096774192,30.312499999999996,30.625000000000004,88.49721706864564,31.6875,40.8125,68.54545454545455,,32.90909090909091,59.81818181818182,54.36363636363637,77.63636363636364
168309,Conor Townsend,conor-townsend,137.0,"6' 0""",72.0,32.0,1993-03-04T08:00Z,England,D,373,6,2,4,1,0,0,1,1,0,1,0,0,6,6,Ipswich Town,0.0,0.0,,,1,30.312499999999996,35.090909090909086,76.36363636363637,10.512820512820513,47.090909090909086,31.454545454545457,28.974358974358978,,30.312499999999996,68.375,7.421150278293136,45.8125,37.25,64.0,,55.27272727272727,59.81818181818182,54.36363636363637,47.27272727272728
168421,Will Hughes,will-hughes,161.0,"6' 1""",73.0,30.0,1995-04-17T07:00Z,England,M,384,33,64,31,11,0,0,3,8,1,20,0,0,14,29,Crystal Palace,0.05,0.0,0.0,,11,30.312499999999996,26.582278481012654,81.85654008438819,11.666666666666666,83.54430379746836,98.73417721518987,19.166666666666668,15.312500000000002,30.312499999999996,86.625,14.842300556586272,88.8125,99.375,29.74683544303798,,96.62447257383965,1.2658227848101262,54.641350210970465,3.5864978902953624
168424,John Egan,john-egan,163.0,"6' 1""",73.0,33.0,1992-10-20T07:00Z,Republic of Ireland,D,398,6,5,1,2,0,0,0,2,1,2,0,0,6,17,Sheffield United,0.5,0.0,0.0,,2,30.312499999999996,35.090909090909086,34.18181818181818,86.92307692307692,30.727272727272727,40.54545454545455,28.974358974358978,23.548387096774192,30.312499999999996,30.625000000000004,88.49721706864564,31.6875,45.25,46.72727272727273,,55.27272727272727,45.27272727272727,54.36363636363637,32.90909090909091
168695,Tom Lockyer,tom-lockyer,159.0,"6' 1""",73.0,31.0,1994-12-03T08:00Z,Wales,D,301,14,15,10,4,0,1,1,1,2,8,1,0,13,22,Luton Town,0.25,0.125,0.5,,4,67.375,78.0,76.36363636363637,46.92307692307692,66.54545454545455,66.18181818181819,80.51282051282051,79.6774193548387,67.375,68.375,37.569573283859,61.4375,67.0,40.18181818181819,,78.0,27.454545454545453,54.36363636363637,47.27272727272728
168746,Christian Walton,christian-walton,163.0,"6' 5""",77.0,30.0,1995-11-09T08:00Z,England,G,373,7,0,1,0,0,0,0,0,0,0,0,79,20,19,Ipswich Town,,,,0.5128205128205128,0,30.312499999999996,50.57471264367817,47.701149425287355,,62.643678160919535,44.252873563218394,,,30.312499999999996,30.625000000000004,,31.6875,15.5,29.88505747126436,10.0,58.620689655172406,63.793103448275865,50.0,67.24137931034483
169338,Pelly Ruddock Mpanzu,pelly-ruddock-mpanzu,139.0,"5' 9""",69.0,31.0,1994-03-22T08:00Z,Congo DR,M,301,27,9,14,1,0,0,0,2,1,10,0,0,7,27,Luton Town,0.1,0.0,0.0,,1,30.312499999999996,26.582278481012654,25.738396624472575,14.444444444444443,59.07172995780591,45.14767932489451,19.166666666666668,15.312500000000002,30.312499999999996,30.625000000000004,17.068645640074212,69.4375,56.25,33.96624472573839,,78.05907172995781,61.392405063291136,54.641350210970465,38.81856540084389
169532,Kepa Arrizabalaga,kepa-arrizabalaga,183.0,"6' 2""",74.0,31.0,1994-10-03T07:00Z,Spain,G,349,31,2,6,3,0,0,0,4,0,1,0,325,97,39,AFC Bournemouth,0.0,0.0,,0.7132352941176471,3,30.312499999999996,50.57471264367817,47.701149425287355,30.0,93.67816091954023,96.55172413793103,60.0,,30.312499999999996,30.625000000000004,7.421150278293136,52.25,37.25,16.091954022988503,68.0,87.35632183908046,9.770114942528735,50.0,14.942528735632195
170257,Niclas Füllkrug,niclas-fullkrug,183.0,"6' 2""",74.0,33.0,1993-02-09T08:00Z,Germany,F,371,18,21,6,2,0,0,2,2,7,16,3,0,0,17,West Ham United,0.4375,0.1875,0.42857142857142855,,2,83.8125,62.68656716417911,69.15422885572139,72.64150943396226,41.7910447761194,79.35323383084577,83.01886792452831,74.29577464788733,83.8125,79.75,79.22077922077922,52.25,77.625,45.27363184079603,,29.35323383084577,32.58706467661692,52.48756218905473,28.606965174129357
170597,Joël Veltman,joel-veltman,163.0,"6' 0""",72.0,33.0,1992-01-15T08:00Z,Netherlands,D,331,21,22,44,5,0,0,0,3,0,6,0,0,7,23,Brighton & Hove Albion,0.0,0.0,,,5,30.312499999999996,35.090909090909086,34.18181818181818,10.512820512820513,98.0,79.81818181818183,28.974358974358978,,30.312499999999996,30.625000000000004,7.421150278293136,94.4375,78.8125,37.81818181818182,,59.63636363636363,17.818181818181827,54.36363636363637,22.909090909090907
171144,Ricardo Pereira,ricardo-pereira,152.0,"5' 9""",69.0,32.0,1993-10-06T07:00Z,Portugal,D,375,10,6,8,1,0,0,0,1,1,2,0,0,3,8,Leicester City,0.5,0.0,0.0,,1,30.312499999999996,35.090909090909086,34.18181818181818,86.92307692307692,62.0,45.09090909090909,28.974358974358978,23.548387096774192,30.312499999999996,30.625000000000004,88.49721706864564,56.99999999999999,48.1875,61.09090909090909,,42.18181818181818,59.81818181818182,54.36363636363637,47.27272727272728
172833,Harry Toffolo,harry-toffolo,157.0,"6' 0""",72.0,30.0,1995-08-19T07:00Z,England,D,393,4,1,0,1,0,0,0,0,0,1,0,0,2,2,Nottingham Forest,0.0,0.0,,,1,30.312499999999996,35.090909090909086,34.18181818181818,10.512820512820513,14.000000000000002,27.27272727272727,28.974358974358978,,30.312499999999996,30.625000000000004,7.421150278293136,14.499999999999998,33.0625,73.27272727272728,,37.63636363636363,59.81818181818182,54.36363636363637,77.63636363636364
172836,Jacob Murphy,jacob-murphy,161.0,"5' 10""",70.0,30.0,1995-02-24T08:00Z,England,M,361,35,11,15,4,0,0,12,8,14,41,8,0,1,31,Newcastle United,0.34146341463414637,0.1951219512195122,0.5714285714285714,,4,95.0625,97.0464135021097,100.0,69.72222222222221,60.54852320675106,48.10126582278481,93.88888888888889,92.1875,95.0625,99.8125,61.13172541743971,70.6875,60.18750000000001,25.31645569620254,,40.29535864978903,32.27848101265823,54.641350210970465,3.5864978902953624
172850,Jack Grealish,jack-grealish,170.0,"5' 11""",71.0,30.0,1995-09-10T07:00Z,England,M,382,20,5,25,3,0,0,1,0,5,14,1,0,2,9,Manchester City,0.35714285714285715,0.07142857142857142,0.2,,3,67.375,60.970464135021096,58.64978902953587,72.22222222222221,75.52742616033755,34.810126582278485,56.666666666666664,41.875,67.375,68.375,63.4508348794063,83.375,45.25,58.860759493670884,,50.63291139240506,41.983122362869196,54.641350210970465,80.80168776371309
172922,Emil Krafth,emil-krafth,183.0,"6' 0""",72.0,31.0,1994-08-02T07:00Z,Sweden,D,361,12,5,2,2,0,0,0,0,0,1,0,0,4,1,Newcastle United,0.0,0.0,,,2,30.312499999999996,35.090909090909086,34.18181818181818,10.512820512820513,37.45454545454546,40.54545454545455,28.974358974358978,,30.312499999999996,30.625000000000004,7.421150278293136,37.4375,45.25,76.72727272727272,,47.45454545454545,45.27272727272727,54.36363636363637,77.63636363636364
173666,Casemiro,casemiro,183.0,"6' 1""",73.0,33.0,1992-02-23T08:00Z,Brazil,M,360,24,20,19,5,0,0,0,7,10,34,1,0,10,20,Manchester United,0.29411764705882354,0.029411764705882353,0.1,,5,67.375,60.970464135021096,25.738396624472575,49.44444444444444,67.72151898734177,66.66666666666666,38.333333333333336,31.25,67.375,30.625000000000004,48.237476808905384,76.625,76.5,44.72573839662447,,89.24050632911393,25.105485232067508,54.641350210970465,6.540084388185647
173896,Mohamed Salah,mohamed-salah,157.0,"5' 9""",69.0,33.0,1992-06-15T07:00Z,Egypt,F,364,38,23,39,1,0,0,18,6,56,124,29,0,0,39,Liverpool,0.45161290322580644,0.23387096774193547,0.5178571428571429,,1,100.0,100.0,100.0,77.67295597484278,89.55223880597015,82.58706467661692,93.71069182389937,90.84507042253522,100.0,100.0,81.91094619666049,93.0,80.4375,11.194029850746261,,29.35323383084577,50.0,52.48756218905473,6.96517412935323
174980,Leandro Trossard,leandro-trossard,132.0,"5' 8""",68.0,31.0,1994-12-04T08:00Z,Belgium,F,359,38,25,46,3,1,0,7,9,20,69,8,0,0,27,Arsenal,0.2898550724637681,0.11594202898550725,0.4,,5,95.0625,84.07960199004975,95.02487562189054,34.59119496855346,93.53233830845771,87.56218905472637,55.34591194968554,67.6056338028169,95.0625,97.0625,47.49536178107607,95.125,83.5,25.124378109452735,,29.35323383084577,20.149253731343293,2.736318407960198,1.492537313432834
175063,Alex Iwobi,alex-iwobi,163.0,"5' 11""",71.0,29.0,1996-05-03T07:00Z,Nigeria,F,370,38,18,18,1,0,0,6,6,28,69,9,0,1,44,Fulham,0.4057971014492754,0.13043478260869565,0.32142857142857145,,1,96.1875,87.06467661691542,91.7910447761194,64.77987421383648,65.67164179104478,73.88059701492537,60.37735849056604,46.478873239436616,96.1875,95.3125,74.95361781076066,75.0,72.9375,5.970149253731336,,66.16915422885572,50.0,52.48756218905473,6.96517412935323
176562,Abdoulaye Doucouré,abdoulaye-doucoure,163.0,"6' 0""",72.0,32.0,1993-01-01T08:00Z,Mali,M,368,33,46,5,4,1,0,2,5,9,29,3,0,6,33,Everton,0.3103448275862069,0.10344827586206896,0.3333333333333333,,6,83.8125,81.85654008438819,71.94092827004219,55.27777777777778,39.45147679324894,93.0379746835443,73.88888888888889,65.625,83.8125,79.75,52.04081632653062,49.25,97.1875,21.729957805907176,,73.20675105485233,32.27848101265823,4.852320675105489,15.822784810126578
176948,Ederson ,ederson,190.0,"6' 2""",74.0,32.0,1993-08-17T07:00Z,Brazil,G,382,26,1,0,4,0,0,4,0,0,0,0,167,54,25,Manchester City,,,,0.6835443037974683,4,30.312499999999996,50.57471264367817,100.0,,29.310344827586203,90.80459770114942,,,30.312499999999996,91.125,,14.499999999999998,33.0625,26.436781609195407,50.0,73.5632183908046,6.3218390804597675,50.0,67.24137931034483
177545,Marcus Bettinelli,marcus-bettinelli,181.0,"6' 4""",76.0,33.0,1992-05-24T07:00Z,England,G,363,0,0,0,0,0,0,0,0,0,0,0,0,0,0,Chelsea,,,,,0,30.312499999999996,50.57471264367817,47.701149425287355,,29.310344827586203,44.252873563218394,,,30.312499999999996,30.625000000000004,,14.499999999999998,15.5,77.01149425287356,,21.839080459770116,63.793103448275865,50.0,67.24137931034483
177821,Mark Flekken,mark-flekken,192.0,"6' 5""",77.0,32.0,1993-06-13T07:00Z,Netherlands,G,337,37,0,3,1,0,0,2,5,0,0,0,551,155,53,Brentford,,,,0.7451923076923077,1,30.312499999999996,50.57471264367817,98.85057471264368,,81.60919540229885,44.252873563218394,,,30.312499999999996,79.75,,42.1875,15.5,6.896551724137936,84.0,100.0,24.13793103448276,50.0,10.34482758620689
178077,Christian Nørgaard,christian-nørgaard,161.0,"6' 2""",74.0,31.0,1994-03-10T08:00Z,Denmark,M,337,34,44,28,8,1,0,4,6,15,38,5,0,21,42,Brentford,0.39473684210526316,0.13157894736842105,0.3333333333333333,,10,90.4375,91.56118143459916,88.18565400843882,79.44444444444444,80.80168776371308,90.29535864978902,81.11111111111111,65.625,90.4375,91.125,71.42857142857143,86.5,96.0625,11.814345991561183,,100.0,10.759493670886073,4.852320675105489,10.548523206751057
178176,Robin Olsen,robin-olsen,194.0,"6' 6""",78.0,35.0,1990-01-08T08:00Z,Sweden,G,362,4,0,0,0,0,0,0,0,0,0,0,12,5,6,Aston Villa,,,,0.45454545454545453,0,30.312499999999996,50.57471264367817,47.701149425287355,,29.310344827586203,44.252873563218394,,,30.312499999999996,30.625000000000004,,14.499999999999998,15.5,45.40229885057471,4.0,50.57471264367817,63.793103448275865,50.0,67.24137931034483
178487,Willian,willian,170.0,"5' 9""",69.0,37.0,1988-08-09T07:00Z,Brazil,F,370,10,1,0,0,0,0,0,1,0,7,0,0,0,3,Fulham,0.0,0.0,,,0,30.312499999999996,20.149253731343283,24.875621890547265,5.660377358490567,12.437810945273633,25.870646766169152,12.264150943396226,,30.312499999999996,30.625000000000004,7.421150278293136,14.499999999999998,33.0625,69.65174129353234,,29.35323383084577,79.35323383084577,52.48756218905473,45.77114427860697
178760,Neal Maupay,neal-maupay,150.0,"5' 8""",68.0,29.0,1996-08-14T07:00Z,France,F,368,0,0,0,0,0,0,0,0,0,0,0,0,0,0,Everton,,,,,0,30.312499999999996,20.149253731343283,24.875621890547265,,12.437810945273633,11.691542288557214,,,30.312499999999996,30.625000000000004,,14.499999999999998,15.5,89.30348258706468,,29.35323383084577,79.35323383084577,52.48756218905473,76.86567164179104
179233,Fabian Schär,fabian-schar,183.0,"6' 1""",73.0,33.0,1991-12-20T08:00Z,Switzerland,D,361,34,35,15,9,1,0,0,8,10,41,4,0,26,41,Newcastle United,0.24390243902439024,0.0975609756097561,0.4,,11,87.8125,98.54545454545455,34.18181818181818,44.35897435897436,77.0909090909091,96.72727272727273,72.82051282051282,71.61290322580646,87.8125,30.625000000000004,34.601113172541744,70.6875,92.4375,16.363636363636374,,94.0,2.5454545454545467,4.7272727272727195,2.0
179497,Matz Sels,matz-sels,163.0,"6' 2""",74.0,33.0,1992-02-26T08:00Z,Belgium,G,393,38,1,10,4,0,0,0,12,0,0,0,473,120,46,Nottingham Forest,,,,0.7228915662650602,4,30.312499999999996,50.57471264367817,47.701149425287355,,98.27586206896551,90.80459770114942,,,30.312499999999996,30.625000000000004,,61.4375,33.0625,10.919540229885058,72.0,94.25287356321839,6.3218390804597675,50.0,0.0
181278,José Sá,jose-sa,183.0,"6' 4""",76.0,32.0,1993-01-17T08:00Z,Portugal,G,380,29,4,9,2,0,0,0,4,0,0,0,287,71,46,Wolverhampton Wanderers,,,,0.6068376068376068,2,30.312499999999996,50.57471264367817,47.701149425287355,,96.55172413793103,100.0,,,30.312499999999996,30.625000000000004,,59.0,43.25,10.919540229885058,14.000000000000002,77.58620689655173,16.091954022988503,50.0,14.942528735632195
181312,Tyrone Mings,tyrone-mings,170.0,"6' 5""",77.0,32.0,1993-03-13T08:00Z,England,D,362,14,3,11,1,0,0,0,0,1,10,0,0,11,11,Aston Villa,0.1,0.0,0.0,,1,30.312499999999996,35.090909090909086,34.18181818181818,23.846153846153847,69.0909090909091,35.27272727272727,28.974358974358978,23.548387096774192,30.312499999999996,30.625000000000004,17.068645640074212,63.81250000000001,40.8125,54.72727272727273,,73.63636363636363,59.81818181818182,54.36363636363637,77.63636363636364
181516,Wes Burns,wes-burns,150.0,"5' 8""",68.0,31.0,1994-11-23T08:00Z,Wales,F,373,18,3,11,1,0,0,1,0,1,8,0,0,2,23,Ipswich Town,0.125,0.0,0.0,,1,30.312499999999996,20.149253731343283,57.46268656716418,12.578616352201259,53.482587064676615,34.07960199004975,12.264150943396226,7.746478873239436,30.312499999999996,68.375,19.20222634508349,63.81250000000001,40.8125,34.32835820895522,,78.85572139303483,50.0,52.48756218905473,76.86567164179104
181729,Mario Lemina,mario-lemina,185.0,"6' 0""",72.0,32.0,1993-09-01T07:00Z,Gabon,M,380,17,17,8,4,0,0,3,5,5,18,1,0,7,36,Wolverhampton Wanderers,0.2777777777777778,0.05555555555555555,0.2,,4,67.375,60.970464135021096,81.85654008438819,44.72222222222222,46.20253164556962,60.970464135021096,46.666666666666664,41.875,67.375,86.625,43.042671614100186,56.99999999999999,71.375,18.35443037974683,,78.05907172995781,32.27848101265823,54.641350210970465,15.822784810126578
187411,Maxwel Cornet,maxwel-cornet,150.0,"5' 10""",70.0,29.0,1996-09-27T07:00Z,Ivory Coast,F,376,2,0,1,1,0,0,0,0,0,1,0,0,0,4,Southampton,0.0,0.0,,,1,30.312499999999996,20.149253731343283,24.875621890547265,5.660377358490567,27.114427860696516,11.691542288557214,12.264150943396226,,30.312499999999996,30.625000000000004,7.421150278293136,31.6875,15.5,66.41791044776119,,29.35323383084577,50.0,52.48756218905473,76.86567164179104
187638,Wilfred Ndidi,wilfred-ndidi,161.0,"6' 0""",72.0,29.0,1996-12-16T08:00Z,Nigeria,M,375,28,38,18,8,0,1,5,3,7,21,0,0,20,46,Leicester City,0.3333333333333333,0.0,0.0,,8,30.312499999999996,26.582278481012654,91.13924050632912,65.83333333333333,65.61181434599156,85.23206751054853,19.166666666666668,15.312500000000002,30.312499999999996,93.625,57.977736549165115,75.0,94.0,7.594936708860757,,99.15611814345992,10.759493670886073,54.641350210970465,29.324894514767934
189007,Reece James,reece-james,181.0,"6' 0""",72.0,26.0,1999-12-08T08:00Z,England,D,363,19,8,11,1,0,0,1,5,2,11,1,0,4,14,Chelsea,0.18181818181818182,0.09090909090909091,0.5,,1,67.375,78.0,76.36363636363637,34.61538461538461,69.0909090909091,51.81818181818182,71.28205128205128,79.6774193548387,67.375,68.375,24.95361781076067,63.81250000000001,53.625,50.54545454545455,,47.45454545454545,59.81818181818182,54.36363636363637,10.0
189972,Thomas Partey,thomas-partey,170.0,"6' 1""",73.0,32.0,1993-06-13T07:00Z,Ghana,M,359,35,45,31,4,0,0,2,5,9,28,4,0,8,30,Arsenal,0.32142857142857145,0.14285714285714285,0.4444444444444444,,4,87.8125,87.55274261603375,71.94092827004219,60.55555555555555,83.54430379746836,91.56118143459916,84.72222222222221,80.3125,87.8125,79.75,54.54545454545454,88.8125,96.625,27.63713080168776,,82.0675105485232,32.27848101265823,54.641350210970465,15.822784810126578
190257,Curtis Jones,curtis-jones,172.0,"6' 1""",73.0,24.0,2001-01-30T08:00Z,England,M,364,33,17,25,2,1,0,3,2,13,32,3,0,10,26,Liverpool,0.40625,0.09375,0.23076923076923078,,4,83.8125,81.85654008438819,81.85654008438819,82.22222222222221,75.52742616033755,60.970464135021096,70.0,46.5625,83.8125,86.625,75.139146567718,83.375,71.375,36.49789029535865,,89.24050632911393,51.265822784810126,4.852320675105489,38.81856540084389
190931,Joe Lumley,joe-lumley,161.0,"6' 3""",75.0,31.0,1995-02-15T08:00Z,England,G,376,3,0,0,0,0,0,0,1,0,0,0,59,13,7,Southampton,,,,0.65,0,30.312499999999996,50.57471264367817,47.701149425287355,,29.310344827586203,44.252873563218394,,,30.312499999999996,30.625000000000004,,14.499999999999998,15.5,43.67816091954023,32.0,56.32183908045977,63.793103448275865,50.0,28.160919540229884
190962,Fred Onyedinma,fred-onyedinma,152.0,"6' 1""",73.0,29.0,1996-11-24T08:00Z,Nigeria,F,301,8,10,6,1,0,0,0,0,2,5,0,0,0,12,Luton Town,0.4,0.0,0.0,,1,30.312499999999996,20.149253731343283,24.875621890547265,62.264150943396224,41.7910447761194,55.472636815920396,12.264150943396226,7.746478873239436,30.312499999999996,30.625000000000004,73.37662337662337,52.25,58.25,52.23880597014926,,29.35323383084577,50.0,52.48756218905473,76.86567164179104
190974,Kenny Tete,kenny-tete,157.0,"5' 11""",71.0,30.0,1995-10-09T07:00Z,Netherlands,D,370,22,33,16,5,0,0,2,4,2,25,0,0,10,25,Fulham,0.08,0.0,0.0,,5,30.312499999999996,35.090909090909086,88.72727272727273,22.05128205128205,79.81818181818183,94.54545454545455,28.974358974358978,23.548387096774192,30.312499999999996,79.75,15.769944341372913,72.3125,90.625,34.90909090909091,,70.18181818181817,17.818181818181827,54.36363636363637,15.63636363636364
191026,Marcus Myers-Harness,marcus-myers-harness,152.0,"6' 0""",72.0,29.0,1996-02-24T08:00Z,England,F,373,2,0,0,0,0,0,0,0,0,0,0,0,1,2,Ipswich Town,,,,,0,30.312499999999996,20.149253731343283,24.875621890547265,,12.437810945273633,11.691542288557214,,,30.312499999999996,30.625000000000004,,14.499999999999998,15.5,73.6318407960199,,66.16915422885572,79.35323383084577,52.48756218905473,76.86567164179104
191088,Timo Werner,timo-werner,163.0,"5' 11""",71.0,29.0,1996-03-06T08:00Z,Germany,F,367,18,3,5,0,0,0,3,3,3,8,0,0,1,12,Tottenham Hotspur,0.375,0.0,0.0,,0,30.312499999999996,20.149253731343283,77.11442786069652,50.0,39.800995024875625,34.07960199004975,12.264150943396226,7.746478873239436,30.312499999999996,86.625,66.79035250463822,49.25,40.8125,52.23880597014926,,66.16915422885572,79.35323383084577,52.48756218905473,16.91542288557214
191209,Vladimír Coufal,vladimir-coufal,168.0,"5' 9""",69.0,33.0,1992-08-22T07:00Z,Czechia,D,371,22,22,16,5,0,1,0,2,3,8,0,0,11,20,West Ham United,0.375,0.0,0.0,,5,30.312499999999996,35.090909090909086,34.18181818181818,73.33333333333333,79.81818181818183,79.81818181818183,28.974358974358978,23.548387096774192,30.312499999999996,30.625000000000004,66.79035250463822,72.3125,78.8125,42.36363636363636,,73.63636363636363,17.818181818181827,54.36363636363637,32.90909090909091
192034,Amari'i Bell,amarii-bell,146.0,"5' 11""",71.0,31.0,1994-05-05T07:00Z,Jamaica,D,301,21,22,16,0,0,0,0,4,2,2,0,0,15,41,Luton Town,1.0,0.0,0.0,,0,30.312499999999996,35.090909090909086,34.18181818181818,98.2051282051282,79.81818181818183,79.81818181818183,28.974358974358978,23.548387096774192,30.312499999999996,30.625000000000004,97.77365491651206,72.3125,78.8125,16.363636363636374,,82.0,84.36363636363636,54.36363636363637,15.63636363636364
192278,Diego Gómez,diego-gomez,170.0,"6' 0""",72.0,22.0,2003-03-27T08:00Z,Paraguay,M,331,16,8,3,0,0,0,0,0,3,9,1,0,0,13,Brighton & Hove Albion,0.3333333333333333,0.1111111111111111,0.3333333333333333,,0,67.375,60.970464135021096,25.738396624472575,65.83333333333333,34.177215189873415,43.037974683544306,75.0,65.625,67.375,30.625000000000004,57.977736549165115,42.1875,53.625,52.32067510548523,,17.29957805907173,83.33333333333334,54.641350210970465,80.80168776371309
192660,Philip Billing,philip-billing,183.0,"6' 4""",76.0,29.0,1996-06-11T07:00Z,Denmark,M,349,10,3,2,1,0,0,0,1,1,5,0,0,0,4,AFC Bournemouth,0.2,0.0,0.0,,1,30.312499999999996,26.582278481012654,25.738396624472575,27.77777777777778,30.168776371308013,32.06751054852321,19.166666666666668,15.312500000000002,30.312499999999996,30.625000000000004,28.107606679035253,37.4375,40.8125,66.45569620253164,,17.29957805907173,61.392405063291136,54.641350210970465,53.37552742616033
192929,Matt Targett,matt-targett,152.0,"6' 0""",72.0,30.0,1995-09-18T07:00Z,England,D,361,2,0,0,0,0,0,0,0,0,0,0,0,0,0,Newcastle United,,,,,0,30.312499999999996,35.090909090909086,34.18181818181818,,14.000000000000002,12.909090909090908,,,30.312499999999996,30.625000000000004,,14.499999999999998,15.5,89.27272727272728,,15.272727272727273,84.36363636363636,54.36363636363637,77.63636363636364
193010,Oliver McBurnie,oliver-mcburnie,172.0,"6' 2""",74.0,29.0,1996-06-04T07:00Z,Scotland,F,398,21,19,27,5,2,0,3,5,15,34,6,0,2,39,Sheffield United,0.4411764705882353,0.17647058823529413,0.4,,9,92.375,77.11442786069652,77.11442786069652,74.21383647798741,79.1044776119403,75.62189054726367,79.24528301886792,67.6056338028169,92.375,86.625,79.96289424860854,85.125,74.6875,11.194029850746261,,78.85572139303483,7.462686567164184,0.0,10.696517412935322
193246,Harrison Reed,harrison-reed,159.0,"5' 11""",71.0,30.0,1995-01-27T08:00Z,England,M,370,12,6,2,2,0,0,0,1,2,3,0,0,0,3,Fulham,0.6666666666666666,0.0,0.0,,2,30.312499999999996,26.582278481012654,25.738396624472575,95.0,30.168776371308013,37.34177215189873,19.166666666666668,15.312500000000002,30.312499999999996,30.625000000000004,95.08348794063079,37.4375,48.1875,70.042194092827,,17.29957805907173,51.265822784810126,54.641350210970465,53.37552742616033
193297,Youri Tielemans,youri-tielemans,159.0,"5' 9""",69.0,28.0,1997-05-07T07:00Z,Belgium,M,362,36,40,57,4,0,0,7,6,12,40,3,0,17,46,Aston Villa,0.3,0.075,0.25,,4,83.8125,81.85654008438819,95.14767932489451,51.66666666666667,96.20253164556962,86.91983122362869,59.44444444444444,51.24999999999999,83.8125,97.0625,49.814471243042675,98.4375,94.75,7.594936708860757,,97.0464135021097,32.27848101265823,54.641350210970465,10.548523206751057
194108,Max Lowe,max-lowe,161.0,"5' 9""",69.0,28.0,1997-05-11T07:00Z,England,D,398,10,7,3,1,0,0,1,0,0,2,0,0,4,10,Sheffield United,0.0,0.0,,,1,30.312499999999996,35.090909090909086,76.36363636363637,10.512820512820513,42.90909090909091,48.72727272727273,28.974358974358978,,30.312499999999996,68.375,7.421150278293136,42.1875,51.1875,57.45454545454545,,47.45454545454545,59.81818181818182,54.36363636363637,77.63636363636364
194115,Dominic Solanke,dominic-solanke,174.0,"6' 2""",74.0,28.0,1997-09-14T07:00Z,England,F,367,27,35,36,0,0,1,3,2,26,61,9,0,8,41,Tottenham Hotspur,0.4262295081967213,0.14754098360655737,0.34615384615384615,,0,96.1875,87.06467661691542,77.11442786069652,71.0691823899371,88.05970149253731,94.77611940298507,69.81132075471697,55.633802816901415,96.1875,86.625,77.36549165120594,92.0,92.4375,7.960199004975124,,97.01492537313433,79.35323383084577,52.48756218905473,28.606965174129357
194116,Adam Armstrong,adam-armstrong,150.0,"5' 8""",68.0,28.0,1997-02-10T08:00Z,England,F,376,20,12,5,4,0,0,2,2,7,25,2,0,2,35,Southampton,0.28,0.08,0.2857142857142857,,4,77.8125,56.46766169154229,69.15422885572139,30.81761006289308,39.800995024875625,60.447761194029844,40.56603773584906,42.25352112676056,77.8125,79.75,43.59925788497217,49.25,62.31250000000001,17.16417910447761,,78.85572139303483,13.18407960199005,52.48756218905473,28.606965174129357
194450,James Maddison,james-maddison,161.0,"5' 9""",69.0,29.0,1996-11-23T08:00Z,England,M,367,31,32,64,6,0,0,7,4,17,38,9,0,4,30,Tottenham Hotspur,0.4473684210526316,0.23684210526315788,0.5294117647058824,,6,96.1875,98.31223628691983,95.14767932489451,87.77777777777777,98.52320675105484,79.53586497890295,96.11111111111111,90.0,96.1875,97.0625,81.53988868274583,99.3125,89.625,27.63713080168776,,64.34599156118144,20.042194092827003,54.641350210970465,22.573839662447256
194557,Josh Brownhill,josh-brownhill,150.0,"5' 11""",71.0,29.0,1995-12-19T08:00Z,England,M,379,33,38,24,4,1,0,2,4,11,28,4,0,8,54,Burnley,0.39285714285714285,0.14285714285714285,0.36363636363636365,,6,87.8125,87.55274261603375,71.94092827004219,78.33333333333333,73.83966244725738,85.23206751054853,84.72222222222221,69.6875,87.8125,79.75,70.77922077922078,82.5,94.0,4.2194092827004255,,82.0675105485232,32.27848101265823,4.852320675105489,22.573839662447256
194686,Taiwo Awoniyi,taiwo-awoniyi,183.0,"6' 0""",72.0,28.0,1997-08-12T07:00Z,Nigeria,F,393,26,8,10,0,0,0,0,0,4,10,1,0,0,10,Nottingham Forest,0.4,0.1,0.25,,0,67.375,46.766169154228855,24.875621890547265,62.264150943396224,50.74626865671642,49.004975124378106,48.113207547169814,33.098591549295776,67.375,30.625000000000004,73.37662337662337,61.4375,53.625,55.223880597014926,,29.35323383084577,79.35323383084577,52.48756218905473,76.86567164179104
194778,Ivo Grbic,ivo-grbic,183.0,"6' 5""",77.0,30.0,1996-01-18T08:00Z,Croatia,G,398,9,0,2,1,0,0,0,1,0,0,0,132,37,23,Sheffield United,,,,0.6166666666666667,1,30.312499999999996,50.57471264367817,47.701149425287355,,72.98850574712644,44.252873563218394,,,30.312499999999996,30.625000000000004,,37.4375,15.5,27.58620689655173,16.0,70.11494252873564,24.13793103448276,50.0,28.160919540229884
194801,Harry Wilson,harry-wilson,139.0,"5' 8""",68.0,28.0,1997-03-22T08:00Z,Wales,F,370,25,11,22,2,0,0,1,1,16,41,6,0,1,21,Fulham,0.3902439024390244,0.14634146341463414,0.375,,2,92.375,77.11442786069652,57.46268656716418,57.54716981132076,72.636815920398,57.711442786069654,68.55345911949685,61.61971830985915,92.375,68.375,70.40816326530613,80.3125,60.18750000000001,38.059701492537314,,66.16915422885572,32.58706467661692,52.48756218905473,45.77114427860697
194823,Carlton Morris,carlton-morris,185.0,"6' 1""",73.0,30.0,1995-12-16T08:00Z,England,F,301,38,44,43,4,0,0,4,13,31,74,11,0,5,68,Luton Town,0.4189189189189189,0.14864864864864866,0.3548387096774194,,4,97.8125,92.03980099502488,84.32835820895522,69.81132075471697,91.04477611940298,97.51243781094527,71.0691823899371,58.45070422535211,97.8125,91.125,76.80890538033395,94.0625,96.0625,0.0,,94.27860696517413,13.18407960199005,52.48756218905473,0.0
195816,Lawrence Vigouroux,lawrence-vigouroux,170.0,"6' 4""",76.0,32.0,1993-11-19T08:00Z,Chile,G,379,0,0,0,0,0,0,0,0,0,0,0,0,0,0,Burnley,,,,,0,30.312499999999996,50.57471264367817,47.701149425287355,,29.310344827586203,44.252873563218394,,,30.312499999999996,30.625000000000004,,14.499999999999998,15.5,77.01149425287356,,21.839080459770116,63.793103448275865,50.0,67.24137931034483
195821,Marco Asensio,marco-asensio,168.0,"6' 0""",72.0,30.0,1996-01-21T08:00Z,Spain,M,362,13,11,8,2,0,0,1,2,8,22,3,0,3,8,Aston Villa,0.36363636363636365,0.13636363636363635,0.375,,2,83.8125,81.85654008438819,58.64978902953587,74.16666666666667,46.20253164556962,48.10126582278481,82.77777777777777,72.5,83.8125,68.375,64.93506493506493,56.99999999999999,60.18750000000001,60.33755274261603,,58.22784810126582,51.265822784810126,54.641350210970465,38.81856540084389
196081,Joachim Andersen,joachim-andersen,190.0,"6' 4""",76.0,29.0,1996-05-31T07:00Z,Denmark,D,370,30,20,19,7,1,1,0,7,6,21,0,0,28,45,Fulham,0.2857142857142857,0.0,0.0,,9,30.312499999999996,35.090909090909086,34.18181818181818,55.38461538461539,83.27272727272728,77.0909090909091,28.974358974358978,23.548387096774192,30.312499999999996,30.625000000000004,45.82560296846011,76.625,76.5,10.181818181818187,,94.9090909090909,7.454545454545453,4.7272727272727195,4.181818181818187
196081,Joachim Andersen,joachim-andersen,190.0,"6' 4""",76.0,29.0,1996-05-31T07:00Z,Denmark,D,384,1,2,0,1,0,0,0,0,1,1,0,0,0,2,Crystal Palace,1.0,0.0,0.0,,1,30.312499999999996,35.090909090909086,34.18181818181818,98.2051282051282,14.000000000000002,31.454545454545457,28.974358974358978,23.548387096774192,30.312499999999996,30.625000000000004,97.77365491651206,14.499999999999998,37.25,73.27272727272728,,15.272727272727273,59.81818181818182,54.36363636363637,77.63636363636364
196176,David Raya,david-raya,174.0,"6' 0""",72.0,30.0,1995-09-15T07:00Z,Spain,G,359,38,1,10,3,0,0,0,3,0,0,0,314,87,34,Arsenal,,,,0.71900826446281,3,30.312499999999996,50.57471264367817,47.701149425287355,,98.27586206896551,90.80459770114942,,,30.312499999999996,30.625000000000004,,61.4375,33.0625,20.11494252873564,70.0,81.60919540229885,9.770114942528735,50.0,18.39080459770115
196860,Diego Carlos,diego-carlos,172.0,"6' 1""",73.0,32.0,1993-03-15T08:00Z,Brazil,D,362,10,11,1,1,0,0,0,3,1,4,0,0,7,15,Aston Villa,0.25,0.0,0.0,,1,30.312499999999996,35.090909090909086,34.18181818181818,46.92307692307692,30.727272727272727,60.18181818181818,28.974358974358978,23.548387096774192,30.312499999999996,30.625000000000004,37.569573283859,31.6875,60.18750000000001,49.63636363636363,,59.63636363636363,59.81818181818182,54.36363636363637,22.909090909090907
196876,Alisson Becker,alisson-becker,201.0,"6' 4""",76.0,33.0,1992-10-02T07:00Z,Brazil,G,364,28,0,2,0,0,0,0,2,0,0,0,233,78,27,Liverpool,,,,0.7428571428571429,0,30.312499999999996,50.57471264367817,47.701149425287355,,72.98850574712644,44.252873563218394,,,30.312499999999996,30.625000000000004,,37.4375,15.5,25.287356321839084,82.0,79.3103448275862,63.793103448275865,50.0,20.689655172413794
197163,Timothy Castagne,timothy-castagne,174.0,"6' 1""",73.0,30.0,1995-12-05T08:00Z,Belgium,D,370,24,16,6,1,0,0,1,0,2,7,0,0,6,27,Fulham,0.2857142857142857,0.0,0.0,,1,30.312499999999996,35.090909090909086,76.36363636363637,55.38461538461539,56.36363636363636,68.54545454545455,28.974358974358978,23.548387096774192,30.312499999999996,68.375,45.82560296846011,52.25,69.25,31.818181818181827,,55.27272727272727,59.81818181818182,54.36363636363637,77.63636363636364
197399,Jefferson Lerma,jefferson-lerma,152.0,"5' 10""",70.0,31.0,1994-10-25T07:00Z,Colombia,M,384,33,33,39,9,0,0,1,8,7,24,0,0,18,33,Crystal Palace,0.2916666666666667,0.0,0.0,,9,30.312499999999996,26.582278481012654,58.64978902953587,48.888888888888886,88.81856540084388,81.0126582278481,19.166666666666668,15.312500000000002,30.312499999999996,68.375,47.77365491651206,93.0,90.625,21.729957805907176,,97.67932489451476,6.540084388185647,54.641350210970465,3.5864978902953624
197717,Dominic Calvert-Lewin,dominic-calvert-lewin,157.0,"6' 2""",74.0,28.0,1997-03-16T08:00Z,England,F,368,26,25,23,2,0,0,1,0,19,50,3,0,2,18,Everton,0.38,0.06,0.15789473684210525,,2,83.8125,62.68656716417911,57.46268656716418,52.20125786163522,74.87562189054727,87.56218905472637,30.18867924528302,19.014084507042252,83.8125,68.375,68.08905380333951,81.375,83.5,43.53233830845771,,78.85572139303483,32.58706467661692,52.48756218905473,76.86567164179104
197924,Reece Burke,reece-burke,179.0,"6' 2""",74.0,29.0,1996-09-02T07:00Z,England,D,301,22,19,12,5,0,0,4,1,3,12,0,0,18,36,Luton Town,0.25,0.0,0.0,,5,30.312499999999996,35.090909090909086,96.36363636363636,46.92307692307692,71.45454545454545,74.72727272727273,28.974358974358978,23.548387096774192,30.312499999999996,91.125,37.569573283859,65.6875,74.6875,22.181818181818187,,86.0,17.818181818181827,54.36363636363637,47.27272727272728
198138,Dan Burn,dan-burn,192.0,"6' 6""",78.0,33.0,1992-05-09T07:00Z,England,D,361,37,33,12,11,0,2,1,1,9,27,1,0,25,43,Newcastle United,0.3333333333333333,0.037037037037037035,0.1111111111111111,,11,67.375,78.0,76.36363636363637,65.64102564102564,71.45454545454545,94.54545454545455,59.48717948717949,47.096774193548384,67.375,68.375,57.977736549165115,65.6875,90.625,13.272727272727266,,92.9090909090909,0.0,54.36363636363637,47.27272727272728
198825,Ollie Watkins,ollie-watkins,163.0,"5' 11""",71.0,29.0,1995-12-30T08:00Z,England,F,362,38,29,33,2,0,0,10,6,38,85,16,0,3,40,Aston Villa,0.4470588235294118,0.18823529411764706,0.42105263157894735,,2,99.25,97.01492537313433,98.50746268656717,76.10062893081762,86.81592039800995,91.54228855721394,83.64779874213836,71.47887323943662,99.25,99.25,81.26159554730982,90.3125,87.6875,9.701492537313428,,86.31840796019901,32.58706467661692,52.48756218905473,6.96517412935323
199833,Bernardo Silva,bernardo-silva,141.0,"5' 8""",68.0,31.0,1994-08-10T07:00Z,Portugal,M,382,33,25,32,7,0,0,4,1,10,31,4,0,7,36,Manchester City,0.3225806451612903,0.12903225806451613,0.4,,7,87.8125,87.55274261603375,88.18565400843882,61.38888888888889,84.38818565400844,72.57383966244726,80.55555555555556,75.3125,87.8125,91.125,54.823747680890534,89.625,83.5,18.35443037974683,,78.05907172995781,15.189873417721529,54.641350210970465,53.37552742616033
199850,Jack Harrison,jack-harrison,152.0,"5' 9""",69.0,29.0,1996-11-20T08:00Z,England,F,368,34,13,28,0,0,0,0,7,7,27,1,0,0,27,Everton,0.25925925925925924,0.037037037037037035,0.14285714285714285,,0,67.375,46.766169154228855,24.875621890547265,27.9874213836478,80.84577114427861,63.18407960199005,27.044025157232703,17.95774647887324,67.375,30.625000000000004,40.1669758812616,86.5,64.0,25.124378109452735,,29.35323383084577,79.35323383084577,52.48756218905473,3.980099502487562
200911,Joseph Johnson,joseph-johnson,139.0,"6' 2""",74.0,19.0,2006-02-21T08:00Z,England,D,301,2,1,0,1,0,0,0,1,0,0,0,0,0,5,Luton Town,,,,,1,30.312499999999996,35.090909090909086,34.18181818181818,,14.000000000000002,27.27272727272727,,,30.312499999999996,30.625000000000004,,14.499999999999998,33.0625,66.0,,15.272727272727273,59.81818181818182,54.36363636363637,47.27272727272728
201089,Jarrod Bowen,jarrod-bowen,152.0,"5' 9""",69.0,28.0,1996-12-20T08:00Z,England,F,371,34,19,51,1,0,0,8,6,36,86,13,0,3,48,West Ham United,0.4186046511627907,0.1511627906976744,0.3611111111111111,,1,98.5625,94.77611940298507,96.51741293532339,69.18238993710692,96.51741293532339,75.62189054726367,71.69811320754717,59.154929577464785,98.5625,98.25,76.62337662337663,97.3125,74.6875,3.4825870646766077,,86.31840796019901,50.0,52.48756218905473,6.96517412935323
201304,Morato,morato,192.0,"6' 4""",76.0,24.0,2001-06-30T07:00Z,Brazil,D,393,26,11,2,5,0,0,0,2,1,2,0,0,5,14,Nottingham Forest,0.5,0.0,0.0,,5,30.312499999999996,35.090909090909086,34.18181818181818,86.92307692307692,37.45454545454546,60.18181818181818,28.974358974358978,23.548387096774192,30.312499999999996,30.625000000000004,88.49721706864564,37.4375,60.18750000000001,50.54545454545455,,51.63636363636363,17.818181818181827,54.36363636363637,32.90909090909091
202232,Joelinton,joelinton,179.0,"6' 1""",73.0,29.0,1996-08-14T07:00Z,Brazil,M,361,29,58,35,10,0,0,3,3,13,46,4,0,8,30,Newcastle United,0.2826086956521739,0.08695652173913043,0.3076923076923077,,10,87.8125,87.55274261603375,81.85654008438819,45.55555555555556,86.49789029535864,97.46835443037975,66.66666666666666,61.875,87.8125,86.625,43.970315398886825,91.5,99.0,27.63713080168776,,82.0675105485232,3.375527426160346,54.641350210970465,29.324894514767934
202332,Harry Winks,harry-winks,141.0,"5' 10""",70.0,30.0,1996-02-02T08:00Z,England,M,375,22,9,13,4,0,0,2,3,4,10,0,0,7,32,Leicester City,0.4,0.0,0.0,,4,30.312499999999996,26.582278481012654,71.94092827004219,80.83333333333333,57.17299578059072,45.14767932489451,19.166666666666668,15.312500000000002,30.312499999999996,79.75,73.37662337662337,67.6875,56.25,23.41772151898735,,78.05907172995781,32.27848101265823,54.641350210970465,29.324894514767934
203669,Martin Ødegaard,martin-ødegaard,150.0,"5' 10""",70.0,26.0,1998-12-17T08:00Z,Norway,M,359,30,12,24,4,0,0,8,12,15,48,3,0,0,21,Arsenal,0.3125,0.0625,0.2,,4,83.8125,81.85654008438819,97.67932489451476,57.49999999999999,73.83966244725738,50.210970464135016,50.55555555555556,41.875,83.8125,98.25,52.96846011131725,82.5,62.31250000000001,43.459915611814345,,17.29957805907173,32.27848101265823,54.641350210970465,0.6329113924050631
204082,Guglielmo Vicario,guglielmo-vicario,183.0,"6' 4""",76.0,29.0,1996-10-07T07:00Z,Italy,G,367,24,0,2,1,0,0,0,0,0,0,0,243,70,35,Tottenham Hotspur,,,,0.6666666666666666,1,30.312499999999996,50.57471264367817,47.701149425287355,,72.98850574712644,44.252873563218394,,,30.312499999999996,30.625000000000004,,37.4375,15.5,18.39080459770115,42.0,75.86206896551724,24.13793103448276,50.0,67.24137931034483
204286,James Bree,james-bree,161.0,"5' 10""",70.0,28.0,1997-12-11T08:00Z,England,D,376,17,4,5,0,0,0,1,1,0,3,0,0,3,31,Southampton,0.0,0.0,,,0,30.312499999999996,35.090909090909086,76.36363636363637,10.512820512820513,51.81818181818182,37.45454545454546,28.974358974358978,,30.312499999999996,68.375,7.421150278293136,49.25,43.25,28.0,,42.18181818181818,84.36363636363636,54.36363636363637,47.27272727272728
204661,Marvelous Nakamba,marvelous-nakamba,157.0,"5' 10""",70.0,32.0,1994-01-19T08:00Z,Zimbabwe,M,301,13,23,9,5,0,0,0,1,0,4,0,0,6,23,Luton Town,0.0,0.0,,,5,30.312499999999996,26.582278481012654,25.738396624472575,5.833333333333333,48.52320675105485,69.62025316455697,19.166666666666668,,30.312499999999996,30.625000000000004,7.421150278293136,59.0,80.4375,40.50632911392405,,73.20675105485233,25.105485232067508,54.641350210970465,53.37552742616033
204679,Victor Lindelöf,victor-lindelof,174.0,"6' 2""",74.0,31.0,1994-07-17T07:00Z,Sweden,D,360,16,8,1,1,0,0,0,0,0,0,0,0,4,9,Manchester United,,,,,1,30.312499999999996,35.090909090909086,34.18181818181818,,30.727272727272727,51.81818181818182,,,30.312499999999996,30.625000000000004,,31.6875,53.625,59.45454545454545,,47.45454545454545,59.81818181818182,54.36363636363637,77.63636363636364
205081,Jack Fletcher,jack-fletcher,172.0,"5' 11""",71.0,18.0,2007-03-19T07:00Z,England,M,360,0,0,0,0,0,0,0,0,0,0,0,0,0,0,Manchester United,,,,,0,30.312499999999996,26.582278481012654,25.738396624472575,,12.025316455696203,11.814345991561181,,,30.312499999999996,30.625000000000004,,14.499999999999998,15.5,89.0295358649789,,17.29957805907173,83.33333333333334,54.641350210970465,80.80168776371309
205646,Jeff Schlupp,jeff-schlupp,159.0,"5' 10""",70.0,33.0,1992-12-23T08:00Z,Ghana,M,384,12,1,0,0,0,0,0,0,1,4,0,0,1,3,Crystal Palace,0.25,0.0,0.0,,0,30.312499999999996,26.582278481012654,25.738396624472575,39.44444444444444,12.025316455696203,25.31645569620253,19.166666666666668,15.312500000000002,30.312499999999996,30.625000000000004,37.569573283859,14.499999999999998,33.0625,70.042194092827,,40.29535864978903,83.33333333333334,54.641350210970465,80.80168776371309
205981,Remi Matthews,remi-matthews,172.0,"6' 0""",72.0,31.0,1994-02-10T08:00Z,England,G,384,0,0,0,0,0,0,0,0,0,0,0,0,0,0,Crystal Palace,,,,,0,30.312499999999996,50.57471264367817,47.701149425287355,,29.310344827586203,44.252873563218394,,,30.312499999999996,30.625000000000004,,14.499999999999998,15.5,77.01149425287356,,21.839080459770116,63.793103448275865,50.0,67.24137931034483
206173,Kristoffer Ajer,kristoffer-ajer,203.0,"6' 6""",78.0,27.0,1998-04-17T07:00Z,Norway,D,337,24,13,6,5,0,0,0,2,3,9,0,0,4,23,Brentford,0.3333333333333333,0.0,0.0,,5,30.312499999999996,35.090909090909086,34.18181818181818,65.64102564102564,56.36363636363636,64.36363636363637,28.974358974358978,23.548387096774192,30.312499999999996,30.625000000000004,57.977736549165115,52.25,64.0,37.81818181818182,,47.45454545454545,17.818181818181827,54.36363636363637,32.90909090909091
206227,Ola Aina,ola-aina,181.0,"6' 0""",72.0,29.0,1996-10-08T07:00Z,Nigeria,D,393,35,22,35,5,0,0,1,2,2,11,2,0,12,39,Nottingham Forest,0.18181818181818182,0.18181818181818182,1.0,,5,77.8125,90.18181818181819,76.36363636363637,34.61538461538461,96.18181818181817,79.81818181818183,87.43589743589743,93.54838709677419,77.8125,68.375,24.95361781076067,91.5,78.8125,18.545454545454547,,76.0,17.818181818181827,54.36363636363637,32.90909090909091
206761,Rico Henry,rico-henry,148.0,"5' 7""",67.0,28.0,1997-07-08T07:00Z,Jamaica,D,337,5,2,2,0,0,0,0,0,0,0,0,0,1,3,Brentford,,,,,0,30.312499999999996,35.090909090909086,34.18181818181818,,37.45454545454546,31.454545454545457,,,30.312499999999996,30.625000000000004,,37.4375,37.25,70.9090909090909,,32.90909090909091,84.36363636363636,54.36363636363637,77.63636363636364
207146,Josh Cullen,josh-cullen,152.0,"5' 9""",69.0,29.0,1996-04-07T08:00Z,Republic of Ireland,M,379,25,23,49,9,0,0,3,5,5,16,2,0,19,45,Burnley,0.3125,0.125,0.4,,9,77.8125,73.83966244725738,81.85654008438819,57.49999999999999,93.24894514767934,69.62025316455697,79.72222222222223,75.3125,77.8125,86.625,52.96846011131725,96.375,80.4375,8.860759493670884,,98.31223628691983,6.540084388185647,54.641350210970465,15.822784810126578
207350,Cameron Burgess,cameron-burgess,203.0,"6' 4""",76.0,30.0,1995-10-21T07:00Z,Australia,D,373,18,6,4,0,0,0,2,4,2,11,0,0,16,36,Ipswich Town,0.18181818181818182,0.0,0.0,,0,30.312499999999996,35.090909090909086,88.72727272727273,34.61538461538461,47.090909090909086,45.09090909090909,28.974358974358978,23.548387096774192,30.312499999999996,79.75,24.95361781076067,45.8125,48.1875,22.181818181818187,,83.27272727272728,84.36363636363636,54.36363636363637,15.63636363636364
207592,Mason Holgate,mason-holgate,181.0,"6' 2""",74.0,29.0,1996-10-22T07:00Z,Jamaica,D,368,1,0,0,0,0,0,0,0,0,0,0,0,0,1,Everton,,,,,0,30.312499999999996,35.090909090909086,34.18181818181818,,14.000000000000002,12.909090909090908,,,30.312499999999996,30.625000000000004,,14.499999999999998,15.5,76.72727272727272,,15.272727272727273,84.36363636363636,54.36363636363637,77.63636363636364
207592,Mason Holgate,mason-holgate,181.0,"6' 2""",74.0,29.0,1996-10-22T07:00Z,Jamaica,D,398,10,8,4,3,1,0,0,1,0,3,0,0,5,25,Sheffield United,0.0,0.0,,,5,30.312499999999996,35.090909090909086,34.18181818181818,10.512820512820513,47.090909090909086,51.81818181818182,28.974358974358978,,30.312499999999996,30.625000000000004,7.421150278293136,45.8125,53.625,34.90909090909091,,51.63636363636363,35.81818181818181,4.7272727272727195,47.27272727272728
208133,Diogo Jota,diogo-jota,150.0,"5' 10""",70.0,28.0,1996-12-04T08:00Z,Portugal,F,364,26,23,14,2,0,0,3,2,12,49,6,0,0,11,Liverpool,0.24489795918367346,0.12244897959183673,0.5,,2,92.375,77.11442786069652,77.11442786069652,21.38364779874214,60.447761194029844,82.58706467661692,57.23270440251572,86.97183098591549,92.375,86.625,34.9721706864564,69.4375,80.4375,53.98009950248756,,29.35323383084577,32.58706467661692,52.48756218905473,28.606965174129357
209485,Sam Curtis,sam-curtis,0.0,"6' 1""",73.0,20.0,2005-12-01T08:00Z,Republic of Ireland,D,398,1,0,0,0,0,0,0,0,0,0,0,0,0,0,Sheffield United,,,,,0,30.312499999999996,35.090909090909086,34.18181818181818,,14.000000000000002,12.909090909090908,,,30.312499999999996,30.625000000000004,,14.499999999999998,15.5,89.27272727272728,,15.272727272727273,84.36363636363636,54.36363636363637,77.63636363636364
209581,Mikel Merino,mikel-merino,183.0,"6' 2""",74.0,29.0,1996-06-22T07:00Z,Spain,M,359,28,41,23,3,1,0,2,6,11,36,7,0,5,17,Arsenal,0.3055555555555556,0.19444444444444445,0.6363636363636364,,5,93.875,95.56962025316456,71.94092827004219,53.888888888888886,72.36286919831224,87.9746835443038,93.33333333333333,93.75,93.875,79.75,51.02040816326531,81.375,95.1875,48.10126582278481,,68.77637130801688,41.983122362869196,4.852320675105489,10.548523206751057
210143,Andreas Pereira,andreas-pereira,157.0,"5' 10""",70.0,29.0,1996-01-01T08:00Z,Brazil,M,370,33,28,24,8,0,0,4,4,7,38,2,0,3,32,Fulham,0.18421052631578946,0.05263157894736842,0.2857142857142857,,8,77.8125,73.83966244725738,88.18565400843882,24.444444444444443,73.83966244725738,74.89451476793249,44.72222222222222,58.12500000000001,77.8125,91.125,25.60296846011132,82.5,86.875,23.41772151898735,,58.22784810126582,10.759493670886073,54.641350210970465,22.573839662447256
211756,Conor Chaplin,conor-chaplin,152.0,"5' 6""",66.0,28.0,1997-02-16T08:00Z,England,F,373,22,10,7,2,0,0,1,0,3,15,1,0,1,19,Ipswich Town,0.2,0.06666666666666667,0.3333333333333333,,2,67.375,46.766169154228855,57.46268656716418,16.9811320754717,44.02985074626866,55.472636815920396,33.9622641509434,51.056338028169016,67.375,68.375,28.107606679035253,54.87499999999999,58.25,41.29353233830846,,66.16915422885572,32.58706467661692,52.48756218905473,76.86567164179104
212185,Guido Rodríguez,guido-rodriguez,174.0,"6' 1""",73.0,31.0,1994-04-12T07:00Z,Argentina,M,371,23,17,12,6,0,0,1,0,1,8,0,0,9,19,West Ham United,0.125,0.0,0.0,,6,30.312499999999996,26.582278481012654,58.64978902953587,18.333333333333332,55.27426160337553,60.970464135021096,19.166666666666668,15.312500000000002,30.312499999999996,68.375,19.20222634508349,65.6875,71.375,45.780590717299575,,85.44303797468355,20.042194092827003,54.641350210970465,80.80168776371309
212953,Ben Godfrey,ben-godfrey,161.0,"6' 0""",72.0,27.0,1998-01-15T08:00Z,England,D,373,3,1,0,1,0,0,0,0,0,0,0,0,1,10,Ipswich Town,,,,,1,30.312499999999996,35.090909090909086,34.18181818181818,,14.000000000000002,27.27272727272727,,,30.312499999999996,30.625000000000004,,14.499999999999998,33.0625,57.45454545454545,,32.90909090909091,59.81818181818182,54.36363636363637,77.63636363636364
213141,Gonçalo Guedes,goncalo-guedes,150.0,"5' 10""",70.0,29.0,1996-11-29T08:00Z,Portugal,F,380,29,15,17,1,0,0,4,3,7,26,2,0,0,25,Wolverhampton Wanderers,0.2692307692307692,0.07692307692307693,0.2857142857142857,,1,77.8125,56.46766169154229,84.32835820895522,29.559748427672954,63.93034825870647,68.40796019900498,38.9937106918239,42.25352112676056,77.8125,91.125,41.55844155844156,73.75,67.0,28.855721393034827,,29.35323383084577,50.0,52.48756218905473,16.91542288557214
213718,Ibrahim Sangaré,ibrahim-sangare,170.0,"6' 3""",75.0,28.0,1997-12-02T08:00Z,Ivory Coast,M,393,13,14,8,3,0,0,1,0,1,1,0,0,4,6,Nottingham Forest,1.0,0.0,0.0,,3,30.312499999999996,26.582278481012654,58.64978902953587,97.77777777777777,46.20253164556962,52.742616033755276,19.166666666666668,15.312500000000002,30.312499999999996,68.375,97.77365491651206,56.99999999999999,65.3125,63.291139240506325,,64.34599156118144,41.983122362869196,54.641350210970465,80.80168776371309
213924,Daniel Podence,daniel-podence,128.0,"5' 5""",65.0,30.0,1995-10-21T07:00Z,Portugal,F,380,2,0,2,0,0,0,0,0,0,1,0,0,0,2,Wolverhampton Wanderers,0.0,0.0,,,0,30.312499999999996,20.149253731343283,24.875621890547265,5.660377358490567,31.343283582089555,11.691542288557214,12.264150943396226,,30.312499999999996,30.625000000000004,7.421150278293136,37.4375,15.5,73.6318407960199,,29.35323383084577,79.35323383084577,52.48756218905473,76.86567164179104
214375,Emiliano Buendía,emiliano-buendia,159.0,"5' 8""",68.0,28.0,1996-12-25T08:00Z,Argentina,M,362,12,3,6,1,0,0,0,0,0,5,0,0,1,2,Aston Villa,0.0,0.0,,,1,30.312499999999996,26.582278481012654,25.738396624472575,5.833333333333333,41.77215189873418,32.06751054852321,19.166666666666668,,30.312499999999996,30.625000000000004,7.421150278293136,52.25,40.8125,73.41772151898735,,40.29535864978903,61.392405063291136,54.641350210970465,80.80168776371309
214562,Manuel Akanji,manuel-akanji,201.0,"6' 2""",74.0,30.0,1995-07-19T07:00Z,Switzerland,D,382,26,17,9,3,0,0,0,1,2,15,0,0,9,27,Manchester City,0.13333333333333333,0.0,0.0,,3,30.312499999999996,35.090909090909086,34.18181818181818,26.153846153846157,64.18181818181819,71.0909090909091,28.974358974358978,23.548387096774192,30.312499999999996,30.625000000000004,19.666048237476808,59.0,71.375,31.818181818181827,,66.72727272727272,35.81818181818181,54.36363636363637,47.27272727272728
214689,Pervis Estupiñán,pervis-estupinan,161.0,"5' 9""",69.0,28.0,1998-01-21T08:00Z,Ecuador,D,331,30,37,20,5,0,0,1,3,7,28,1,0,6,43,Brighton & Hove Albion,0.25,0.03571428571428571,0.14285714285714285,,5,67.375,78.0,76.36363636363637,46.92307692307692,84.9090909090909,98.36363636363636,58.97435897435898,48.70967741935484,67.375,68.375,37.569573283859,78.1875,93.5625,13.272727272727266,,55.27272727272727,17.818181818181827,54.36363636363637,22.909090909090907
214794,Kieran Tierney,kieran-tierney,152.0,"5' 10""",70.0,28.0,1997-06-05T07:00Z,Scotland,D,359,13,1,2,0,0,0,0,0,1,2,1,0,0,1,Arsenal,0.5,0.5,1.0,,0,67.375,78.0,34.18181818181818,86.92307692307692,37.45454545454546,27.27272727272727,98.97435897435898,93.54838709677419,67.375,30.625000000000004,88.49721706864564,37.4375,33.0625,76.72727272727272,,15.272727272727273,84.36363636363636,54.36363636363637,77.63636363636364
215340,André Onana,andre-onana,203.0,"6' 3""",75.0,29.0,1996-04-02T08:00Z,Cameroon,G,360,34,0,2,0,0,0,0,5,0,0,0,326,89,43,Manchester United,,,,0.6742424242424242,0,30.312499999999996,50.57471264367817,47.701149425287355,,72.98850574712644,44.252873563218394,,,30.312499999999996,30.625000000000004,,37.4375,15.5,14.942528735632195,46.0,83.9080459770115,63.793103448275865,50.0,10.34482758620689
215716,Jacob Brown,jacob-brown,137.0,"5' 10""",70.0,27.0,1998-04-10T07:00Z,Scotland,F,301,19,19,19,4,0,0,0,2,6,25,2,0,1,26,Luton Town,0.24,0.08,0.3333333333333333,,4,77.8125,56.46766169154229,24.875621890547265,20.125786163522015,68.40796019900498,75.62189054726367,40.56603773584906,51.056338028169016,77.8125,30.625000000000004,34.137291280148425,76.625,74.6875,27.114427860696523,,66.16915422885572,13.18407960199005,52.48756218905473,28.606965174129357
215772,Rodrigo Bentancur,rodrigo-bentancur,159.0,"6' 2""",74.0,28.0,1997-06-25T07:00Z,Uruguay,M,367,26,34,10,9,0,0,1,2,5,22,2,0,8,26,Tottenham Hotspur,0.22727272727272727,0.09090909090909091,0.4,,9,77.8125,73.83966244725738,58.64978902953587,35.27777777777778,51.68776371308017,82.48945147679325,68.61111111111111,75.3125,77.8125,68.375,33.209647495361786,61.4375,91.75,36.49789029535865,,82.0675105485232,6.540084388185647,54.641350210970465,38.81856540084389
216120,Benson Manuel,benson-manuel,150.0,"5' 10""",70.0,28.0,1997-03-28T08:00Z,Angola,F,379,8,1,4,0,0,0,0,1,2,4,0,0,0,5,Burnley,0.5,0.0,0.0,,0,30.312499999999996,20.149253731343283,24.875621890547265,89.62264150943396,37.06467661691542,25.870646766169152,12.264150943396226,7.746478873239436,30.312499999999996,30.625000000000004,88.49721706864564,45.8125,33.0625,63.18407960199005,,29.35323383084577,79.35323383084577,52.48756218905473,45.77114427860697
217289,Gabriel Jesus,gabriel-jesus,161.0,"5' 9""",69.0,28.0,1997-04-03T08:00Z,Brazil,F,359,17,13,10,4,0,0,0,3,6,17,3,0,1,5,Arsenal,0.35294117647058826,0.17647058823529413,0.5,,4,83.8125,62.68656716417911,24.875621890547265,45.28301886792453,50.74626865671642,63.18407960199005,79.24528301886792,86.97183098591549,83.8125,30.625000000000004,62.80148423005566,61.4375,64.0,63.18407960199005,,66.16915422885572,13.18407960199005,52.48756218905473,16.91542288557214
217482,Oleksandr Zinchenko,oleksandr-zinchenko,139.0,"5' 9""",69.0,29.0,1996-12-15T08:00Z,Ukraine,D,359,15,8,3,1,0,0,1,3,0,10,0,0,2,1,Arsenal,0.0,0.0,,,1,30.312499999999996,35.090909090909086,76.36363636363637,10.512820512820513,42.90909090909091,51.81818181818182,28.974358974358978,,30.312499999999996,68.375,7.421150278293136,42.1875,53.625,76.72727272727272,,37.63636363636363,59.81818181818182,54.36363636363637,22.909090909090907
218122,Enes Ünal,enes-unal,172.0,"6' 2""",74.0,28.0,1997-05-10T07:00Z,Türkiye,F,349,17,6,9,2,0,0,1,1,7,20,2,0,0,3,AFC Bournemouth,0.35,0.1,0.2857142857142857,,2,77.8125,56.46766169154229,57.46268656716418,44.0251572327044,48.756218905472636,43.28358208955223,48.113207547169814,42.25352112676056,77.8125,68.375,62.33766233766234,59.0,48.1875,69.65174129353234,,29.35323383084577,32.58706467661692,52.48756218905473,45.77114427860697
218188,Rob Holding,rob-holding,179.0,"6' 2""",74.0,30.0,1995-09-20T07:00Z,England,D,384,0,0,0,0,0,0,0,0,0,0,0,0,0,0,Crystal Palace,,,,,0,30.312499999999996,35.090909090909086,34.18181818181818,,14.000000000000002,12.909090909090908,,,30.312499999999996,30.625000000000004,,14.499999999999998,15.5,89.27272727272728,,15.272727272727273,84.36363636363636,54.36363636363637,77.63636363636364
218522,Bruno Guimarães,bruno-guimaraes,161.0,"6' 0""",72.0,28.0,1997-11-16T08:00Z,Brazil,M,361,38,63,108,7,0,0,6,10,13,44,5,0,11,44,Newcastle United,0.29545454545454547,0.11363636363636363,0.38461538461538464,,7,90.4375,91.56118143459916,92.61603375527426,50.0,100.0,98.31223628691983,76.11111111111111,73.4375,90.4375,95.3125,48.608534322820034,100.0,99.25,9.915611814345993,,92.61603375527426,15.189873417721529,54.641350210970465,1.4767932489451567
218998,Sander Berge,sander-berge,212.0,"6' 5""",77.0,27.0,1998-02-14T08:00Z,Norway,M,370,31,30,10,6,0,0,0,0,1,4,0,0,8,33,Fulham,0.25,0.0,0.0,,6,30.312499999999996,26.582278481012654,25.738396624472575,39.44444444444444,51.68776371308017,77.42616033755274,19.166666666666668,15.312500000000002,30.312499999999996,30.625000000000004,37.569573283859,61.4375,88.5,21.729957805907176,,82.0675105485232,20.042194092827003,54.641350210970465,80.80168776371309
218998,Sander Berge,sander-berge,212.0,"6' 5""",77.0,27.0,1998-02-14T08:00Z,Norway,M,379,37,39,19,9,1,0,2,2,3,25,1,0,20,67,Burnley,0.12,0.04,0.3333333333333333,,11,67.375,60.970464135021096,71.94092827004219,17.77777777777778,67.72151898734177,86.07594936708861,40.27777777777778,65.625,67.375,79.75,18.738404452690165,76.625,94.3125,1.4767932489451567,,99.15611814345992,6.540084388185647,4.852320675105489,38.81856540084389
219362,Daichi Kamada,daichi-kamada,168.0,"6' 0""",72.0,29.0,1996-08-05T07:00Z,Japan,M,384,34,27,21,4,1,0,0,1,4,20,0,0,5,26,Crystal Palace,0.2,0.0,0.0,,6,30.312499999999996,26.582278481012654,25.738396624472575,27.77777777777778,70.25316455696202,74.0506329113924,19.166666666666668,15.312500000000002,30.312499999999996,30.625000000000004,28.107606679035253,79.4375,85.75,36.49789029535865,,68.77637130801688,32.27848101265823,4.852320675105489,53.37552742616033
219390,Alex Palmer,alex-palmer,159.0,"6' 3""",75.0,29.0,1996-08-10T07:00Z,England,G,373,14,0,4,2,0,0,0,0,0,0,0,203,46,28,Ipswich Town,,,,0.6216216216216216,2,30.312499999999996,50.57471264367817,47.701149425287355,,87.35632183908046,44.252873563218394,,,30.312499999999996,30.625000000000004,,45.8125,15.5,24.13793103448276,20.0,71.26436781609196,16.091954022988503,50.0,67.24137931034483
220626,Adama Traoré,adama-traore,190.0,"5' 10""",70.0,29.0,1996-01-25T08:00Z,Spain,F,370,36,24,32,3,0,0,8,2,10,35,2,0,0,27,Fulham,0.2857142857142857,0.05714285714285714,0.2,,3,77.8125,56.46766169154229,96.51741293532339,33.0188679245283,85.3233830845771,84.82587064676616,29.559748427672954,25.0,77.8125,98.25,45.82560296846011,89.625,82.0625,25.124378109452735,,29.35323383084577,20.149253731343293,52.48756218905473,28.606965174129357
221738,Paul Onuachu,paul-onuachu,214.0,"6' 7""",79.0,31.0,1994-05-28T07:00Z,Nigeria,F,376,25,28,16,4,0,0,1,3,14,36,4,0,2,26,Southampton,0.3888888888888889,0.1111111111111111,0.2857142857142857,,4,87.8125,68.65671641791045,57.46268656716418,56.289308176100626,62.68656716417911,91.04477611940298,52.20125786163522,42.25352112676056,87.8125,68.375,69.9443413729128,72.3125,86.875,27.114427860696523,,78.85572139303483,13.18407960199005,52.48756218905473,16.91542288557214
221788,Jan Bednarek,jan-bednarek,183.0,"6' 2""",74.0,29.0,1996-04-12T07:00Z,Poland,D,376,30,30,13,7,0,0,0,2,2,5,2,0,38,57,Southampton,0.4,0.4,1.0,,7,77.8125,90.18181818181819,34.18181818181818,76.92307692307693,73.81818181818181,92.36363636363636,97.94871794871794,93.54838709677419,77.8125,30.625000000000004,73.37662337662337,67.6875,88.5,5.0909090909090935,,97.63636363636363,7.454545454545453,54.36363636363637,32.90909090909091
222176,Christopher Nkunku,christopher-nkunku,150.0,"5' 10""",70.0,28.0,1997-11-14T08:00Z,France,F,363,27,15,11,2,0,0,2,0,11,25,3,0,2,16,Chelsea,0.44,0.12,0.2727272727272727,,2,83.8125,62.68656716417911,69.15422885572139,73.58490566037736,53.482587064676615,68.40796019900498,56.60377358490566,36.971830985915496,83.8125,79.75,79.77736549165121,63.81250000000001,67.0,47.01492537313433,,78.85572139303483,32.58706467661692,52.48756218905473,76.86567164179104
222180,Odsonne Édouard,odsonne-edouard,183.0,"6' 2""",74.0,28.0,1998-01-16T08:00Z,France,F,375,6,6,0,0,0,0,0,0,1,5,0,0,0,3,Leicester City,0.2,0.0,0.0,,0,30.312499999999996,20.149253731343283,24.875621890547265,16.9811320754717,12.437810945273633,43.28358208955223,12.264150943396226,7.746478873239436,30.312499999999996,30.625000000000004,28.107606679035253,14.499999999999998,48.1875,69.65174129353234,,29.35323383084577,79.35323383084577,52.48756218905473,76.86567164179104
222180,Odsonne Édouard,odsonne-edouard,183.0,"6' 2""",74.0,28.0,1998-01-16T08:00Z,France,F,384,2,4,0,0,0,0,0,0,1,5,0,0,0,2,Crystal Palace,0.2,0.0,0.0,,0,30.312499999999996,20.149253731343283,24.875621890547265,16.9811320754717,12.437810945273633,38.55721393034826,12.264150943396226,7.746478873239436,30.312499999999996,30.625000000000004,28.107606679035253,14.499999999999998,43.25,73.6318407960199,,29.35323383084577,79.35323383084577,52.48756218905473,76.86567164179104
222300,Sasa Lukic,sasa-lukic,168.0,"6' 0""",72.0,29.0,1996-08-13T07:00Z,Serbia,M,370,30,65,26,12,0,0,2,1,2,18,0,0,7,36,Fulham,0.1111111111111111,0.0,0.0,,12,30.312499999999996,26.582278481012654,71.94092827004219,16.38888888888889,77.21518987341773,99.15611814345992,19.166666666666668,15.312500000000002,30.312499999999996,79.75,17.996289424860855,84.25,99.5,18.35443037974683,,78.05907172995781,0.2109704641350163,54.641350210970465,53.37552742616033
222396,Antonee Robinson,antonee-robinson,152.0,"6' 0""",72.0,28.0,1997-08-08T07:00Z,USA,D,370,36,33,20,8,0,0,10,7,2,17,0,0,7,47,Fulham,0.11764705882352941,0.0,0.0,,8,30.312499999999996,35.090909090909086,100.0,24.615384615384617,84.9090909090909,94.54545454545455,28.974358974358978,23.548387096774192,30.312499999999996,99.25,18.367346938775512,78.1875,90.625,7.818181818181813,,59.63636363636363,4.181818181818187,54.36363636363637,4.181818181818187
222670,Nélson Semedo,nelson-semedo,150.0,"5' 10""",70.0,32.0,1993-11-16T08:00Z,Portugal,D,380,34,48,30,8,0,0,4,4,7,18,0,0,10,48,Wolverhampton Wanderers,0.3888888888888889,0.0,0.0,,8,30.312499999999996,35.090909090909086,96.36363636363636,74.87179487179488,92.9090909090909,99.63636363636364,28.974358974358978,23.548387096774192,30.312499999999996,91.125,69.9443413729128,88.125,97.8125,7.0909090909090935,,70.18181818181817,4.181818181818187,54.36363636363637,15.63636363636364
222776,Tyler Adams,tyler-adams,159.0,"5' 9""",69.0,26.0,1999-02-14T08:00Z,USA,M,349,28,42,21,7,0,0,3,6,2,8,0,0,10,30,AFC Bournemouth,0.25,0.0,0.0,,7,30.312499999999996,26.582278481012654,81.85654008438819,39.44444444444444,70.25316455696202,89.0295358649789,19.166666666666668,15.312500000000002,30.312499999999996,86.625,37.569573283859,79.4375,95.5,27.63713080168776,,89.24050632911393,15.189873417721529,54.641350210970465,10.548523206751057
223445,Solly March,solly-march,192.0,"5' 11""",71.0,31.0,1994-07-20T07:00Z,England,M,331,8,2,2,2,0,0,0,0,0,2,0,0,0,3,Brighton & Hove Albion,0.0,0.0,,,2,30.312499999999996,26.582278481012654,25.738396624472575,5.833333333333333,30.168776371308013,28.902953586497894,19.166666666666668,,30.312499999999996,30.625000000000004,7.421150278293136,37.4375,37.25,70.042194092827,,17.29957805907173,51.265822784810126,54.641350210970465,80.80168776371309
223452,Lewis Cook,lewis-cook,157.0,"5' 9""",69.0,28.0,1997-02-03T08:00Z,England,M,349,36,47,10,8,1,0,3,2,4,14,1,0,12,44,AFC Bournemouth,0.2857142857142857,0.07142857142857142,0.25,,10,67.375,60.970464135021096,81.85654008438819,47.5,51.68776371308017,93.88185654008439,56.666666666666664,51.24999999999999,67.375,86.625,45.82560296846011,61.4375,97.5,9.915611814345993,,94.51476793248945,10.759493670886073,4.852320675105489,38.81856540084389
223453,Kalvin Phillips,kalvin-phillips,159.0,"5' 10""",70.0,30.0,1995-12-02T08:00Z,England,M,373,19,28,20,5,1,0,0,1,1,9,0,0,6,30,Ipswich Town,0.1111111111111111,0.0,0.0,,7,30.312499999999996,26.582278481012654,25.738396624472575,16.38888888888889,68.9873417721519,74.89451476793249,19.166666666666668,15.312500000000002,30.312499999999996,30.625000000000004,17.996289424860855,78.1875,86.875,27.63713080168776,,73.20675105485233,25.105485232067508,4.852320675105489,53.37552742616033
223453,Kalvin Phillips,kalvin-phillips,159.0,"5' 10""",70.0,30.0,1995-12-02T08:00Z,England,M,382,0,0,0,0,0,0,0,0,0,0,0,0,0,0,Manchester City,,,,,0,30.312499999999996,26.582278481012654,25.738396624472575,,12.025316455696203,11.814345991561181,,,30.312499999999996,30.625000000000004,,14.499999999999998,15.5,89.0295358649789,,17.29957805907173,83.33333333333334,54.641350210970465,80.80168776371309
223532,Trent Alexander-Arnold,trent-alexander-arnold,148.0,"5' 9""",69.0,27.0,1998-10-07T07:00Z,England,D,364,33,11,9,5,0,0,6,10,7,45,3,0,9,24,Liverpool,0.15555555555555556,0.06666666666666667,0.42857142857142855,,5,83.8125,96.18181818181817,99.0909090909091,28.717948717948715,64.18181818181819,60.18181818181818,64.35897435897436,74.51612903225806,83.8125,95.3125,21.335807050092765,59.0,60.18750000000001,36.0,,66.72727272727272,17.818181818181827,54.36363636363637,0.36363636363635976
223547,Sammie Szmodics,sammie-szmodics,139.0,"5' 6""",66.0,30.0,1995-09-24T07:00Z,Republic of Ireland,F,373,20,8,8,2,0,0,0,0,12,21,4,0,2,18,Ipswich Town,0.5714285714285714,0.19047619047619047,0.3333333333333333,,2,87.8125,68.65671641791045,24.875621890547265,95.28301886792453,46.766169154228855,49.004975124378106,84.90566037735849,51.056338028169016,87.8125,30.625000000000004,93.5064935064935,56.99999999999999,53.625,43.53233830845771,,78.85572139303483,32.58706467661692,52.48756218905473,76.86567164179104
223919,Sam Edmundson,sam-edmundson,163.0,"6' 3""",75.0,28.0,1997-08-15T07:00Z,England,D,373,1,0,0,0,0,0,0,0,0,0,0,0,0,0,Ipswich Town,,,,,0,30.312499999999996,35.090909090909086,34.18181818181818,,14.000000000000002,12.909090909090908,,,30.312499999999996,30.625000000000004,,14.499999999999998,15.5,89.27272727272728,,15.272727272727273,84.36363636363636,54.36363636363637,77.63636363636364
224077,Yoane Wissa,yoane-wissa,161.0,"5' 9""",69.0,29.0,1996-09-03T07:00Z,Congo DR,F,337,35,34,51,5,0,0,4,3,41,90,19,0,9,42,Brentford,0.45555555555555555,0.2111111111111111,0.4634146341463415,,5,99.375,97.51243781094527,84.32835820895522,82.38993710691824,96.51741293532339,93.78109452736318,90.56603773584906,80.98591549295774,99.375,91.125,83.48794063079778,97.3125,91.75,6.46766169154229,,98.00995024875621,7.462686567164184,52.48756218905473,16.91542288557214
224809,Leon Bailey,leon-bailey,170.0,"5' 10""",70.0,28.0,1997-08-09T07:00Z,Jamaica,F,362,24,12,18,3,0,0,2,3,5,28,1,0,0,19,Aston Villa,0.17857142857142858,0.03571428571428571,0.2,,3,67.375,46.766169154228855,69.15422885572139,14.465408805031446,65.67164179104478,60.447761194029844,26.10062893081761,25.0,67.375,79.75,24.304267161410017,75.0,62.31250000000001,41.29353233830846,,29.35323383084577,20.149253731343293,52.48756218905473,16.91542288557214
225426,Ben Chilwell,ben-chilwell,170.0,"5' 10""",70.0,29.0,1996-12-21T08:00Z,England,D,384,8,2,3,1,0,0,0,0,3,5,1,0,2,4,Crystal Palace,0.6,0.2,0.3333333333333333,,1,67.375,78.0,34.18181818181818,94.61538461538461,42.90909090909091,31.454545454545457,89.74358974358975,66.45161290322581,67.375,30.625000000000004,94.43413729128015,42.1875,37.25,68.54545454545455,,37.63636363636363,59.81818181818182,54.36363636363637,77.63636363636364
225549,Stephy Mavididi,stephy-mavididi,157.0,"6' 0""",72.0,27.0,1998-05-31T07:00Z,England,F,375,30,17,18,2,0,0,1,5,7,27,4,0,2,39,Leicester City,0.25925925925925924,0.14814814814814814,0.5714285714285714,,2,87.8125,68.65671641791045,57.46268656716418,27.9874213836478,65.67164179104478,72.13930348258707,70.44025157232704,95.4225352112676,87.8125,68.375,40.1669758812616,75.0,71.375,11.194029850746261,,78.85572139303483,32.58706467661692,52.48756218905473,10.696517412935322
225564,Vitaly Janelt,vitaly-janelt,172.0,"6' 0""",72.0,27.0,1998-05-10T07:00Z,Germany,M,337,32,24,15,3,0,2,3,6,6,16,1,0,10,36,Brentford,0.375,0.0625,0.16666666666666666,,3,67.375,60.970464135021096,81.85654008438819,75.83333333333333,60.54852320675106,71.30801687763713,50.55555555555556,36.5625,67.375,86.625,66.79035250463822,70.6875,82.0625,18.35443037974683,,89.24050632911393,41.983122362869196,54.641350210970465,10.548523206751057
226125,Joe Aribo,joe-aribo,168.0,"6' 0""",72.0,29.0,1996-07-21T07:00Z,Nigeria,M,376,32,20,28,1,0,0,0,1,6,18,3,0,11,56,Southampton,0.3333333333333333,0.16666666666666666,0.5,,1,83.8125,81.85654008438819,25.738396624472575,65.83333333333333,80.80168776371308,66.66666666666666,88.05555555555556,85.9375,83.8125,30.625000000000004,57.977736549165115,86.5,76.5,3.7974683544303787,,92.61603375527426,61.392405063291136,54.641350210970465,53.37552742616033
226177,Kostas Tsimikas,kostas-tsimikas,170.0,"5' 10""",70.0,29.0,1996-05-12T07:00Z,Greece,D,364,18,9,6,2,0,0,1,2,1,3,0,0,2,7,Liverpool,0.3333333333333333,0.0,0.0,,2,30.312499999999996,35.090909090909086,76.36363636363637,65.64102564102564,56.36363636363636,54.90909090909091,28.974358974358978,23.548387096774192,30.312499999999996,68.375,57.977736549165115,52.25,56.25,62.72727272727273,,37.63636363636363,45.27272727272727,54.36363636363637,32.90909090909091
227472,Mathias Jensen,mathias-jensen,159.0,"5' 11""",71.0,29.0,1996-01-01T08:00Z,Denmark,M,337,24,7,10,2,0,0,2,4,1,7,0,0,4,16,Brentford,0.14285714285714285,0.0,0.0,,2,30.312499999999996,26.582278481012654,71.94092827004219,19.166666666666668,51.68776371308017,40.50632911392405,19.166666666666668,15.312500000000002,30.312499999999996,79.75,20.500927643784784,61.4375,51.1875,50.0,,64.34599156118144,51.265822784810126,54.641350210970465,22.573839662447256
227706,Luke Thomas,luke-thomas,157.0,"5' 11""",71.0,24.0,2001-06-10T07:00Z,England,D,375,14,16,10,3,0,0,0,2,0,5,0,0,6,23,Leicester City,0.0,0.0,,,3,30.312499999999996,35.090909090909086,34.18181818181818,10.512820512820513,66.54545454545455,68.54545454545455,28.974358974358978,,30.312499999999996,30.625000000000004,7.421150278293136,61.4375,69.25,37.81818181818182,,55.27272727272727,35.81818181818181,54.36363636363637,32.90909090909091
227784,Trevoh Chalobah,trevoh-chalobah,163.0,"6' 3""",75.0,26.0,1999-07-05T07:00Z,England,D,363,25,19,22,3,0,0,1,0,5,18,3,0,13,23,Chelsea,0.2777777777777778,0.16666666666666666,0.6,,3,83.8125,96.18181818181817,76.36363636363637,52.56410256410257,87.63636363636364,74.72727272727273,85.12820512820512,84.83870967741936,83.8125,68.375,43.042671614100186,80.3125,74.6875,37.81818181818182,,78.0,35.81818181818181,54.36363636363637,77.63636363636364
227784,Trevoh Chalobah,trevoh-chalobah,163.0,"6' 3""",75.0,26.0,1999-07-05T07:00Z,England,D,384,12,10,15,1,0,0,0,0,3,10,3,0,10,11,Crystal Palace,0.3,0.3,1.0,,1,83.8125,96.18181818181817,34.18181818181818,60.0,77.0909090909091,57.63636363636364,93.33333333333333,93.54838709677419,83.8125,30.625000000000004,49.814471243042675,70.6875,58.25,54.72727272727273,,70.18181818181817,59.81818181818182,54.36363636363637,77.63636363636364
227794,Reiss Nelson,reiss-nelson,157.0,"5' 9""",69.0,26.0,1999-12-10T08:00Z,England,F,359,1,1,1,0,0,0,0,0,0,0,0,0,0,0,Arsenal,,,,,0,30.312499999999996,20.149253731343283,24.875621890547265,,27.114427860696516,25.870646766169152,,,30.312499999999996,30.625000000000004,,31.6875,33.0625,89.30348258706468,,29.35323383084577,79.35323383084577,52.48756218905473,76.86567164179104
227794,Reiss Nelson,reiss-nelson,157.0,"5' 9""",69.0,26.0,1999-12-10T08:00Z,England,F,370,12,7,10,1,0,0,1,1,6,12,1,0,0,8,Fulham,0.5,0.08333333333333333,0.16666666666666666,,1,67.375,46.766169154228855,57.46268656716418,89.62264150943396,50.74626865671642,46.517412935323385,41.82389937106918,20.070422535211268,67.375,68.375,88.49721706864564,61.4375,51.1875,58.70646766169154,,29.35323383084577,50.0,52.48756218905473,45.77114427860697
228421,Wout Faes,wout-faes,183.0,"6' 2""",74.0,27.0,1998-04-03T08:00Z,Belgium,D,375,34,23,11,4,0,0,0,3,1,13,1,0,36,60,Leicester City,0.07692307692307693,0.07692307692307693,1.0,,4,67.375,78.0,34.18181818181818,21.53846153846154,69.0909090909091,82.36363636363636,69.23076923076923,93.54838709677419,67.375,30.625000000000004,15.491651205936922,63.81250000000001,80.4375,4.0,,97.0909090909091,27.454545454545453,54.36363636363637,22.909090909090907
228424,Orel Mangala,orel-mangala,174.0,"5' 10""",70.0,27.0,1998-03-18T08:00Z,Belgium,M,368,19,24,17,2,0,0,0,1,5,16,1,0,3,10,Everton,0.3125,0.0625,0.2,,2,67.375,60.970464135021096,25.738396624472575,57.49999999999999,63.50210970464135,71.30801687763713,50.55555555555556,41.875,67.375,30.625000000000004,52.96846011131725,73.75,82.0625,56.962025316455694,,58.22784810126582,51.265822784810126,54.641350210970465,53.37552742616033
228498,Alfie Whiteman,alfie-whiteman,183.0,"6' 2""",74.0,26.0,1998-10-02T07:00Z,England,G,367,0,0,0,0,0,0,0,0,0,0,0,0,0,0,Tottenham Hotspur,,,,,0,30.312499999999996,50.57471264367817,47.701149425287355,,29.310344827586203,44.252873563218394,,,30.312499999999996,30.625000000000004,,14.499999999999998,15.5,77.01149425287356,,21.839080459770116,63.793103448275865,50.0,67.24137931034483
228563,Boubacar Traoré,boubacar-traore,148.0,"6' 0""",72.0,24.0,2001-08-20T07:00Z,Mali,M,380,1,0,0,0,0,0,0,0,0,0,0,0,0,0,Wolverhampton Wanderers,,,,,0,30.312499999999996,26.582278481012654,25.738396624472575,,12.025316455696203,11.814345991561181,,,30.312499999999996,30.625000000000004,,14.499999999999998,15.5,89.0295358649789,,17.29957805907173,83.33333333333334,54.641350210970465,80.80168776371309
228619,Auston Trusty,auston-trusty,183.0,"6' 3""",75.0,27.0,1998-08-12T07:00Z,USA,D,398,32,23,13,4,0,0,0,2,2,8,0,0,23,74,Sheffield United,0.25,0.0,0.0,,4,30.312499999999996,35.090909090909086,34.18181818181818,46.92307692307692,73.81818181818181,82.36363636363636,28.974358974358978,23.548387096774192,30.312499999999996,30.625000000000004,37.569573283859,67.6875,80.4375,1.2727272727272663,,91.27272727272727,27.454545454545453,54.36363636363637,32.90909090909091
229524,Axel Tuanzebe,axel-tuanzebe,163.0,"6' 1""",73.0,28.0,1997-11-14T08:00Z,Congo DR,D,373,22,18,12,4,1,1,1,0,1,5,0,0,10,36,Ipswich Town,0.2,0.0,0.0,,6,30.312499999999996,35.090909090909086,76.36363636363637,37.69230769230769,71.45454545454545,72.36363636363636,28.974358974358978,23.548387096774192,30.312499999999996,68.375,28.107606679035253,65.6875,72.9375,22.181818181818187,,70.18181818181817,27.454545454545453,4.7272727272727195,77.63636363636364
229967,Max Kilman,max-kilman,194.0,"6' 4""",76.0,28.0,1997-05-23T07:00Z,England,D,371,38,23,13,5,0,0,1,5,2,14,0,0,39,59,West Ham United,0.14285714285714285,0.0,0.0,,5,30.312499999999996,35.090909090909086,76.36363636363637,27.692307692307693,73.81818181818181,82.36363636363636,28.974358974358978,23.548387096774192,30.312499999999996,68.375,20.500927643784784,67.6875,80.4375,4.545454545454547,,98.18181818181819,17.818181818181827,54.36363636363637,10.0
230666,Tomás Soucek,tomas-soucek,190.0,"6' 4""",76.0,30.0,1995-02-27T08:00Z,Czechia,M,371,35,46,25,8,0,0,1,3,16,53,9,0,20,41,West Ham United,0.3018867924528302,0.16981132075471697,0.5625,,8,96.1875,98.31223628691983,58.64978902953587,52.77777777777778,75.52742616033755,93.0379746835443,88.88888888888889,91.25,96.1875,68.375,50.649350649350644,83.375,97.1875,12.658227848101262,,99.15611814345992,10.759493670886073,54.641350210970465,29.324894514767934
230945,Marcus Rashford,marcus-rashford,174.0,"6' 2""",74.0,28.0,1997-10-31T08:00Z,England,F,360,15,8,7,2,0,0,1,0,8,16,4,0,0,9,Manchester United,0.5,0.25,0.5,,2,87.8125,68.65671641791045,57.46268656716418,89.62264150943396,44.02985074626866,49.004975124378106,96.54088050314465,86.97183098591549,87.8125,68.375,88.49721706864564,54.87499999999999,53.625,56.96517412935324,,29.35323383084577,32.58706467661692,52.48756218905473,76.86567164179104
230945,Marcus Rashford,marcus-rashford,174.0,"6' 2""",74.0,28.0,1997-10-31T08:00Z,England,F,362,25,9,10,2,0,0,3,1,14,35,6,0,0,15,Aston Villa,0.4,0.17142857142857143,0.42857142857142855,,2,92.375,77.11442786069652,77.11442786069652,62.264150943396224,50.74626865671642,52.736318407960205,77.9874213836478,74.29577464788733,92.375,86.625,73.37662337662337,61.4375,56.25,49.00497512437811,,29.35323383084577,32.58706467661692,52.48756218905473,45.77114427860697
230963,Issa Diop,issa-diop,203.0,"6' 4""",76.0,28.0,1997-01-09T08:00Z,France,D,370,21,10,4,2,0,1,0,0,3,6,0,0,8,18,Fulham,0.5,0.0,0.0,,2,30.312499999999996,35.090909090909086,34.18181818181818,86.92307692307692,47.090909090909086,57.63636363636364,28.974358974358978,23.548387096774192,30.312499999999996,30.625000000000004,88.49721706864564,45.8125,58.25,44.90909090909091,,63.45454545454545,45.27272727272727,54.36363636363637,77.63636363636364
231049,Fábio Carvalho,fabio-carvalho,137.0,"5' 7""",67.0,23.0,2002-08-30T07:00Z,Portugal,M,337,19,5,10,1,0,0,1,1,5,11,2,0,1,14,Brentford,0.45454545454545453,0.18181818181818182,0.4,,1,77.8125,73.83966244725738,58.64978902953587,88.33333333333333,51.68776371308017,34.810126582278485,91.38888888888889,75.3125,77.8125,68.375,82.83858998144711,61.4375,45.25,51.68776371308017,,40.29535864978903,61.392405063291136,54.641350210970465,53.37552742616033
231167,Mason Mount,mason-mount,168.0,"5' 11""",71.0,26.0,1999-01-10T08:00Z,England,M,360,17,16,9,3,0,0,0,1,9,19,1,0,1,10,Manchester United,0.47368421052631576,0.05263157894736842,0.1111111111111111,,3,67.375,60.970464135021096,25.738396624472575,89.72222222222223,48.52320675105485,58.016877637130804,44.72222222222222,31.874999999999996,67.375,30.625000000000004,85.06493506493507,59.0,69.25,56.962025316455694,,40.29535864978903,41.983122362869196,54.641350210970465,53.37552742616033
231182,Kai Havertz,kai-havertz,183.0,"6' 4""",76.0,26.0,1999-06-11T07:00Z,Germany,F,359,23,36,23,5,0,0,3,2,21,53,9,0,4,20,Arsenal,0.39622641509433965,0.16981132075471697,0.42857142857142855,,5,96.1875,87.06467661691542,77.11442786069652,59.43396226415094,74.87562189054727,95.52238805970148,77.35849056603774,74.29577464788733,96.1875,86.625,71.70686456400742,81.375,93.0625,39.552238805970156,,90.79601990049751,7.462686567164184,52.48756218905473,28.606965174129357
231198,Tosin Adarabioyo,tosin-adarabioyo,174.0,"6' 5""",77.0,28.0,1997-09-24T07:00Z,England,D,363,22,8,9,4,0,0,1,2,2,14,1,0,8,14,Chelsea,0.14285714285714285,0.07142857142857142,0.5,,4,67.375,78.0,76.36363636363637,27.692307692307693,64.18181818181819,51.81818181818182,66.66666666666666,79.6774193548387,67.375,68.375,20.500927643784784,59.0,53.625,50.54545454545455,,63.45454545454545,27.454545454545453,54.36363636363637,32.90909090909091
231241,Sergio Reguilón,sergio-reguilon,150.0,"5' 10""",70.0,28.0,1996-12-16T08:00Z,Spain,D,367,4,2,6,2,0,0,0,1,0,2,0,0,0,3,Tottenham Hotspur,0.0,0.0,,,2,30.312499999999996,35.090909090909086,34.18181818181818,10.512820512820513,56.36363636363636,31.454545454545457,28.974358974358978,,30.312499999999996,30.625000000000004,7.421150278293136,52.25,37.25,70.9090909090909,,15.272727272727273,45.27272727272727,54.36363636363637,47.27272727272728
231718,Axel Disasi,axel-disasi,183.0,"6' 3""",75.0,27.0,1998-03-11T08:00Z,France,D,362,13,5,2,3,0,0,0,2,1,4,1,0,2,12,Aston Villa,0.25,0.25,1.0,,3,67.375,78.0,34.18181818181818,46.92307692307692,37.45454545454546,40.54545454545455,92.56410256410257,93.54838709677419,67.375,30.625000000000004,37.569573283859,37.4375,45.25,52.909090909090914,,37.63636363636363,35.81818181818181,54.36363636363637,32.90909090909091
231718,Axel Disasi,axel-disasi,183.0,"6' 3""",75.0,27.0,1998-03-11T08:00Z,France,D,363,6,2,0,1,0,0,0,0,1,2,1,0,1,3,Chelsea,0.5,0.5,1.0,,1,67.375,78.0,34.18181818181818,86.92307692307692,14.000000000000002,31.454545454545457,98.97435897435898,93.54838709677419,67.375,30.625000000000004,88.49721706864564,14.499999999999998,37.25,70.9090909090909,,32.90909090909091,59.81818181818182,54.36363636363637,77.63636363636364
231828,Rodri,rodri,181.0,"6' 3""",75.0,29.0,1996-06-22T07:00Z,Spain,M,382,3,1,2,0,0,0,0,0,0,0,0,0,0,1,Manchester City,,,,,0,30.312499999999996,26.582278481012654,25.738396624472575,,30.168776371308013,25.31645569620253,,,30.312499999999996,30.625000000000004,,37.4375,33.0625,76.37130801687763,,17.29957805907173,83.33333333333334,54.641350210970465,80.80168776371309
231859,Ezri Konsa,ezri-konsa,161.0,"6' 0""",72.0,28.0,1997-10-23T07:00Z,England,D,362,34,9,47,1,0,0,0,1,5,10,2,0,10,45,Aston Villa,0.5,0.2,0.4,,1,77.8125,90.18181818181819,34.18181818181818,86.92307692307692,99.0909090909091,54.90909090909091,89.74358974358975,71.61290322580646,77.8125,30.625000000000004,88.49721706864564,95.75,56.25,10.181818181818187,,70.18181818181817,59.81818181818182,54.36363636363637,47.27272727272728
231863,James Justin,james-justin,174.0,"6' 0""",72.0,27.0,1998-02-23T08:00Z,England,D,375,36,28,44,6,0,0,2,3,6,26,2,0,18,65,Leicester City,0.23076923076923078,0.07692307692307693,0.3333333333333333,,6,77.8125,90.18181818181819,88.72727272727273,43.07692307692308,98.0,90.36363636363637,69.23076923076923,66.45161290322581,77.8125,79.75,33.58070500927644,94.4375,86.875,3.0909090909090935,,86.0,11.272727272727266,54.36363636363637,22.909090909090907
232662,Patson Daka,patson-daka,157.0,"6' 0""",72.0,27.0,1998-10-09T07:00Z,Zambia,F,375,23,15,19,0,0,0,0,0,4,16,1,0,1,16,Leicester City,0.25,0.0625,0.25,,0,67.375,46.766169154228855,24.875621890547265,24.528301886792452,68.40796019900498,68.40796019900498,32.075471698113205,33.098591549295776,67.375,30.625000000000004,37.569573283859,76.625,67.0,47.01492537313433,,66.16915422885572,79.35323383084577,52.48756218905473,76.86567164179104
232810,Yves Bissouma,yves-bissouma,174.0,"6' 0""",72.0,29.0,1996-08-30T07:00Z,Mali,M,367,28,27,18,7,0,0,0,3,4,10,2,0,6,26,Tottenham Hotspur,0.4,0.2,0.5,,7,77.8125,73.83966244725738,25.738396624472575,80.83333333333333,65.61181434599156,74.0506329113924,94.44444444444444,85.9375,77.8125,30.625000000000004,73.37662337662337,75.0,85.75,36.49789029535865,,73.20675105485233,15.189873417721529,54.641350210970465,29.324894514767934
233073,Jacob Bruun Larsen,jacob-bruun-larsen,170.0,"6' 0""",72.0,27.0,1998-09-19T07:00Z,Denmark,F,379,32,13,7,1,0,0,0,2,11,44,6,0,2,22,Burnley,0.25,0.13636363636363635,0.5454545454545454,,1,92.375,77.11442786069652,24.875621890547265,24.528301886792452,44.02985074626866,63.18407960199005,62.264150943396224,92.95774647887323,92.375,30.625000000000004,37.569573283859,54.87499999999999,64.0,36.56716417910447,,78.85572139303483,50.0,52.48756218905473,28.606965174129357
233301,Daniel Iversen,daniel-iversen,174.0,"6' 4""",76.0,28.0,1997-07-19T07:00Z,Denmark,G,375,0,0,0,0,0,0,0,0,0,0,0,0,0,0,Leicester City,,,,,0,30.312499999999996,50.57471264367817,47.701149425287355,,29.310344827586203,44.252873563218394,,,30.312499999999996,30.625000000000004,,14.499999999999998,15.5,77.01149425287356,,21.839080459770116,63.793103448275865,50.0,67.24137931034483
233937,Lisandro Martínez,lisandro-martinez,159.0,"5' 9""",69.0,27.0,1998-01-18T08:00Z,Argentina,D,360,20,22,7,7,0,0,1,3,6,16,2,0,8,26,Manchester United,0.375,0.125,0.3333333333333333,,7,77.8125,90.18181818181819,76.36363636363637,73.33333333333333,59.81818181818181,79.81818181818183,80.51282051282051,66.45161290322581,77.8125,68.375,66.79035250463822,54.87499999999999,78.8125,33.45454545454545,,63.45454545454545,7.454545454545453,54.36363636363637,22.909090909090907
233945,Marcos Senesi,marcos-senesi,174.0,"6' 1""",73.0,28.0,1997-05-10T07:00Z,Argentina,D,349,17,21,8,5,0,0,0,5,0,4,0,0,8,17,AFC Bournemouth,0.0,0.0,,,5,30.312499999999996,35.090909090909086,34.18181818181818,10.512820512820513,62.0,78.0,28.974358974358978,,30.312499999999996,30.625000000000004,7.421150278293136,56.99999999999999,77.625,46.72727272727273,,63.45454545454545,17.818181818181827,54.36363636363637,10.0
234143,Igor Julio,igor-julio,185.0,"6' 1""",73.0,27.0,1998-02-07T08:00Z,Brazil,D,331,13,9,6,4,0,0,0,2,0,1,0,0,14,16,Brighton & Hove Albion,0.0,0.0,,,4,30.312499999999996,35.090909090909086,34.18181818181818,10.512820512820513,56.36363636363636,54.90909090909091,28.974358974358978,,30.312499999999996,30.625000000000004,7.421150278293136,52.25,56.25,48.54545454545455,,80.18181818181817,27.454545454545453,54.36363636363637,32.90909090909091
234172,Dean Henderson,dean-henderson,185.0,"6' 2""",74.0,28.0,1997-03-12T08:00Z,England,G,384,38,0,2,3,0,0,0,0,0,1,0,415,104,48,Crystal Palace,0.0,0.0,,0.6842105263157895,3,30.312499999999996,50.57471264367817,47.701149425287355,30.0,72.98850574712644,44.252873563218394,60.0,,30.312499999999996,30.625000000000004,7.421150278293136,37.4375,15.5,9.195402298850581,53.0,90.80459770114942,9.770114942528735,50.0,67.24137931034483
234306,Federico Chiesa,federico-chiesa,152.0,"5' 9""",69.0,28.0,1997-10-25T07:00Z,Italy,F,364,6,3,2,0,0,0,0,0,1,4,0,0,0,3,Liverpool,0.25,0.0,0.0,,0,30.312499999999996,20.149253731343283,24.875621890547265,24.528301886792452,31.343283582089555,34.07960199004975,12.264150943396226,7.746478873239436,30.312499999999996,30.625000000000004,37.569573283859,37.4375,40.8125,69.65174129353234,,29.35323383084577,79.35323383084577,52.48756218905473,76.86567164179104
234320,Hamza Choudhury,hamza-choudhury,139.0,"5' 10""",70.0,28.0,1997-10-01T07:00Z,Bangladesh,M,375,4,1,0,0,0,0,0,0,0,0,0,0,2,5,Leicester City,,,,,0,30.312499999999996,26.582278481012654,25.738396624472575,,12.025316455696203,25.31645569620253,,,30.312499999999996,30.625000000000004,,14.499999999999998,33.0625,64.76793248945148,,50.63291139240506,83.33333333333334,54.641350210970465,80.80168776371309
234698,Matty Cash,matty-cash,172.0,"6' 1""",73.0,28.0,1997-08-07T07:00Z,Poland,D,362,27,26,20,7,0,0,1,1,7,14,1,0,9,23,Aston Villa,0.5,0.07142857142857142,0.14285714285714285,,7,67.375,78.0,76.36363636363637,86.92307692307692,84.9090909090909,86.54545454545455,66.66666666666666,48.70967741935484,67.375,68.375,88.49721706864564,78.1875,84.75,37.81818181818182,,66.72727272727272,7.454545454545453,54.36363636363637,47.27272727272728
234715,Lucas Paquetá,lucas-paqueta,159.0,"5' 11""",71.0,28.0,1997-08-27T07:00Z,Brazil,M,371,33,55,62,10,0,0,0,7,5,42,4,0,4,48,West Ham United,0.11904761904761904,0.09523809523809523,0.8,,10,87.8125,87.55274261603375,25.738396624472575,17.22222222222222,97.8902953586498,96.83544303797468,70.83333333333334,96.875,87.8125,30.625000000000004,18.552875695732837,99.125,98.8125,6.540084388185647,,64.34599156118144,3.375527426160346,54.641350210970465,6.540084388185647
234878,Rúben Dias,ruben-dias,168.0,"6' 2""",74.0,28.0,1997-05-14T07:00Z,Portugal,D,382,27,12,8,4,0,1,0,3,8,22,0,0,17,19,Manchester City,0.36363636363636365,0.0,0.0,,4,30.312499999999996,35.090909090909086,34.18181818181818,71.53846153846153,62.0,62.54545454545455,28.974358974358978,23.548387096774192,30.312499999999996,30.625000000000004,64.93506493506493,56.99999999999999,62.31250000000001,43.63636363636364,,84.54545454545455,27.454545454545453,54.36363636363637,22.909090909090907
235072,Carlos Soler,carlos-soler,168.0,"5' 11""",71.0,29.0,1997-01-02T08:00Z,Spain,M,371,31,26,19,6,0,0,1,2,6,23,1,0,6,24,West Ham United,0.2608695652173913,0.043478260869565216,0.16666666666666666,,6,67.375,60.970464135021096,58.64978902953587,42.22222222222222,67.72151898734177,73.41772151898735,41.11111111111111,36.5625,67.375,68.375,40.63079777365491,76.625,84.75,39.24050632911392,,73.20675105485233,20.042194092827003,54.641350210970465,38.81856540084389
235116,Luis Sinisterra,luis-sinisterra,130.0,"5' 8""",68.0,26.0,1999-06-17T07:00Z,Colombia,M,349,12,4,2,0,0,0,1,2,5,12,1,0,0,4,AFC Bournemouth,0.4166666666666667,0.08333333333333333,0.2,,0,67.375,60.970464135021096,58.64978902953587,82.77777777777777,30.168776371308013,33.755274261603375,63.888888888888886,41.875,67.375,68.375,76.43784786641929,37.4375,43.25,66.45569620253164,,17.29957805907173,83.33333333333334,54.641350210970465,38.81856540084389
235129,Kyle Walker-Peters,kyle-walker-peters,137.0,"5' 8""",68.0,28.0,1997-04-13T07:00Z,England,D,376,33,28,52,5,0,0,2,3,6,22,0,0,15,77,Southampton,0.2727272727272727,0.0,0.0,,5,30.312499999999996,35.090909090909086,88.72727272727273,51.02564102564102,100.0,90.36363636363637,28.974358974358978,23.548387096774192,30.312499999999996,79.75,41.929499072356215,97.8125,86.875,0.7272727272727337,,82.0,17.818181818181827,54.36363636363637,22.909090909090907
235538,Jake Evans,jake-evans,0.0,"5' 9""",69.0,17.0,2008-08-21T07:00Z,England,F,375,4,0,0,0,0,0,0,0,0,0,0,0,0,1,Leicester City,,,,,0,30.312499999999996,20.149253731343283,24.875621890547265,,12.437810945273633,11.691542288557214,,,30.312499999999996,30.625000000000004,,14.499999999999998,15.5,77.363184079602,,29.35323383084577,79.35323383084577,52.48756218905473,76.86567164179104
235662,Alexander Isak,alexander-isak,170.0,"6' 4""",76.0,26.0,1999-09-21T07:00Z,Sweden,F,361,34,24,14,1,0,0,6,6,44,97,23,0,2,39,Newcastle United,0.4536082474226804,0.23711340206185566,0.5227272727272727,,1,99.875,99.50248756218906,91.7910447761194,78.61635220125787,60.447761194029844,84.82587064676616,94.33962264150944,91.54929577464789,99.875,95.3125,82.18923933209648,69.4375,82.0625,11.194029850746261,,78.85572139303483,50.0,52.48756218905473,6.96517412935323
236015,Aaron Ramsdale,aaron-ramsdale,192.0,"6' 3""",75.0,27.0,1998-05-14T07:00Z,England,G,359,0,0,0,0,0,0,0,0,0,0,0,0,0,0,Arsenal,,,,,0,30.312499999999996,50.57471264367817,47.701149425287355,,29.310344827586203,44.252873563218394,,,30.312499999999996,30.625000000000004,,14.499999999999998,15.5,77.01149425287356,,21.839080459770116,63.793103448275865,50.0,67.24137931034483
236015,Aaron Ramsdale,aaron-ramsdale,192.0,"6' 3""",75.0,27.0,1998-05-14T07:00Z,England,G,376,30,0,4,2,0,0,0,6,0,0,0,434,124,66,Southampton,,,,0.6526315789473685,2,30.312499999999996,50.57471264367817,47.701149425287355,,87.35632183908046,44.252873563218394,,,30.312499999999996,30.625000000000004,,45.8125,15.5,2.2988505747126453,36.0,96.55172413793103,16.091954022988503,50.0,6.896551724137936
236322,Gabriel Magalhães,gabriel-magalhaes,172.0,"6' 3""",75.0,27.0,1997-12-19T08:00Z,Brazil,D,359,28,19,19,4,0,0,1,1,5,22,3,0,29,22,Arsenal,0.22727272727272727,0.13636363636363635,0.6,,4,83.8125,96.18181818181817,76.36363636363637,42.56410256410256,83.27272727272728,74.72727272727273,82.05128205128204,84.83870967741936,83.8125,68.375,33.209647495361786,76.625,74.6875,40.18181818181819,,95.45454545454545,27.454545454545453,54.36363636363637,47.27272727272728
236457,Mads Andersen,mads-andersen,179.0,"6' 4""",76.0,27.0,1997-12-27T08:00Z,Denmark,D,301,8,6,2,1,0,0,0,0,1,3,1,0,6,6,Luton Town,0.3333333333333333,0.3333333333333333,1.0,,1,67.375,78.0,34.18181818181818,65.64102564102564,37.45454545454546,45.09090909090909,95.64102564102565,93.54838709677419,67.375,30.625000000000004,57.977736549165115,37.4375,48.1875,64.0,,55.27272727272727,59.81818181818182,54.36363636363637,77.63636363636364
236912,Gustavo Hamer,gustavo-hamer,132.0,"5' 7""",67.0,28.0,1997-06-24T07:00Z,Netherlands,M,398,36,50,17,9,0,0,6,4,9,47,4,0,10,79,Sheffield United,0.19148936170212766,0.0851063829787234,0.4444444444444444,,9,87.8125,87.55274261603375,92.61603375527426,25.555555555555554,63.50210970464135,95.35864978902954,65.27777777777779,80.3125,87.8125,95.3125,26.159554730983302,73.75,98.25,0.0,,89.24050632911393,6.540084388185647,54.641350210970465,22.573839662447256
237224,Hwang Hee-Chan,hwang-hee-chan,170.0,"5' 10""",70.0,29.0,1996-01-26T08:00Z,South Korea,F,380,21,6,9,0,0,0,0,1,3,5,2,0,0,18,Wolverhampton Wanderers,0.6,0.4,0.6666666666666666,,0,77.8125,56.46766169154229,24.875621890547265,96.54088050314465,48.756218905472636,43.28358208955223,100.0,97.88732394366197,77.8125,30.625000000000004,94.43413729128015,59.0,48.1875,43.53233830845771,,29.35323383084577,79.35323383084577,52.48756218905473,45.77114427860697
238004,Takehiro Tomiyasu,takehiro-tomiyasu,183.0,"6' 2""",74.0,27.0,1998-11-05T08:00Z,Japan,D,359,1,0,0,0,0,0,0,0,0,1,0,0,0,0,Arsenal,0.0,0.0,,,0,30.312499999999996,35.090909090909086,34.18181818181818,10.512820512820513,14.000000000000002,12.909090909090908,28.974358974358978,,30.312499999999996,30.625000000000004,7.421150278293136,14.499999999999998,15.5,89.27272727272728,,15.272727272727273,84.36363636363636,54.36363636363637,77.63636363636364
238192,Chiedozie Ogbene,chiedozie-ogbene,172.0,"5' 11""",71.0,28.0,1997-05-01T07:00Z,Republic of Ireland,F,301,30,6,50,1,0,0,1,2,14,35,4,0,3,46,Luton Town,0.4,0.11428571428571428,0.2857142857142857,,1,87.8125,68.65671641791045,57.46268656716418,62.264150943396224,95.02487562189054,43.28358208955223,53.459119496855344,42.25352112676056,87.8125,68.375,73.37662337662337,96.75,48.1875,5.223880597014926,,86.31840796019901,50.0,52.48756218905473,28.606965174129357
238192,Chiedozie Ogbene,chiedozie-ogbene,172.0,"5' 11""",71.0,28.0,1997-05-01T07:00Z,Republic of Ireland,F,373,5,2,7,0,0,0,0,0,0,0,0,0,0,3,Ipswich Town,,,,,0,30.312499999999996,20.149253731343283,24.875621890547265,,44.02985074626866,30.09950248756219,,,30.312499999999996,30.625000000000004,,54.87499999999999,37.25,69.65174129353234,,29.35323383084577,79.35323383084577,52.48756218905473,76.86567164179104
238262,Declan Rice,declan-rice,183.0,"6' 2""",74.0,26.0,1999-01-14T08:00Z,England,M,359,35,21,16,6,1,0,7,5,16,48,4,0,12,29,Arsenal,0.3333333333333333,0.08333333333333333,0.25,,8,87.8125,87.55274261603375,95.14767932489451,65.83333333333333,62.0253164556962,67.9324894514768,63.888888888888886,51.24999999999999,87.8125,97.0625,57.977736549165115,72.3125,77.625,29.74683544303798,,94.51476793248945,20.042194092827003,4.852320675105489,15.822784810126578
238318,Ferdi Kadioglu,ferdi-kadioglu,150.0,"5' 9""",69.0,26.0,1999-10-07T07:00Z,Türkiye,D,331,6,5,3,1,0,0,0,1,1,4,1,0,2,8,Brighton & Hove Albion,0.25,0.25,1.0,,1,67.375,78.0,34.18181818181818,46.92307692307692,42.90909090909091,40.54545454545455,92.56410256410257,93.54838709677419,67.375,30.625000000000004,37.569573283859,42.1875,45.25,61.09090909090909,,37.63636363636363,59.81818181818182,54.36363636363637,47.27272727272728
238472,Elliot Anderson,elliot-anderson,150.0,"5' 10""",70.0,23.0,2002-11-06T08:00Z,England,M,393,37,49,58,10,0,0,7,8,7,41,2,0,9,37,Nottingham Forest,0.17073170731707318,0.04878048780487805,0.2857142857142857,,10,77.8125,73.83966244725738,95.14767932489451,22.77777777777778,96.83544303797468,94.9367088607595,41.94444444444444,58.12500000000001,77.8125,97.0625,23.933209647495364,98.6875,98.0625,16.877637130801688,,85.44303797468355,3.375527426160346,54.641350210970465,3.5864978902953624
238902,Diogo Dalot,diogo-dalot,172.0,"6' 0""",72.0,26.0,1999-03-18T08:00Z,Portugal,D,360,33,40,10,5,0,0,3,4,5,24,0,0,10,45,Manchester United,0.20833333333333334,0.0,0.0,,5,30.312499999999996,35.090909090909086,94.18181818181817,40.51282051282051,66.54545454545455,98.9090909090909,28.974358974358978,23.548387096774192,30.312499999999996,86.625,30.426716141001855,61.4375,94.75,10.181818181818187,,70.18181818181817,17.818181818181827,54.36363636363637,15.63636363636364
238990,Nikola Milenkovic,nikola-milenkovic,196.0,"6' 5""",77.0,28.0,1997-10-12T07:00Z,Serbia,D,393,37,19,5,4,0,0,2,8,8,29,5,0,26,45,Nottingham Forest,0.27586206896551724,0.1724137931034483,0.625,,4,90.4375,99.63636363636364,88.72727272727273,51.7948717948718,51.81818181818182,74.72727272727273,86.15384615384616,85.80645161290322,90.4375,79.75,42.393320964749535,49.25,74.6875,10.181818181818187,,94.0,27.454545454545453,54.36363636363637,2.0
239253,Andrew Irving,andrew-irving,146.0,"6' 3""",75.0,25.0,2000-05-13T07:00Z,Scotland,M,371,10,6,1,2,0,0,0,2,1,3,0,0,1,3,West Ham United,0.3333333333333333,0.0,0.0,,2,30.312499999999996,26.582278481012654,25.738396624472575,65.83333333333333,25.949367088607595,37.34177215189873,19.166666666666668,15.312500000000002,30.312499999999996,30.625000000000004,57.977736549165115,31.6875,48.1875,70.042194092827,,40.29535864978903,51.265822784810126,54.641350210970465,38.81856540084389
239349,Matthijs de Ligt,matthijs-de-ligt,194.0,"6' 2""",74.0,26.0,1999-08-12T07:00Z,Netherlands,D,360,29,15,12,3,0,0,0,3,7,16,2,0,22,34,Manchester United,0.4375,0.125,0.2857142857142857,,3,77.8125,90.18181818181819,34.18181818181818,80.25641025641026,71.45454545454545,66.18181818181819,80.51282051282051,61.935483870967744,77.8125,30.625000000000004,79.22077922077922,65.6875,67.0,24.545454545454547,,90.72727272727272,35.81818181818181,54.36363636363637,22.909090909090907
239350,Noussair Mazraoui,noussair-mazraoui,139.0,"6' 0""",72.0,28.0,1997-11-14T08:00Z,Morocco,D,360,37,34,25,3,0,0,1,1,2,12,0,0,9,42,Manchester United,0.16666666666666666,0.0,0.0,,3,30.312499999999996,35.090909090909086,76.36363636363637,31.794871794871792,89.27272727272727,96.0,28.974358974358978,23.548387096774192,30.312499999999996,68.375,23.00556586270872,83.375,91.75,14.909090909090907,,66.72727272727272,35.81818181818181,54.36363636363637,47.27272727272728
240369,Jean-Ricner Bellegarde,jean-ricner-bellegarde,152.0,"5' 7""",67.0,27.0,1998-06-27T07:00Z,Haiti,M,380,35,31,47,3,0,0,7,1,4,22,2,0,3,30,Wolverhampton Wanderers,0.18181818181818182,0.09090909090909091,0.5,,3,77.8125,73.83966244725738,95.14767932489451,23.61111111111111,91.77215189873418,78.90295358649789,68.61111111111111,85.9375,77.8125,97.0625,24.95361781076067,95.75,89.25,27.63713080168776,,58.22784810126582,41.983122362869196,54.641350210970465,53.37552742616033
241012,Ismaïla Sarr,ismaila-sarr,168.0,"6' 1""",73.0,27.0,1998-02-25T08:00Z,Senegal,F,384,38,13,57,4,0,0,6,6,28,58,8,0,9,36,Crystal Palace,0.4827586206896552,0.13793103448275862,0.2857142857142857,,4,95.0625,84.07960199004975,91.7910447761194,86.16352201257862,98.50746268656717,63.18407960199005,64.77987421383648,42.25352112676056,95.0625,95.3125,85.52875695732838,98.4375,64.0,14.427860696517413,,98.00995024875621,13.18407960199005,52.48756218905473,6.96517412935323
241077,Ben White,ben-white,168.0,"6' 1""",73.0,28.0,1997-10-08T07:00Z,England,D,359,17,10,5,2,0,0,2,2,2,9,0,0,8,13,Arsenal,0.2222222222222222,0.0,0.0,,2,30.312499999999996,35.090909090909086,88.72727272727273,41.53846153846154,51.81818181818182,57.63636363636364,28.974358974358978,23.548387096774192,30.312499999999996,79.75,32.00371057513915,49.25,58.25,51.63636363636363,,63.45454545454545,45.27272727272727,54.36363636363637,32.90909090909091
241093,Ethan Pinnock,ethan-pinnock,172.0,"6' 4""",76.0,32.0,1993-05-29T07:00Z,Jamaica,D,337,22,8,4,2,0,1,0,0,6,11,2,0,19,33,Brentford,0.5454545454545454,0.18181818181818182,0.3333333333333333,,2,77.8125,90.18181818181819,34.18181818181818,92.82051282051282,47.090909090909086,51.81818181818182,87.43589743589743,66.45161290322581,77.8125,30.625000000000004,92.67161410018552,45.8125,53.625,25.454545454545453,,87.63636363636364,45.27272727272727,54.36363636363637,77.63636363636364
241187,Jean-Philippe Mateta,jean-philippe-mateta,192.0,"6' 4""",76.0,28.0,1997-06-28T07:00Z,France,F,384,37,27,28,2,0,0,2,2,31,70,14,0,4,35,Crystal Palace,0.44285714285714284,0.2,0.45161290322580644,,2,98.8125,95.77114427860697,69.15422885572139,74.84276729559748,80.84577114427861,90.29850746268657,86.79245283018868,79.5774647887324,98.8125,79.75,80.14842300556586,86.5,85.75,17.16417910447761,,90.79601990049751,32.58706467661692,52.48756218905473,28.606965174129357
241225,Santiago Bueno,santiago-bueno,168.0,"6' 3""",75.0,27.0,1998-11-09T08:00Z,Uruguay,D,380,29,26,5,2,0,0,0,1,3,6,0,0,21,31,Wolverhampton Wanderers,0.5,0.0,0.0,,2,30.312499999999996,35.090909090909086,34.18181818181818,86.92307692307692,51.81818181818182,86.54545454545455,28.974358974358978,23.548387096774192,30.312499999999996,30.625000000000004,88.49721706864564,49.25,84.75,28.0,,90.0,45.27272727272727,54.36363636363637,47.27272727272728
241253,Ryan Yates,ryan-yates,192.0,"6' 3""",75.0,28.0,1997-11-21T08:00Z,England,M,393,35,51,49,10,0,0,1,4,9,33,2,0,10,28,Nottingham Forest,0.2727272727272727,0.06060606060606061,0.2222222222222222,,10,77.8125,73.83966244725738,58.64978902953587,43.333333333333336,93.24894514767934,95.9915611814346,48.888888888888886,45.0,77.8125,68.375,41.929499072356215,96.375,98.4375,31.856540084388186,,89.24050632911393,3.375527426160346,54.641350210970465,22.573839662447256
241325,George Hirst,george-hirst,183.0,"6' 3""",75.0,27.0,1999-02-15T08:00Z,Scotland,F,373,26,13,12,3,0,0,1,1,7,14,3,0,1,15,Ipswich Town,0.5,0.21428571428571427,0.42857142857142855,,3,83.8125,62.68656716417911,57.46268656716418,89.62264150943396,55.970149253731336,63.18407960199005,91.19496855345912,74.29577464788733,83.8125,68.375,88.49721706864564,65.6875,64.0,49.00497512437811,,66.16915422885572,20.149253731343293,52.48756218905473,45.77114427860697
241328,Ryan Sessegnon,ryan-sessegnon,152.0,"5' 10""",70.0,25.0,2000-05-18T07:00Z,England,M,370,16,19,4,1,0,0,2,0,8,14,4,0,1,10,Fulham,0.5714285714285714,0.2857142857142857,0.5,,1,87.8125,87.55274261603375,71.94092827004219,93.61111111111111,37.130801687763714,64.9789029535865,98.61111111111111,85.9375,87.8125,79.75,93.5064935064935,45.8125,74.6875,56.962025316455694,,40.29535864978903,61.392405063291136,54.641350210970465,80.80168776371309
241429,Joe Gauci,joe-gauci,192.0,"6' 4""",76.0,25.0,2000-07-04T07:00Z,Australia,G,362,0,0,0,0,0,0,0,0,0,0,0,0,0,0,Aston Villa,,,,,0,30.312499999999996,50.57471264367817,47.701149425287355,,29.310344827586203,44.252873563218394,,,30.312499999999996,30.625000000000004,,14.499999999999998,15.5,77.01149425287356,,21.839080459770116,63.793103448275865,50.0,67.24137931034483
241468,Manuel Ugarte,manuel-ugarte,170.0,"6' 0""",72.0,24.0,2001-04-11T07:00Z,Uruguay,M,360,29,40,33,11,0,1,2,4,4,18,1,0,4,31,Manchester United,0.2222222222222222,0.05555555555555555,0.25,,11,67.375,60.970464135021096,71.94092827004219,32.77777777777778,84.81012658227847,86.91983122362869,46.666666666666664,51.24999999999999,67.375,79.75,32.00371057513915,90.3125,94.75,25.31645569620254,,64.34599156118144,1.2658227848101262,54.641350210970465,22.573839662447256
241627,Edson Álvarez,edson-alvarez,161.0,"6' 2""",74.0,28.0,1997-10-24T07:00Z,Mexico,M,371,28,41,18,8,1,0,1,7,1,13,0,0,8,31,West Ham United,0.07692307692307693,0.0,0.0,,10,30.312499999999996,26.582278481012654,58.64978902953587,12.777777777777777,65.61181434599156,87.9746835443038,19.166666666666668,15.312500000000002,30.312499999999996,68.375,15.491651205936922,75.0,95.1875,25.31645569620254,,82.0675105485232,10.759493670886073,4.852320675105489,6.540084388185647
242705,Konstantinos Mavropanos,konstantinos-mavropanos,205.0,"6' 4""",76.0,28.0,1997-12-11T08:00Z,Greece,D,371,33,16,16,5,1,0,0,4,5,17,0,0,17,38,West Ham United,0.29411764705882354,0.0,0.0,,7,30.312499999999996,35.090909090909086,34.18181818181818,58.20512820512821,79.81818181818183,68.54545454545455,28.974358974358978,23.548387096774192,30.312499999999996,30.625000000000004,48.237476808905384,72.3125,69.25,20.181818181818173,,84.54545454545455,17.818181818181827,4.7272727272727195,15.63636363636364
243334,Nathan Broadhead,nathan-broadhead,161.0,"5' 10""",70.0,27.0,1998-04-05T08:00Z,Wales,F,373,18,4,13,1,0,0,0,0,6,11,2,0,1,12,Ipswich Town,0.5454545454545454,0.18181818181818182,0.3333333333333333,,1,77.8125,56.46766169154229,24.875621890547265,94.33962264150944,58.2089552238806,38.55721393034826,81.76100628930818,51.056338028169016,77.8125,30.625000000000004,92.67161410018552,67.6875,43.25,52.23880597014926,,66.16915422885572,50.0,52.48756218905473,76.86567164179104
243364,Marcus Tavernier,marcus-tavernier,152.0,"5' 10""",70.0,26.0,1999-03-22T08:00Z,England,M,349,29,33,28,6,0,0,5,4,16,58,3,0,3,29,AFC Bournemouth,0.27586206896551724,0.05172413793103448,0.1875,,6,83.8125,81.85654008438819,91.13924050632912,43.888888888888886,80.80168776371308,81.0126582278481,43.333333333333336,39.375,83.8125,93.625,42.393320964749535,86.5,90.625,29.74683544303798,,58.22784810126582,20.042194092827003,54.641350210970465,22.573839662447256
243386,Harvey Barnes,harvey-barnes,146.0,"5' 9""",69.0,28.0,1997-12-09T08:00Z,England,M,361,33,15,22,0,0,0,4,3,20,62,9,0,2,21,Newcastle United,0.3225806451612903,0.14516129032258066,0.45,,0,96.1875,98.31223628691983,88.18565400843882,61.38888888888889,71.51898734177216,55.06329113924051,86.11111111111111,81.25,96.1875,91.125,54.823747680890534,80.3125,67.0,43.459915611814345,,50.63291139240506,83.33333333333334,54.641350210970465,29.324894514767934
243396,Morgan Gibbs-White,morgan-gibbs-white,146.0,"5' 7""",67.0,25.0,2000-01-27T08:00Z,England,M,393,34,38,40,10,1,0,8,7,19,61,7,0,5,34,Nottingham Forest,0.3114754098360656,0.11475409836065574,0.3684210526315789,,12,93.875,95.56962025316456,97.67932489451476,56.111111111111114,90.084388185654,85.23206751054853,76.66666666666667,71.25,93.875,98.25,52.41187384044527,93.5625,94.0,20.042194092827003,,68.77637130801688,3.375527426160346,4.852320675105489,6.540084388185647
243400,Gabriel Osho,gabriel-osho,152.0,"6' 1""",73.0,27.0,1998-08-14T07:00Z,Nigeria,D,301,21,23,15,3,0,0,0,1,2,11,2,0,20,47,Luton Town,0.18181818181818182,0.18181818181818182,1.0,,3,77.8125,90.18181818181819,34.18181818181818,34.61538461538461,77.0909090909091,82.36363636363636,87.43589743589743,93.54838709677419,77.8125,30.625000000000004,24.95361781076067,70.6875,80.4375,7.818181818181813,,89.0909090909091,35.81818181818181,54.36363636363637,47.27272727272728
243408,Jayden Bogle,jayden-bogle,150.0,"5' 10""",70.0,25.0,2000-07-27T07:00Z,England,D,398,34,37,22,9,0,1,0,2,12,31,3,0,12,74,Sheffield United,0.3870967741935484,0.0967741935483871,0.25,,9,83.8125,96.18181818181817,34.18181818181818,74.35897435897436,87.63636363636364,98.36363636363636,72.3076923076923,58.06451612903226,83.8125,30.625000000000004,69.57328385899815,80.3125,93.5625,1.2727272727272663,,76.0,2.5454545454545467,54.36363636363637,32.90909090909091
243440,Dara O'Shea,dara-oshea,163.0,"6' 2""",74.0,26.0,1999-03-04T08:00Z,Republic of Ireland,D,373,35,21,26,6,0,0,2,5,2,22,0,0,50,73,Ipswich Town,0.09090909090909091,0.0,0.0,,6,30.312499999999996,35.090909090909086,88.72727272727273,23.076923076923077,89.81818181818181,78.0,28.974358974358978,23.548387096774192,30.312499999999996,79.75,16.41929499072356,84.25,77.625,1.818181818181813,,99.63636363636364,11.272727272727266,54.36363636363637,10.0
243440,Dara O'Shea,dara-oshea,163.0,"6' 2""",74.0,26.0,1999-03-04T08:00Z,Republic of Ireland,D,379,33,36,15,5,1,1,4,7,6,21,3,0,32,70,Burnley,0.2857142857142857,0.14285714285714285,0.5,,7,83.8125,96.18181818181817,96.36363636363636,55.38461538461539,77.0909090909091,97.63636363636363,83.07692307692308,79.6774193548387,83.8125,91.125,45.82560296846011,70.6875,93.0625,2.181818181818187,,96.36363636363636,17.818181818181827,4.7272727272727195,4.181818181818187
243725,Max Aarons,max-aarons,150.0,"5' 10""",70.0,25.0,2000-01-04T08:00Z,England,D,349,3,0,2,0,0,0,0,0,0,0,0,0,1,0,AFC Bournemouth,,,,,0,30.312499999999996,35.090909090909086,34.18181818181818,,37.45454545454546,12.909090909090908,,,30.312499999999996,30.625000000000004,,37.4375,15.5,89.27272727272728,,32.90909090909091,84.36363636363636,54.36363636363637,77.63636363636364
243787,Lloyd Kelly,lloyd-kelly,152.0,"6' 2""",74.0,27.0,1998-10-06T07:00Z,England,D,361,10,5,5,2,0,0,1,0,0,3,0,0,4,5,Newcastle United,0.0,0.0,,,2,30.312499999999996,35.090909090909086,76.36363636363637,10.512820512820513,51.81818181818182,40.54545454545455,28.974358974358978,,30.312499999999996,68.375,7.421150278293136,49.25,45.25,66.0,,47.45454545454545,45.27272727272727,54.36363636363637,77.63636363636364
245857,Anel Ahmedhodzic,anel-ahmedhodzic,183.0,"6' 3""",75.0,26.0,1999-03-26T08:00Z,Bosnia and Herzegovina,D,398,31,33,13,10,1,0,0,2,5,19,2,0,26,83,Sheffield United,0.2631578947368421,0.10526315789473684,0.4,,12,77.8125,90.18181818181819,34.18181818181818,49.743589743589745,73.81818181818181,94.54545454545455,74.61538461538461,71.61290322580646,77.8125,30.625000000000004,40.909090909090914,67.6875,90.625,0.0,,94.0,0.9090909090909065,4.7272727272727195,32.90909090909091
245916,Justin Kluivert,justin-kluivert,148.0,"5' 7""",67.0,26.0,1999-05-05T07:00Z,Netherlands,F,349,34,45,33,8,0,0,6,7,28,61,12,0,0,30,AFC Bournemouth,0.45901639344262296,0.19672131147540983,0.42857142857142855,,8,98.25,93.53233830845771,91.7910447761194,83.64779874213836,86.81592039800995,98.00995024875621,85.53459119496856,74.29577464788733,98.25,95.3125,83.85899814471243,90.3125,96.625,21.393034825870643,,29.35323383084577,1.990049751243788,52.48756218905473,3.980099502487562
246943,William Smallbone,william-smallbone,157.0,"6' 0""",72.0,25.0,2000-02-21T08:00Z,Republic of Ireland,M,376,18,11,3,1,0,0,0,2,1,7,1,0,0,22,Southampton,0.14285714285714285,0.14285714285714285,1.0,,1,67.375,60.970464135021096,25.738396624472575,19.166666666666668,34.177215189873415,48.10126582278481,84.72222222222221,98.75,67.375,30.625000000000004,20.500927643784784,42.1875,60.18750000000001,41.77215189873418,,17.29957805907173,61.392405063291136,54.641350210970465,38.81856540084389
249172,Mads Roerslev,mads-roerslev,170.0,"6' 0""",72.0,26.0,1999-06-24T07:00Z,Denmark,D,337,18,5,8,2,0,0,2,2,2,4,0,0,5,18,Brentford,0.5,0.0,0.0,,2,30.312499999999996,35.090909090909086,88.72727272727273,86.92307692307692,62.0,40.54545454545455,28.974358974358978,23.548387096774192,30.312499999999996,79.75,88.49721706864564,56.99999999999999,45.25,44.90909090909091,,51.63636363636363,45.27272727272727,54.36363636363637,32.90909090909091
249299,Alexis Mac Allister,alexis-mac-allister,150.0,"5' 9""",69.0,26.0,1998-12-24T08:00Z,Argentina,M,364,35,61,40,6,0,0,5,5,13,36,5,0,6,24,Liverpool,0.3611111111111111,0.1388888888888889,0.38461538461538464,,6,90.4375,91.56118143459916,91.13924050632912,72.77777777777777,90.084388185654,97.8902953586498,83.33333333333334,73.4375,90.4375,93.625,63.91465677179963,93.5625,99.125,39.24050632911392,,73.20675105485233,20.042194092827003,54.641350210970465,15.822784810126578
249524,Cody Gakpo,cody-gakpo,168.0,"6' 4""",76.0,26.0,1999-05-07T07:00Z,Netherlands,F,364,35,20,31,5,0,0,4,2,22,56,10,0,4,23,Liverpool,0.39285714285714285,0.17857142857142858,0.45454545454545453,,5,97.125,89.80099502487562,84.32835820895522,58.490566037735846,84.07960199004975,77.61194029850746,80.50314465408806,80.28169014084507,97.125,91.125,70.77922077922078,88.8125,76.5,34.32835820895522,,90.79601990049751,7.462686567164184,52.48756218905473,28.606965174129357
250183,Conor Bradley,conor-bradley,139.0,"5' 11""",71.0,22.0,2003-07-09T07:00Z,Northern Ireland,D,364,19,12,14,4,0,0,2,2,3,10,0,0,3,10,Liverpool,0.3,0.0,0.0,,4,30.312499999999996,35.090909090909086,88.72727272727273,60.0,75.63636363636364,62.54545454545455,28.974358974358978,23.548387096774192,30.312499999999996,79.75,49.814471243042675,69.4375,62.31250000000001,57.45454545454545,,42.18181818181818,27.454545454545453,54.36363636363637,32.90909090909091
250543,Kevin Danso,kevin-danso,185.0,"6' 3""",75.0,27.0,1998-09-19T07:00Z,Austria,D,367,10,9,13,0,0,0,0,0,3,7,0,0,12,17,Tottenham Hotspur,0.42857142857142855,0.0,0.0,,0,30.312499999999996,35.090909090909086,34.18181818181818,78.71794871794872,73.81818181818181,54.90909090909091,28.974358974358978,23.548387096774192,30.312499999999996,30.625000000000004,77.92207792207793,67.6875,56.25,46.72727272727273,,76.0,84.36363636363636,54.36363636363637,77.63636363636364
250787,Phil Foden,phil-foden,139.0,"5' 7""",67.0,25.0,2000-05-28T07:00Z,England,M,382,28,5,34,2,0,0,2,4,15,53,7,0,1,24,Manchester City,0.2830188679245283,0.1320754716981132,0.4666666666666667,,2,93.875,95.56962025316456,71.94092827004219,46.111111111111114,85.23206751054853,34.810126582278485,81.66666666666667,81.875,93.875,79.75,44.15584415584416,90.875,45.25,39.24050632911392,,40.29535864978903,51.265822784810126,54.641350210970465,22.573839662447256
250936,Boubacar Kamara,boubacar-kamara,150.0,"6' 0""",72.0,26.0,1999-11-23T08:00Z,France,M,362,26,29,35,2,0,0,0,0,3,10,1,0,7,23,Aston Villa,0.3,0.1,0.3333333333333333,,2,67.375,60.970464135021096,25.738396624472575,51.66666666666667,86.49789029535864,75.73839662447257,72.5,65.625,67.375,30.625000000000004,49.814471243042675,91.5,87.6875,40.50632911392405,,78.05907172995781,51.265822784810126,54.641350210970465,80.80168776371309
250945,Aaron Wan-Bissaka,aaron-wan-bissaka,159.0,"6' 0""",72.0,28.0,1997-11-26T08:00Z,England,D,371,36,25,27,1,0,1,5,4,6,17,2,0,11,56,West Ham United,0.35294117647058826,0.11764705882352941,0.3333333333333333,,1,77.8125,90.18181818181819,98.0,69.74358974358974,90.54545454545455,85.0909090909091,78.2051282051282,66.45161290322581,77.8125,93.625,62.80148423005566,85.125,83.5,5.63636363636364,,73.63636363636363,59.81818181818182,54.36363636363637,15.63636363636364
251100,Pau Torres,pau-torres,174.0,"6' 3""",75.0,28.0,1997-01-16T08:00Z,Spain,D,362,24,8,7,2,0,0,0,4,1,8,0,0,10,33,Aston Villa,0.125,0.0,0.0,,2,30.312499999999996,35.090909090909086,34.18181818181818,25.384615384615383,59.81818181818181,51.81818181818182,28.974358974358978,23.548387096774192,30.312499999999996,30.625000000000004,19.20222634508349,54.87499999999999,53.625,25.454545454545453,,70.18181818181817,45.27272727272727,54.36363636363637,15.63636363636364
251399,Ryan Manning,ryan-manning,146.0,"5' 8""",68.0,29.0,1996-06-14T07:00Z,Republic of Ireland,D,376,24,17,32,2,0,0,1,6,0,8,0,0,11,35,Southampton,0.0,0.0,,,2,30.312499999999996,35.090909090909086,76.36363636363637,10.512820512820513,94.36363636363636,71.0909090909091,28.974358974358978,,30.312499999999996,68.375,7.421150278293136,89.625,71.375,23.636363636363626,,73.63636363636363,45.27272727272727,54.36363636363637,6.545454545454547
251400,Eberechi Eze,eberechi-eze,161.0,"5' 10""",70.0,27.0,1998-06-29T07:00Z,England,M,384,34,13,51,1,0,0,8,17,24,98,8,0,1,32,Crystal Palace,0.24489795918367346,0.08163265306122448,0.3333333333333333,,1,95.0625,97.0464135021097,97.67932489451476,36.666666666666664,94.51476793248945,51.47679324894515,62.77777777777778,65.625,95.0625,98.25,34.9721706864564,97.3125,64.0,23.41772151898735,,40.29535864978903,61.392405063291136,54.641350210970465,0.0
251634,Ibrahima Konaté,ibrahima-konate,207.0,"6' 4""",76.0,26.0,1999-05-25T07:00Z,France,D,364,31,27,20,5,0,0,2,3,3,19,1,0,16,27,Liverpool,0.15789473684210525,0.05263157894736842,0.3333333333333333,,5,67.375,78.0,88.72727272727273,29.230769230769234,84.9090909090909,88.36363636363636,61.02564102564103,66.45161290322581,67.375,79.75,21.521335807050093,78.1875,85.75,31.818181818181827,,83.27272727272728,17.818181818181827,54.36363636363637,22.909090909090907
251658,Sean Longstaff,sean-longstaff,141.0,"5' 11""",71.0,28.0,1997-10-30T08:00Z,England,M,361,25,9,6,2,0,0,0,1,1,6,0,0,5,10,Newcastle United,0.16666666666666666,0.0,0.0,,2,30.312499999999996,26.582278481012654,25.738396624472575,21.666666666666668,41.77215189873418,45.14767932489451,19.166666666666668,15.312500000000002,30.312499999999996,30.625000000000004,23.00556586270872,52.25,56.25,56.962025316455694,,68.77637130801688,51.265822784810126,54.641350210970465,53.37552742616033
251701,Ben Brereton Díaz,ben-brereton-diaz,174.0,"6' 1""",73.0,26.0,1999-04-18T07:00Z,Chile,F,376,10,4,8,1,0,0,0,1,1,11,0,0,1,10,Southampton,0.09090909090909091,0.0,0.0,,1,30.312499999999996,20.149253731343283,24.875621890547265,11.320754716981133,46.766169154228855,38.55721393034826,12.264150943396226,7.746478873239436,30.312499999999996,30.625000000000004,16.41929499072356,56.99999999999999,43.25,55.223880597014926,,66.16915422885572,50.0,52.48756218905473,45.77114427860697
251701,Ben Brereton Díaz,ben-brereton-diaz,174.0,"6' 1""",73.0,26.0,1999-04-18T07:00Z,Chile,F,398,14,11,19,3,0,0,1,0,17,36,6,0,3,35,Sheffield United,0.4722222222222222,0.16666666666666666,0.35294117647058826,,3,92.375,77.11442786069652,57.46268656716418,85.53459119496856,68.40796019900498,57.711442786069654,75.78616352201259,57.3943661971831,92.375,68.375,84.78664192949907,76.625,60.18750000000001,17.16417910447761,,86.31840796019901,20.149253731343293,52.48756218905473,76.86567164179104
251936,Ross Stewart,ross-stewart,185.0,"6' 2""",74.0,29.0,1996-07-11T07:00Z,Scotland,F,376,12,7,7,1,0,0,0,0,2,8,1,0,0,9,Southampton,0.25,0.125,0.5,,1,67.375,46.766169154228855,24.875621890547265,24.528301886792452,44.02985074626866,46.517412935323385,58.17610062893082,86.97183098591549,67.375,30.625000000000004,37.569573283859,54.87499999999999,51.1875,56.96517412935324,,29.35323383084577,50.0,52.48756218905473,76.86567164179104
252031,Jorge Cuenca,jorge-cuenca,163.0,"6' 3""",75.0,26.0,1999-11-17T08:00Z,Spain,D,370,8,2,2,0,0,0,0,0,0,1,0,0,3,8,Fulham,0.0,0.0,,,0,30.312499999999996,35.090909090909086,34.18181818181818,10.512820512820513,37.45454545454546,31.454545454545457,28.974358974358978,,30.312499999999996,30.625000000000004,7.421150278293136,37.4375,37.25,61.09090909090909,,42.18181818181818,84.36363636363636,54.36363636363637,77.63636363636364
252389,Kiernan Dewsbury-Hall,kiernan-dewsbury-hall,174.0,"5' 10""",70.0,27.0,1998-09-06T07:00Z,England,M,363,13,3,6,0,0,0,1,1,0,1,0,0,0,3,Chelsea,0.0,0.0,,,0,30.312499999999996,26.582278481012654,58.64978902953587,5.833333333333333,41.77215189873418,32.06751054852321,19.166666666666668,,30.312499999999996,68.375,7.421150278293136,52.25,40.8125,70.042194092827,,17.29957805907173,83.33333333333334,54.641350210970465,53.37552742616033
252521,Hannes Delcroix,hannes-delcroix,172.0,"6' 1""",73.0,26.0,1999-02-28T08:00Z,Haiti,D,379,12,6,0,2,0,0,0,1,2,4,0,0,3,25,Burnley,0.5,0.0,0.0,,2,30.312499999999996,35.090909090909086,34.18181818181818,86.92307692307692,14.000000000000002,45.09090909090909,28.974358974358978,23.548387096774192,30.312499999999996,30.625000000000004,88.49721706864564,14.499999999999998,48.1875,34.90909090909091,,42.18181818181818,45.27272727272727,54.36363636363637,47.27272727272728
252576,Carlos Vinícius,carlos-vinicius,190.0,"6' 3""",75.0,30.0,1995-03-25T08:00Z,Brazil,F,370,3,0,2,0,0,0,0,0,1,1,0,0,0,1,Fulham,1.0,0.0,0.0,,0,30.312499999999996,20.149253731343283,24.875621890547265,98.74213836477988,31.343283582089555,11.691542288557214,12.264150943396226,7.746478873239436,30.312499999999996,30.625000000000004,97.77365491651206,37.4375,15.5,77.363184079602,,29.35323383084577,79.35323383084577,52.48756218905473,76.86567164179104
252747,Jørgen Strand Larsen,jørgen-strand-larsen,172.0,"6' 4""",76.0,25.0,2000-02-06T08:00Z,Norway,F,380,35,43,19,4,0,0,4,2,32,56,14,0,4,50,Wolverhampton Wanderers,0.5714285714285714,0.25,0.4375,,4,98.8125,95.77114427860697,84.32835820895522,95.28301886792453,68.40796019900498,97.01492537313433,96.54088050314465,76.76056338028168,98.8125,91.125,93.5064935064935,76.625,95.8125,2.985074626865668,,90.79601990049751,13.18407960199005,52.48756218905473,28.606965174129357
253958,Tom Davies,tom-davies,152.0,"5' 11""",71.0,27.0,1998-06-30T07:00Z,England,M,398,9,6,2,2,0,0,0,2,1,4,0,0,1,10,Sheffield United,0.25,0.0,0.0,,2,30.312499999999996,26.582278481012654,25.738396624472575,39.44444444444444,30.168776371308013,37.34177215189873,19.166666666666668,15.312500000000002,30.312499999999996,30.625000000000004,37.569573283859,37.4375,48.1875,56.962025316455694,,40.29535864978903,51.265822784810126,54.641350210970465,38.81856540084389
253989,Erling Haaland,erling-haaland,192.0,"6' 5""",77.0,25.0,2000-07-21T07:00Z,Norway,F,382,31,23,13,2,0,0,3,2,57,109,22,0,2,36,Manchester City,0.5229357798165137,0.2018348623853211,0.38596491228070173,,2,99.75,99.00497512437812,77.11442786069652,93.08176100628931,58.2089552238806,82.58706467661692,88.0503144654088,64.7887323943662,99.75,86.625,91.65120593692022,67.6875,80.4375,14.427860696517413,,78.85572139303483,32.58706467661692,52.48756218905473,28.606965174129357
254118,Nicolás Domínguez,nicolas-dominguez,161.0,"5' 10""",70.0,27.0,1998-06-28T07:00Z,Argentina,M,393,34,33,18,9,0,0,1,5,9,21,0,0,12,27,Nottingham Forest,0.42857142857142855,0.0,0.0,,9,30.312499999999996,26.582278481012654,58.64978902953587,84.44444444444444,65.61181434599156,81.0126582278481,19.166666666666668,15.312500000000002,30.312499999999996,68.375,77.92207792207793,75.0,90.625,33.96624472573839,,94.51476793248945,6.540084388185647,54.641350210970465,15.822784810126578
255765,Rhian Brewster,rhian-brewster,163.0,"5' 11""",71.0,25.0,2000-04-01T08:00Z,England,F,398,13,4,5,0,1,0,0,0,1,5,0,0,0,8,Sheffield United,0.2,0.0,0.0,,2,30.312499999999996,20.149253731343283,24.875621890547265,16.9811320754717,39.800995024875625,38.55721393034826,12.264150943396226,7.746478873239436,30.312499999999996,30.625000000000004,28.107606679035253,49.25,43.25,58.70646766169154,,29.35323383084577,79.35323383084577,2.736318407960198,76.86567164179104
255850,Scott McTominay,scott-mctominay,192.0,"6' 4""",76.0,29.0,1996-12-08T08:00Z,Scotland,M,360,2,0,0,0,0,0,0,0,0,0,0,0,0,1,Manchester United,,,,,0,30.312499999999996,26.582278481012654,25.738396624472575,,12.025316455696203,11.814345991561181,,,30.312499999999996,30.625000000000004,,14.499999999999998,15.5,76.37130801687763,,17.29957805907173,83.33333333333334,54.641350210970465,80.80168776371309
255916,Flynn Downes,flynn-downes,152.0,"5' 8""",68.0,27.0,1999-01-20T08:00Z,England,M,376,27,48,39,12,0,0,0,1,2,8,1,0,6,49,Southampton,0.25,0.125,0.5,,12,67.375,60.970464135021096,25.738396624472575,39.44444444444444,88.81856540084388,94.51476793248945,79.72222222222223,85.9375,67.375,30.625000000000004,37.569573283859,93.0,97.8125,5.907172995780584,,73.20675105485233,0.2109704641350163,54.641350210970465,53.37552742616033
256115,Pedro Neto,pedro-neto,137.0,"5' 9""",69.0,25.0,2000-03-09T08:00Z,Portugal,F,363,35,21,33,8,0,0,6,1,16,57,4,0,2,26,Chelsea,0.2807017543859649,0.07017543859649122,0.25,,8,87.8125,68.65671641791045,91.7910447761194,31.446540880503143,86.81592039800995,79.35323383084577,35.22012578616352,33.098591549295776,87.8125,95.3125,43.7847866419295,90.3125,77.625,27.114427860696523,,78.85572139303483,1.990049751243788,52.48756218905473,45.77114427860697
256966,Daiki Hashioka,daiki-hashioka,161.0,"6' 0""",72.0,26.0,1999-05-17T07:00Z,Japan,D,301,10,10,6,0,0,2,0,0,2,3,0,0,7,18,Luton Town,0.6666666666666666,0.0,0.0,,0,30.312499999999996,35.090909090909086,34.18181818181818,95.38461538461539,56.36363636363636,57.63636363636364,28.974358974358978,23.548387096774192,30.312499999999996,30.625000000000004,95.08348794063079,52.25,58.25,44.90909090909091,,59.63636363636363,84.36363636363636,54.36363636363637,77.63636363636364
257039,Vinicius Souza,vinicius-souza,174.0,"6' 2""",74.0,26.0,1999-06-17T07:00Z,Brazil,M,398,36,45,14,3,0,0,0,3,6,13,1,0,18,75,Sheffield United,0.46153846153846156,0.07692307692307693,0.16666666666666666,,3,67.375,60.970464135021096,25.738396624472575,88.88888888888889,59.07172995780591,91.56118143459916,60.83333333333333,36.5625,67.375,30.625000000000004,84.13729128014842,69.4375,96.625,0.4219409282700326,,97.67932489451476,41.983122362869196,54.641350210970465,29.324894514767934
257058,Hamed Traoré,hamed-traore,170.0,"6' 0""",72.0,25.0,2000-02-16T08:00Z,Ivory Coast,M,349,0,0,0,0,0,0,0,0,0,0,0,0,0,0,AFC Bournemouth,,,,,0,30.312499999999996,26.582278481012654,25.738396624472575,,12.025316455696203,11.814345991561181,,,30.312499999999996,30.625000000000004,,14.499999999999998,15.5,89.0295358649789,,17.29957805907173,83.33333333333334,54.641350210970465,80.80168776371309
257206,Dominik Szoboszlai,dominik-szoboszlai,161.0,"6' 1""",73.0,25.0,2000-10-25T07:00Z,Hungary,M,364,36,43,24,6,0,0,7,2,21,67,6,0,4,28,Liverpool,0.31343283582089554,0.08955223880597014,0.2857142857142857,,6,92.375,93.88185654008439,95.14767932489451,58.88888888888889,73.83966244725738,89.87341772151899,67.22222222222223,58.12500000000001,92.375,97.0625,53.432282003710576,82.5,95.8125,31.856540084388186,,64.34599156118144,20.042194092827003,54.641350210970465,38.81856540084389
257390,Luis Díaz,luis-diaz,141.0,"5' 10""",70.0,29.0,1997-01-13T08:00Z,Colombia,F,364,36,47,32,2,0,0,5,2,29,69,13,0,0,20,Liverpool,0.42028985507246375,0.18840579710144928,0.4482758620689655,,2,98.5625,94.77611940298507,88.30845771144278,70.44025157232704,85.3233830845771,98.50746268656717,84.27672955974843,78.87323943661971,98.5625,93.625,77.1799628942486,89.625,97.5,39.552238805970156,,29.35323383084577,32.58706467661692,52.48756218905473,28.606965174129357
258491,Frank Onyeka,frank-onyeka,152.0,"6' 0""",72.0,28.0,1998-01-01T08:00Z,Nigeria,M,337,2,2,0,0,0,0,0,0,0,0,0,0,0,0,Brentford,,,,,0,30.312499999999996,26.582278481012654,25.738396624472575,,12.025316455696203,28.902953586497894,,,30.312499999999996,30.625000000000004,,14.499999999999998,37.25,89.0295358649789,,17.29957805907173,83.33333333333334,54.641350210970465,80.80168776371309
259481,Donyell Malen,donyell-malen,150.0,"5' 9""",69.0,27.0,1999-01-19T08:00Z,Netherlands,F,362,14,1,5,0,0,0,0,1,9,15,3,0,0,6,Aston Villa,0.6,0.2,0.3333333333333333,,0,83.8125,62.68656716417911,24.875621890547265,96.54088050314465,39.800995024875625,25.870646766169152,86.79245283018868,51.056338028169016,83.8125,30.625000000000004,94.43413729128015,49.25,33.0625,60.9452736318408,,29.35323383084577,79.35323383084577,52.48756218905473,45.77114427860697
259486,Eddie Nketiah,eddie-nketiah,159.0,"5' 9""",69.0,26.0,1999-05-30T07:00Z,England,F,359,0,0,0,0,0,0,0,0,0,0,0,0,0,0,Arsenal,,,,,0,30.312499999999996,20.149253731343283,24.875621890547265,,12.437810945273633,11.691542288557214,,,30.312499999999996,30.625000000000004,,14.499999999999998,15.5,89.30348258706468,,29.35323383084577,79.35323383084577,52.48756218905473,76.86567164179104
259486,Eddie Nketiah,eddie-nketiah,159.0,"5' 9""",69.0,26.0,1999-05-30T07:00Z,England,F,384,29,25,29,5,1,0,1,0,16,41,3,0,1,16,Crystal Palace,0.3902439024390244,0.07317073170731707,0.1875,,7,83.8125,62.68656716417911,57.46268656716418,57.54716981132076,82.83582089552239,87.56218905472637,37.735849056603776,21.47887323943662,83.8125,68.375,70.40816326530613,87.6875,83.5,47.01492537313433,,66.16915422885572,7.462686567164184,2.736318407960198,76.86567164179104
259497,Boubakary Soumaré,boubakary-soumare,152.0,"6' 2""",74.0,26.0,1999-02-27T08:00Z,France,M,375,31,24,23,8,0,0,0,3,0,7,0,0,10,50,Leicester City,0.0,0.0,,,8,30.312499999999996,26.582278481012654,25.738396624472575,5.833333333333333,72.36286919831224,71.30801687763713,19.166666666666668,,30.312499999999996,30.625000000000004,7.421150278293136,81.375,82.0625,5.274261603375535,,89.24050632911393,10.759493670886073,54.641350210970465,29.324894514767934
259517,Joe Willock,joe-willock,157.0,"5' 10""",70.0,26.0,1999-08-20T07:00Z,England,M,361,32,20,13,4,0,0,2,2,3,18,0,0,6,16,Newcastle United,0.16666666666666666,0.0,0.0,,4,30.312499999999996,26.582278481012654,71.94092827004219,21.666666666666668,57.17299578059072,66.66666666666666,19.166666666666668,15.312500000000002,30.312499999999996,79.75,23.00556586270872,67.6875,76.5,50.0,,73.20675105485233,32.27848101265823,54.641350210970465,38.81856540084389
259836,Jadon Sancho,jadon-sancho,168.0,"5' 11""",71.0,25.0,2000-03-25T08:00Z,England,F,363,31,6,11,2,0,0,4,1,8,26,3,0,0,24,Chelsea,0.3076923076923077,0.11538461538461539,0.375,,2,83.8125,62.68656716417911,84.32835820895522,37.42138364779874,53.482587064676615,43.28358208955223,54.71698113207547,61.61971830985915,83.8125,91.125,51.57699443413729,63.81250000000001,48.1875,31.09452736318407,,29.35323383084577,32.58706467661692,52.48756218905473,45.77114427860697
259838,Arijanet Muric,arijanet-muric,179.0,"6' 6""",78.0,27.0,1998-11-07T08:00Z,Kosovo,G,373,18,0,4,1,0,0,0,3,0,0,0,232,71,33,Ipswich Town,,,,0.6826923076923077,1,30.312499999999996,50.57471264367817,47.701149425287355,,87.35632183908046,44.252873563218394,,,30.312499999999996,30.625000000000004,,45.8125,15.5,22.41379310344827,48.0,77.58620689655173,24.13793103448276,50.0,18.39080459770115
259838,Arijanet Muric,arijanet-muric,179.0,"6' 6""",78.0,27.0,1998-11-07T08:00Z,Kosovo,G,379,10,0,3,0,0,1,0,5,1,1,0,166,63,15,Burnley,1.0,0.0,0.0,0.8076923076923077,0,30.312499999999996,50.57471264367817,47.701149425287355,80.0,81.60919540229885,44.252873563218394,60.0,66.66666666666666,30.312499999999996,30.625000000000004,97.77365491651206,42.1875,15.5,35.057471264367805,92.0,74.71264367816092,63.793103448275865,50.0,10.34482758620689
259863,Tyrell Malacia,tyrell-malacia,148.0,"5' 7""",67.0,26.0,1999-08-17T07:00Z,Netherlands,D,360,3,3,2,1,0,0,0,0,0,0,0,0,0,1,Manchester United,,,,,1,30.312499999999996,35.090909090909086,34.18181818181818,,37.45454545454546,35.27272727272727,,,30.312499999999996,30.625000000000004,,37.4375,40.8125,76.72727272727272,,15.272727272727273,59.81818181818182,54.36363636363637,77.63636363636364
259902,Matheus Cunha,matheus-cunha,168.0,"6' 0""",72.0,26.0,1999-05-27T07:00Z,Brazil,F,380,33,40,71,4,0,0,6,9,39,108,15,0,1,51,Wolverhampton Wanderers,0.3611111111111111,0.1388888888888889,0.38461538461538464,,4,99.0625,96.51741293532339,91.7910447761194,47.16981132075472,99.50248756218906,96.51741293532339,65.40880503144653,63.732394366197184,99.0625,95.3125,63.91465677179963,99.75,94.75,2.487562189054728,,66.16915422885572,13.18407960199005,52.48756218905473,1.492537313432834
259910,Marc Cucurella,marc-cucurella,146.0,"5' 9""",69.0,27.0,1998-07-22T07:00Z,Spain,D,363,36,36,38,9,1,0,1,7,10,23,5,0,15,39,Chelsea,0.43478260869565216,0.21739130434782608,0.5,,11,90.4375,99.63636363636364,76.36363636363637,79.48717948717949,96.9090909090909,97.63636363636363,91.28205128205128,79.6774193548387,90.4375,68.375,78.66419294990723,92.375,93.0625,18.545454545454547,,82.0,2.5454545454545467,4.7272727272727195,4.181818181818187
259942,Brandon Austin,brandon-austin,181.0,"6' 2""",74.0,26.0,1999-01-08T08:00Z,England,G,367,1,0,2,0,0,0,0,0,0,0,0,12,2,2,Tottenham Hotspur,,,,0.5,0,30.312499999999996,50.57471264367817,47.701149425287355,,72.98850574712644,44.252873563218394,,,30.312499999999996,30.625000000000004,,37.4375,15.5,50.57471264367816,8.0,45.40229885057471,63.793103448275865,50.0,67.24137931034483
261047,Sandro Tonali,sandro-tonali,172.0,"5' 11""",71.0,25.0,2000-05-08T07:00Z,Italy,M,361,36,36,49,5,0,0,2,7,11,33,4,0,12,33,Newcastle United,0.3333333333333333,0.12121212121212122,0.36363636363636365,,5,87.8125,87.55274261603375,71.94092827004219,65.83333333333333,93.24894514767934,83.54430379746836,78.88888888888889,69.6875,87.8125,79.75,57.977736549165115,96.375,93.0625,21.729957805907176,,94.51476793248945,25.105485232067508,54.641350210970465,6.540084388185647
261083,Luke Woolfenden,luke-woolfenden,152.0,"6' 4""",76.0,27.0,1998-10-21T07:00Z,England,D,373,15,5,2,2,0,0,0,2,0,1,0,0,14,28,Ipswich Town,0.0,0.0,,,2,30.312499999999996,35.090909090909086,34.18181818181818,10.512820512820513,37.45454545454546,40.54545454545455,28.974358974358978,,30.312499999999996,30.625000000000004,7.421150278293136,37.4375,45.25,30.36363636363636,,80.18181818181817,45.27272727272727,54.36363636363637,32.90909090909091
261087,Matt O'Riley,matt-oriley,170.0,"6' 2""",74.0,25.0,2000-11-21T08:00Z,Denmark,M,331,21,16,13,1,0,1,2,0,6,21,2,0,3,19,Brighton & Hove Albion,0.2857142857142857,0.09523809523809523,0.3333333333333333,,1,77.8125,73.83966244725738,71.94092827004219,47.5,57.17299578059072,58.016877637130804,70.83333333333334,65.625,77.8125,79.75,45.82560296846011,67.6875,69.25,45.780590717299575,,58.22784810126582,61.392405063291136,54.641350210970465,80.80168776371309
261419,Callum Hudson-Odoi,callum-hudson-odoi,168.0,"6' 0""",72.0,25.0,2000-11-07T08:00Z,England,F,393,31,11,25,2,0,0,2,3,16,37,5,0,0,23,Nottingham Forest,0.43243243243243246,0.13513513513513514,0.3125,,2,90.4375,72.88557213930348,69.15422885572139,71.69811320754717,77.86069651741293,57.711442786069654,61.0062893081761,45.07042253521127,90.4375,79.75,78.4786641929499,83.375,60.18750000000001,34.32835820895522,,29.35323383084577,32.58706467661692,52.48756218905473,16.91542288557214
261448,Oliver Skipp,oliver-skipp,152.0,"5' 9""",69.0,25.0,2000-09-16T07:00Z,England,M,375,24,21,13,8,0,0,0,1,1,5,0,0,6,27,Leicester City,0.2,0.0,0.0,,8,30.312499999999996,26.582278481012654,25.738396624472575,27.77777777777778,57.17299578059072,67.9324894514768,19.166666666666668,15.312500000000002,30.312499999999996,30.625000000000004,28.107606679035253,67.6875,77.625,33.96624472573839,,73.20675105485233,10.759493670886073,54.641350210970465,53.37552742616033
261504,Elijah Adebayo,elijah-adebayo,194.0,"6' 4""",76.0,27.0,1998-01-07T08:00Z,England,F,301,27,25,16,1,0,0,0,1,14,31,10,0,2,36,Luton Town,0.45161290322580644,0.3225806451612903,0.7142857142857143,,1,97.125,89.80099502487562,24.875621890547265,77.67295597484278,62.68656716417911,87.56218905472637,98.74213836477988,98.59154929577466,97.125,30.625000000000004,81.91094619666049,72.3125,83.5,14.427860696517413,,78.85572139303483,50.0,52.48756218905473,45.77114427860697
262594,Vitaliy Mykolenko,vitaliy-mykolenko,157.0,"5' 11""",71.0,26.0,1999-05-29T07:00Z,Ukraine,D,368,35,22,34,4,0,0,2,3,1,14,1,0,10,39,Everton,0.07142857142857142,0.07142857142857142,1.0,,4,67.375,78.0,88.72727272727273,21.025641025641026,95.45454545454545,79.81818181818183,66.66666666666666,93.54838709677419,67.375,79.75,15.213358070500927,90.875,78.8125,18.545454545454547,,70.18181818181817,27.454545454545453,54.36363636363637,22.909090909090907
263110,Calvin Bassey,calvin-bassey,168.0,"6' 1""",73.0,25.0,1999-12-31T08:00Z,Nigeria,D,370,35,26,32,7,0,0,0,2,4,14,1,0,19,45,Fulham,0.2857142857142857,0.07142857142857142,0.25,,7,67.375,78.0,34.18181818181818,55.38461538461539,94.36363636363636,86.54545454545455,66.66666666666666,58.06451612903226,67.375,30.625000000000004,45.82560296846011,89.625,84.75,10.181818181818187,,87.63636363636364,7.454545454545453,54.36363636363637,32.90909090909091
264751,Lyle Foster,lyle-foster,152.0,"6' 1""",73.0,25.0,2000-09-03T07:00Z,South Africa,F,379,24,23,11,0,1,0,3,2,15,33,5,0,5,41,Burnley,0.45454545454545453,0.15151515151515152,0.3333333333333333,,2,90.4375,72.88557213930348,77.11442786069652,80.50314465408806,53.482587064676615,82.58706467661692,72.64150943396226,51.056338028169016,90.4375,86.625,82.83858998144711,63.81250000000001,80.4375,7.960199004975124,,94.27860696517413,79.35323383084577,2.736318407960198,28.606965174129357
265653,Morgan Rogers,morgan-rogers,174.0,"6' 2""",74.0,23.0,2002-07-26T07:00Z,England,F,362,37,49,51,10,0,0,10,6,19,55,8,0,7,41,Aston Villa,0.34545454545454546,0.14545454545454545,0.42105263157894735,,10,95.0625,84.07960199004975,98.50746268656717,42.76729559748428,96.51741293532339,99.00497512437812,66.98113207547169,71.47887323943662,95.0625,99.25,61.59554730983302,97.3125,98.0625,7.960199004975124,,96.26865671641791,0.4975124378109399,52.48756218905473,6.96517412935323
265907,Marc Guéhi,marc-guehi,174.0,"6' 0""",72.0,25.0,2000-07-13T07:00Z,England,D,384,34,22,27,8,1,3,2,6,10,19,3,0,24,39,Crystal Palace,0.5263157894736842,0.15789473684210525,0.3,,10,83.8125,96.18181818181817,88.72727272727273,92.3076923076923,90.54545454545455,79.81818181818183,84.1025641025641,62.58064516129033,83.8125,79.75,92.02226345083488,85.125,78.8125,18.545454545454547,,92.0,4.181818181818187,4.7272727272727195,6.545454545454547
265918,Maxence Lacroix,maxence-lacroix,192.0,"6' 3""",75.0,25.0,2000-04-06T07:00Z,France,D,384,35,33,19,5,0,0,1,0,4,29,1,0,19,42,Crystal Palace,0.13793103448275862,0.034482758620689655,0.25,,5,67.375,78.0,76.36363636363637,26.666666666666668,83.27272727272728,94.54545454545455,58.46153846153847,58.06451612903226,67.375,68.375,19.851576994434136,76.625,90.625,14.909090909090907,,87.63636363636364,17.818181818181827,54.36363636363637,77.63636363636364
265965,Yukinari Sugawara,yukinari-sugawara,150.0,"5' 10""",70.0,25.0,2000-06-28T07:00Z,Japan,D,376,30,12,10,4,0,0,1,1,5,14,1,0,7,46,Southampton,0.35714285714285715,0.07142857142857142,0.2,,4,67.375,78.0,76.36363636363637,70.25641025641025,66.54545454545455,62.54545454545455,66.66666666666666,53.5483870967742,67.375,68.375,63.4508348794063,61.4375,62.31250000000001,8.545454545454547,,59.63636363636363,27.454545454545453,54.36363636363637,47.27272727272728
266096,Marshall Munetsi,marshall-munetsi,183.0,"6' 2""",74.0,29.0,1996-06-22T07:00Z,Zimbabwe,M,380,14,17,10,0,0,0,1,0,7,22,2,0,1,11,Wolverhampton Wanderers,0.3181818181818182,0.09090909090909091,0.2857142857142857,,0,77.8125,73.83966244725738,58.64978902953587,60.0,51.68776371308017,60.970464135021096,68.61111111111111,58.12500000000001,77.8125,68.375,54.26716141001855,61.4375,71.375,54.85232067510549,,40.29535864978903,83.33333333333334,54.641350210970465,80.80168776371309
266599,Mohammed Kudus,mohammed-kudus,152.0,"5' 10""",70.0,25.0,2000-08-02T07:00Z,Ghana,M,371,32,33,65,2,1,0,3,2,20,72,5,0,1,43,West Ham United,0.2777777777777778,0.06944444444444445,0.25,,4,90.4375,91.56118143459916,81.85654008438819,44.72222222222222,99.15611814345992,81.0126582278481,54.44444444444444,51.24999999999999,90.4375,86.625,43.042671614100186,99.5,90.625,10.759493670886073,,40.29535864978903,51.265822784810126,4.852320675105489,38.81856540084389
266628,Cheick Doucouré,cheick-doucoure,161.0,"5' 11""",71.0,25.0,2000-01-08T08:00Z,Mali,M,384,13,7,7,1,0,0,0,0,0,7,0,0,0,5,Crystal Palace,0.0,0.0,,,1,30.312499999999996,26.582278481012654,25.738396624472575,5.833333333333333,44.09282700421941,40.50632911392405,19.166666666666668,,30.312499999999996,30.625000000000004,7.421150278293136,54.87499999999999,51.1875,64.76793248945148,,17.29957805907173,61.392405063291136,54.641350210970465,80.80168776371309
266697,Emile Smith Rowe,emile-smith-rowe,172.0,"6' 0""",72.0,25.0,2000-07-28T07:00Z,England,M,370,34,19,14,3,0,0,3,2,11,35,6,0,2,26,Fulham,0.3142857142857143,0.17142857142857143,0.5454545454545454,,3,92.375,93.88185654008439,81.85654008438819,59.44444444444444,59.07172995780591,64.9789029535865,89.44444444444444,90.625,92.375,86.625,53.61781076066791,69.4375,74.6875,36.49789029535865,,50.63291139240506,41.983122362869196,54.641350210970465,38.81856540084389
266846,Steven Benda,steven-benda,183.0,"6' 4""",76.0,27.0,1998-10-01T07:00Z,Germany,G,370,0,0,0,0,0,0,0,0,0,0,0,0,0,0,Fulham,,,,,0,30.312499999999996,50.57471264367817,47.701149425287355,,29.310344827586203,44.252873563218394,,,30.312499999999996,30.625000000000004,,14.499999999999998,15.5,77.01149425287356,,21.839080459770116,63.793103448275865,50.0,67.24137931034483
267458,Paris Maghoma,paris-maghoma,150.0,"5' 11""",71.0,24.0,2001-05-08T07:00Z,England,M,337,8,2,4,0,0,0,0,0,0,1,0,0,2,1,Brentford,0.0,0.0,,,0,30.312499999999996,26.582278481012654,25.738396624472575,5.833333333333333,37.130801687763714,28.902953586497894,19.166666666666668,,30.312499999999996,30.625000000000004,7.421150278293136,45.8125,37.25,76.37130801687763,,50.63291139240506,83.33333333333334,54.641350210970465,80.80168776371309
267711,Djed Spence,djed-spence,157.0,"6' 1""",73.0,25.0,2000-08-09T07:00Z,England,D,367,25,19,23,3,1,1,2,4,4,11,1,0,9,35,Tottenham Hotspur,0.36363636363636365,0.09090909090909091,0.25,,5,67.375,78.0,88.72727272727273,71.53846153846153,88.36363636363636,74.72727272727273,71.28205128205128,58.06451612903226,67.375,79.75,64.93506493506493,81.375,74.6875,23.636363636363626,,66.72727272727272,35.81818181818181,4.7272727272727195,15.63636363636364
268239,Albert Sambi Lokonga,albert-sambi-lokonga,148.0,"6' 0""",72.0,26.0,1999-10-22T07:00Z,Belgium,M,301,17,18,28,4,0,0,3,5,2,6,1,0,13,31,Luton Town,0.3333333333333333,0.16666666666666666,0.5,,4,67.375,60.970464135021096,81.85654008438819,65.83333333333333,80.80168776371308,63.29113924050633,88.05555555555556,85.9375,67.375,86.625,57.977736549165115,86.5,72.9375,25.31645569620254,,95.9915611814346,32.27848101265823,54.641350210970465,15.822784810126578
268533,Pedro Porro,pedro-porro,150.0,"5' 8""",68.0,26.0,1999-09-13T07:00Z,Spain,D,367,33,25,33,5,0,0,6,6,8,39,2,0,17,45,Tottenham Hotspur,0.20512820512820512,0.05128205128205128,0.25,,5,77.8125,90.18181818181819,99.0909090909091,40.0,94.9090909090909,85.0909090909091,60.51282051282051,58.06451612903226,77.8125,95.3125,30.0556586270872,90.3125,83.5,10.181818181818187,,84.54545454545455,17.818181818181827,54.36363636363637,6.545454545454547
268641,Iliman Ndiaye,iliman-ndiaye,152.0,"5' 11""",71.0,25.0,2000-03-06T08:00Z,Senegal,F,368,33,22,51,3,0,0,0,2,16,36,9,0,5,24,Everton,0.4444444444444444,0.25,0.5625,,3,96.1875,87.06467661691542,24.875621890547265,75.47169811320755,96.51741293532339,80.84577114427861,96.54088050314465,94.36619718309859,96.1875,30.625000000000004,80.70500927643785,97.3125,78.8125,31.09452736318407,,94.27860696517413,20.149253731343293,52.48756218905473,28.606965174129357
268700,Vitinho,vitinho,159.0,"5' 9""",69.0,26.0,1999-07-23T07:00Z,Brazil,D,379,32,27,28,1,0,0,2,4,4,25,0,0,6,42,Burnley,0.16,0.0,0.0,,1,30.312499999999996,35.090909090909086,88.72727272727273,29.743589743589745,91.63636363636364,88.36363636363636,28.974358974358978,23.548387096774192,30.312499999999996,79.75,21.70686456400742,86.5,85.75,14.909090909090907,,55.27272727272727,59.81818181818182,54.36363636363637,15.63636363636364
268782,Anthony Gordon,anthony-gordon,159.0,"6' 0""",72.0,24.0,2001-02-24T08:00Z,England,F,361,34,20,72,2,0,0,5,8,17,57,6,0,3,31,Newcastle United,0.2982456140350877,0.10526315789473684,0.35294117647058826,,2,92.375,77.11442786069652,88.30845771144278,35.84905660377358,100.0,77.61194029850746,50.314465408805034,57.3943661971831,92.375,93.625,48.97959183673469,99.875,76.5,20.39800995024875,,86.31840796019901,32.58706467661692,52.48756218905473,2.736318407960198
269276,Rhys Norrington-Davies,rhys-norrington-davies,150.0,"5' 11""",71.0,26.0,1999-04-22T07:00Z,Wales,D,398,5,3,1,1,0,0,0,0,0,0,0,0,0,6,Sheffield United,,,,,1,30.312499999999996,35.090909090909086,34.18181818181818,,30.727272727272727,35.27272727272727,,,30.312499999999996,30.625000000000004,,31.6875,40.8125,64.0,,15.272727272727273,59.81818181818182,54.36363636363637,77.63636363636364
269343,Jack Clarke,jack-clarke,161.0,"5' 11""",71.0,25.0,2000-11-23T08:00Z,England,F,373,32,13,23,2,0,0,4,1,2,18,0,0,0,29,Ipswich Town,0.1111111111111111,0.0,0.0,,2,30.312499999999996,20.149253731343283,84.32835820895522,11.949685534591195,74.87562189054727,63.18407960199005,12.264150943396226,7.746478873239436,30.312499999999996,91.125,17.996289424860855,81.375,64.0,22.636815920398007,,29.35323383084577,32.58706467661692,52.48756218905473,45.77114427860697
269844,Gabriel Martinelli,gabriel-martinelli,163.0,"5' 10""",70.0,24.0,2001-06-18T07:00Z,Brazil,F,359,33,15,21,1,0,0,5,5,25,55,8,0,0,25,Arsenal,0.45454545454545453,0.14545454545454545,0.32,,1,95.0625,84.07960199004975,88.30845771144278,80.50314465408806,72.13930348258707,68.40796019900498,66.98113207547169,45.774647887323944,95.0625,93.625,82.83858998144711,79.4375,67.0,28.855721393034827,,29.35323383084577,50.0,52.48756218905473,10.696517412935322
270190,Wesley Fofana,wesley-fofana,183.0,"6' 3""",75.0,24.0,2000-12-17T08:00Z,France,D,363,14,24,16,7,0,0,0,1,0,3,0,0,9,13,Chelsea,0.0,0.0,,,7,30.312499999999996,35.090909090909086,34.18181818181818,10.512820512820513,79.81818181818183,84.0,28.974358974358978,,30.312499999999996,30.625000000000004,7.421150278293136,72.3125,82.0625,51.63636363636363,,66.72727272727272,7.454545454545453,54.36363636363637,47.27272727272728
270507,Sepp van den Berg,sepp-van-den-berg,161.0,"6' 2""",74.0,23.0,2001-12-20T08:00Z,Netherlands,D,337,31,23,5,3,0,0,0,1,6,20,0,0,38,48,Brentford,0.3,0.0,0.0,,3,30.312499999999996,35.090909090909086,34.18181818181818,60.0,51.81818181818182,82.36363636363636,28.974358974358978,23.548387096774192,30.312499999999996,30.625000000000004,49.814471243042675,49.25,80.4375,7.0909090909090935,,97.63636363636363,35.81818181818181,54.36363636363637,47.27272727272728
271170,Bryan Mbeumo,bryan-mbeumo,139.0,"5' 8""",68.0,26.0,1999-08-07T07:00Z,Cameroon,F,337,38,25,44,3,0,0,7,6,39,83,20,0,4,52,Brentford,0.46987951807228917,0.24096385542168675,0.5128205128205128,,3,99.5625,98.2587064676617,95.02487562189054,84.90566037735849,91.7910447761194,87.56218905472637,94.9685534591195,90.14084507042254,99.5625,97.0625,84.60111317254174,94.4375,83.5,1.990049751243788,,90.79601990049751,20.149253731343293,52.48756218905473,6.96517412935323
271191,Nathan Patterson,nathan-patterson,183.0,"6' 2""",74.0,24.0,2001-10-16T07:00Z,Scotland,D,368,10,6,1,1,0,0,1,0,0,1,0,0,0,6,Everton,0.0,0.0,,,1,30.312499999999996,35.090909090909086,76.36363636363637,10.512820512820513,30.727272727272727,45.09090909090909,28.974358974358978,,30.312499999999996,68.375,7.421150278293136,31.6875,48.1875,64.0,,15.272727272727273,59.81818181818182,54.36363636363637,77.63636363636364
271788,Darwin Núñez,darwin-nunez,179.0,"6' 2""",74.0,26.0,1999-06-24T07:00Z,Uruguay,F,364,30,25,14,8,0,0,2,1,13,34,5,0,0,21,Liverpool,0.38235294117647056,0.14705882352941177,0.38461538461538464,,8,90.4375,72.88557213930348,69.15422885572139,53.459119496855344,60.447761194029844,87.56218905472637,69.18238993710692,63.732394366197184,90.4375,79.75,68.46011131725417,69.4375,83.5,38.059701492537314,,29.35323383084577,1.990049751243788,52.48756218905473,45.77114427860697
272512,Rayan Aït-Nouri,rayan-ait-nouri,152.0,"5' 11""",71.0,24.0,2001-06-06T07:00Z,Algeria,D,380,37,28,46,6,1,0,7,5,10,35,4,0,6,64,Wolverhampton Wanderers,0.2857142857142857,0.11428571428571428,0.4,,8,87.8125,98.54545454545455,99.63636363636364,55.38461538461539,98.54545454545455,90.36363636363637,77.43589743589745,71.61290322580646,87.8125,97.0625,45.82560296846011,95.125,86.875,3.6363636363636402,,55.27272727272727,11.272727272727266,4.7272727272727195,10.0
272585,Chris Richards,chris-richards,192.0,"6' 2""",74.0,25.0,2000-03-28T08:00Z,USA,D,384,24,11,5,3,1,0,0,2,6,13,1,0,14,30,Crystal Palace,0.46153846153846156,0.07692307692307693,0.16666666666666666,,5,67.375,78.0,34.18181818181818,81.53846153846153,51.81818181818182,60.18181818181818,69.23076923076923,51.29032258064517,67.375,30.625000000000004,84.13729128014842,49.25,60.18750000000001,29.454545454545453,,80.18181818181817,35.81818181818181,4.7272727272727195,32.90909090909091
272695,Dejan Kulusevski,dejan-kulusevski,174.0,"6' 1""",73.0,25.0,2000-04-25T07:00Z,Sweden,M,367,32,45,38,3,0,0,4,9,17,47,7,0,5,38,Tottenham Hotspur,0.3617021276595745,0.14893617021276595,0.4117647058823529,,3,93.875,95.56962025316456,88.18565400843882,73.33333333333333,87.9746835443038,91.56118143459916,86.66666666666667,77.5,93.875,91.125,64.19294990723562,92.375,96.625,15.611814345991561,,68.77637130801688,41.983122362869196,54.641350210970465,2.320675105485236
273292,Antoine Semenyo,antoine-semenyo,172.0,"6' 1""",73.0,25.0,2000-01-07T08:00Z,Ghana,F,349,37,73,38,9,0,0,5,12,40,126,11,0,9,41,AFC Bournemouth,0.31746031746031744,0.0873015873015873,0.275,,9,97.8125,92.03980099502488,88.30845771144278,38.9937106918239,88.55721393034825,100.0,42.76729559748428,38.732394366197184,97.8125,93.625,53.98886827458256,92.375,100.0,7.960199004975124,,98.00995024875621,0.9950248756218798,52.48756218905473,0.4975124378109399
273495,Dwight McNeil,dwight-mcneil,150.0,"6' 0""",72.0,26.0,1999-11-22T08:00Z,England,F,368,21,6,18,1,0,0,7,2,9,24,4,0,0,24,Everton,0.375,0.16666666666666666,0.4444444444444444,,1,87.8125,68.65671641791045,95.02487562189054,50.0,65.67164179104478,43.28358208955223,75.78616352201259,77.8169014084507,87.8125,97.0625,66.79035250463822,75.0,48.1875,31.09452736318407,,29.35323383084577,50.0,52.48756218905473,28.606965174129357
273839,Will Alves,will-alves,183.0,"6' 4""",76.0,20.0,2005-05-04T07:00Z,England,M,375,1,0,0,0,0,0,0,0,0,0,0,0,0,0,Leicester City,,,,,0,30.312499999999996,26.582278481012654,25.738396624472575,,12.025316455696203,11.814345991561181,,,30.312499999999996,30.625000000000004,,14.499999999999998,15.5,89.0295358649789,,17.29957805907173,83.33333333333334,54.641350210970465,80.80168776371309
274217,Billy Gilmour,billy-gilmour,130.0,"5' 7""",67.0,24.0,2001-06-11T07:00Z,Scotland,M,331,2,2,3,0,0,0,0,0,0,1,0,0,0,1,Brighton & Hove Albion,0.0,0.0,,,0,30.312499999999996,26.582278481012654,25.738396624472575,5.833333333333333,34.177215189873415,28.902953586497894,19.166666666666668,,30.312499999999996,30.625000000000004,7.421150278293136,42.1875,37.25,76.37130801687763,,17.29957805907173,83.33333333333334,54.641350210970465,80.80168776371309
274272,Altay Bayindir,altay-bayindir,192.0,"6' 6""",78.0,27.0,1998-04-14T07:00Z,Türkiye,G,360,4,0,1,0,0,0,0,0,0,0,0,25,8,9,Manchester United,,,,0.47058823529411764,0,30.312499999999996,50.57471264367817,47.701149425287355,,62.643678160919535,44.252873563218394,,,30.312499999999996,30.625000000000004,,31.6875,15.5,41.379310344827594,6.0,52.29885057471264,63.793103448275865,50.0,67.24137931034483
274278,Kaoru Mitoma,kaoru-mitoma,161.0,"5' 10""",70.0,28.0,1997-05-20T07:00Z,Japan,M,331,36,37,24,1,0,0,4,4,27,57,10,0,3,38,Brighton & Hove Albion,0.47368421052631576,0.17543859649122806,0.37037037037037035,,1,97.125,99.15611814345992,88.18565400843882,89.72222222222223,73.83966244725738,84.17721518987342,90.55555555555556,71.875,97.125,91.125,85.06493506493507,82.5,93.5625,15.611814345991561,,58.22784810126582,61.392405063291136,54.641350210970465,22.573839662447256
274284,João Virgínia,joao-virginia,183.0,"6' 4""",76.0,26.0,1999-10-10T07:00Z,Portugal,G,368,0,0,0,0,0,0,0,0,0,0,0,0,0,0,Everton,,,,,0,30.312499999999996,50.57471264367817,47.701149425287355,,29.310344827586203,44.252873563218394,,,30.312499999999996,30.625000000000004,,14.499999999999998,15.5,77.01149425287356,,21.839080459770116,63.793103448275865,50.0,67.24137931034483
274632,Ryan Gravenberch,ryan-gravenberch,183.0,"6' 3""",75.0,23.0,2002-05-16T07:00Z,Netherlands,M,364,37,47,52,6,1,0,4,7,5,20,0,0,10,34,Liverpool,0.25,0.0,0.0,,8,30.312499999999996,26.582278481012654,88.18565400843882,39.44444444444444,94.9367088607595,93.88185654008439,19.166666666666668,15.312500000000002,30.312499999999996,91.125,37.569573283859,97.8125,97.5,20.042194092827003,,89.24050632911393,20.042194092827003,4.852320675105489,6.540084388185647
274633,Sven Botman,sven-botman,179.0,"6' 4""",76.0,25.0,2000-01-12T08:00Z,Netherlands,D,361,8,5,4,1,0,0,0,0,2,5,0,0,4,4,Newcastle United,0.4,0.0,0.0,,1,30.312499999999996,35.090909090909086,34.18181818181818,76.92307692307693,47.090909090909086,40.54545454545455,28.974358974358978,23.548387096774192,30.312499999999996,30.625000000000004,73.37662337662337,45.8125,45.25,68.54545454545455,,47.45454545454545,59.81818181818182,54.36363636363637,77.63636363636364
274971,Jens Cajuste,jens-cajuste,170.0,"6' 2""",74.0,26.0,1999-08-10T07:00Z,Sweden,M,373,30,23,21,2,0,0,1,0,1,12,1,0,9,45,Ipswich Town,0.08333333333333333,0.08333333333333333,1.0,,2,67.375,60.970464135021096,58.64978902953587,13.333333333333334,70.25316455696202,69.62025316455697,63.888888888888886,98.75,67.375,68.375,16.048237476808904,79.4375,80.4375,8.860759493670884,,85.44303797468355,51.265822784810126,54.641350210970465,80.80168776371309
275599,Caoimhín Kelleher,caoimhin-kelleher,161.0,"6' 2""",74.0,27.0,1998-11-23T08:00Z,Republic of Ireland,G,364,10,0,3,0,0,0,0,0,0,0,0,100,26,12,Liverpool,,,,0.6842105263157895,0,30.312499999999996,50.57471264367817,47.701149425287355,,81.60919540229885,44.252873563218394,,,30.312499999999996,30.625000000000004,,42.1875,15.5,38.50574712643679,53.0,64.36781609195403,63.793103448275865,50.0,67.24137931034483
276039,Tariq Lamptey,tariq-lamptey,119.0,"5' 4""",64.0,25.0,2000-09-30T07:00Z,Ghana,D,331,15,14,10,0,0,0,2,1,2,6,2,0,7,19,Brighton & Hove Albion,0.3333333333333333,0.3333333333333333,1.0,,0,77.8125,90.18181818181819,88.72727272727273,65.64102564102564,66.54545454545455,65.27272727272727,95.64102564102565,93.54838709677419,77.8125,79.75,57.977736549165115,61.4375,65.3125,43.63636363636364,,59.63636363636363,84.36363636363636,54.36363636363637,47.27272727272728
276218,Tahith Chong,tahith-chong,163.0,"6' 1""",73.0,26.0,1999-12-04T08:00Z,Netherlands,M,301,33,19,64,4,0,0,0,4,6,30,4,0,6,48,Luton Town,0.2,0.13333333333333333,0.6666666666666666,,4,87.8125,87.55274261603375,25.738396624472575,27.77777777777778,98.52320675105484,64.9789029535865,82.22222222222221,95.0,87.8125,30.625000000000004,28.107606679035253,99.3125,74.6875,6.540084388185647,,73.20675105485233,32.27848101265823,54.641350210970465,22.573839662447256
276220,James Garner,james-garner,172.0,"6' 1""",73.0,24.0,2001-03-13T08:00Z,England,M,368,21,19,15,5,0,0,2,5,3,12,0,0,4,19,Everton,0.25,0.0,0.0,,5,30.312499999999996,26.582278481012654,71.94092827004219,39.44444444444444,60.54852320675106,64.9789029535865,19.166666666666668,15.312500000000002,30.312499999999996,79.75,37.569573283859,70.6875,74.6875,45.780590717299575,,64.34599156118144,25.105485232067508,54.641350210970465,15.822784810126578
276327,Joshua Zirkzee,joshua-zirkzee,183.0,"6' 4""",76.0,24.0,2001-05-22T07:00Z,Netherlands,F,360,32,9,13,2,0,0,1,1,11,27,3,0,4,24,Manchester United,0.4074074074074074,0.1111111111111111,0.2727272727272727,,2,83.8125,62.68656716417911,57.46268656716418,65.40880503144653,58.2089552238806,52.736318407960205,52.20125786163522,36.971830985915496,83.8125,68.375,75.32467532467533,67.6875,56.25,31.09452736318407,,90.79601990049751,32.58706467661692,52.48756218905473,45.77114427860697
276350,João Félix,joao-felix,152.0,"5' 11""",71.0,26.0,1999-11-10T08:00Z,Portugal,F,363,12,5,17,2,0,0,1,1,5,19,1,0,0,4,Chelsea,0.2631578947368421,0.05263157894736842,0.2,,2,67.375,46.766169154228855,57.46268656716418,28.930817610062892,63.93034825870647,40.79601990049751,28.930817610062892,25.0,67.375,68.375,40.909090909090914,73.75,45.25,66.41791044776119,,29.35323383084577,32.58706467661692,52.48756218905473,45.77114427860697
276741,Carlos Miguel,carlos-miguel,205.0,"6' 8""",80.0,27.0,1998-10-09T07:00Z,Brazil,G,393,0,0,0,0,0,0,0,0,0,0,0,0,0,0,Nottingham Forest,,,,,0,30.312499999999996,50.57471264367817,47.701149425287355,,29.310344827586203,44.252873563218394,,,30.312499999999996,30.625000000000004,,14.499999999999998,15.5,77.01149425287356,,21.839080459770116,63.793103448275865,50.0,67.24137931034483
277005,Nathan Wood,nathan-wood,163.0,"6' 2""",74.0,23.0,2002-05-31T07:00Z,England,D,376,11,9,4,2,0,0,0,1,0,2,0,0,6,20,Southampton,0.0,0.0,,,2,30.312499999999996,35.090909090909086,34.18181818181818,10.512820512820513,47.090909090909086,54.90909090909091,28.974358974358978,,30.312499999999996,30.625000000000004,7.421150278293136,45.8125,56.25,42.36363636363636,,55.27272727272727,45.27272727272727,54.36363636363637,47.27272727272728
277327,Jean-Clair Todibo,jean-clair-todibo,192.0,"6' 4""",76.0,25.0,1999-12-30T08:00Z,France,D,371,27,16,6,3,0,0,0,3,0,5,0,0,12,31,West Ham United,0.0,0.0,,,3,30.312499999999996,35.090909090909086,34.18181818181818,10.512820512820513,56.36363636363636,68.54545454545455,28.974358974358978,,30.312499999999996,30.625000000000004,7.421150278293136,52.25,69.25,28.0,,76.0,35.81818181818181,54.36363636363637,22.909090909090907
277385,William Saliba,william-saliba,203.0,"6' 4""",76.0,24.0,2001-03-24T08:00Z,France,D,359,35,28,17,2,1,0,0,4,2,6,2,0,16,29,Arsenal,0.3333333333333333,0.3333333333333333,1.0,,4,77.8125,90.18181818181819,34.18181818181818,65.64102564102564,81.81818181818183,90.36363636363637,95.64102564102565,93.54838709677419,77.8125,30.625000000000004,57.977736549165115,73.75,86.875,29.818181818181827,,83.27272727272728,45.27272727272727,4.7272727272727195,15.63636363636364
277559,Alfie Doughty,alfie-doughty,150.0,"6' 0""",72.0,26.0,1999-12-21T08:00Z,England,M,301,37,30,9,5,0,0,9,6,8,26,2,0,10,70,Luton Town,0.3076923076923077,0.07692307692307693,0.25,,5,77.8125,73.83966244725738,98.73417721518987,54.44444444444444,48.52320675105485,77.42616033755274,60.83333333333333,51.24999999999999,77.8125,98.8125,51.57699443413729,59.0,88.5,0.8438818565400794,,89.24050632911393,25.105485232067508,54.641350210970465,10.548523206751057
278061,Georginio Rutter,georginio-rutter,183.0,"6' 0""",72.0,23.0,2002-04-20T07:00Z,France,F,331,28,34,45,2,0,0,3,2,12,48,5,0,3,28,Brighton & Hove Albion,0.25,0.10416666666666667,0.4166666666666667,,2,90.4375,72.88557213930348,77.11442786069652,24.528301886792452,92.53731343283582,93.78109452736318,49.37106918238994,70.4225352112676,90.4375,86.625,37.569573283859,94.75,91.75,23.6318407960199,,86.31840796019901,32.58706467661692,52.48756218905473,28.606965174129357
278822,Jesper Lindstrom,jesper-lindstrom,146.0,"6' 0""",72.0,25.0,2000-02-29T08:00Z,Denmark,M,368,25,15,10,2,0,0,1,3,8,28,0,0,3,14,Everton,0.2857142857142857,0.0,0.0,,2,30.312499999999996,26.582278481012654,58.64978902953587,47.5,51.68776371308017,55.06329113924051,19.166666666666668,15.312500000000002,30.312499999999996,68.375,45.82560296846011,61.4375,67.0,51.68776371308017,,58.22784810126582,51.265822784810126,54.641350210970465,29.324894514767934
279155,James Hill,james-hill,161.0,"6' 0""",72.0,23.0,2002-01-10T08:00Z,England,D,349,10,7,5,1,0,0,1,0,0,6,0,0,0,9,AFC Bournemouth,0.0,0.0,,,1,30.312499999999996,35.090909090909086,76.36363636363637,10.512820512820513,51.81818181818182,48.72727272727273,28.974358974358978,,30.312499999999996,68.375,7.421150278293136,49.25,51.1875,59.45454545454545,,15.272727272727273,59.81818181818182,54.36363636363637,77.63636363636364
279780,Nathan Collins,nathan-collins,183.0,"6' 4""",76.0,24.0,2001-04-30T07:00Z,Republic of Ireland,D,337,38,28,31,5,0,0,3,5,6,19,2,0,58,54,Brentford,0.3157894736842105,0.10526315789473684,0.3333333333333333,,5,77.8125,90.18181818181819,94.18181818181817,61.53846153846154,93.63636363636364,90.36363636363637,74.61538461538461,66.45161290322581,77.8125,86.625,53.80333951762524,88.8125,86.875,6.181818181818173,,100.0,17.818181818181827,54.36363636363637,10.0
280555,Bukayo Saka,bukayo-saka,159.0,"5' 10""",70.0,24.0,2001-09-05T07:00Z,England,F,359,25,15,39,3,0,0,10,5,22,66,6,0,0,21,Arsenal,0.3333333333333333,0.09090909090909091,0.2727272727272727,,3,92.375,77.11442786069652,98.50746268656717,40.88050314465409,89.55223880597015,68.40796019900498,44.9685534591195,36.971830985915496,92.375,99.25,57.977736549165115,93.0,67.0,38.059701492537314,,29.35323383084577,20.149253731343293,52.48756218905473,10.696517412935322
280764,Julián Araujo,julian-araujo,152.0,"5' 9""",69.0,24.0,2001-08-13T07:00Z,Mexico,D,349,12,7,2,2,0,0,0,0,0,0,0,0,0,10,AFC Bournemouth,,,,,2,30.312499999999996,35.090909090909086,34.18181818181818,,37.45454545454546,48.72727272727273,,,30.312499999999996,30.625000000000004,,37.4375,51.1875,57.45454545454545,,15.272727272727273,45.27272727272727,54.36363636363637,77.63636363636364
280806,Harvey Elliott,harvey-elliott,139.0,"5' 7""",67.0,22.0,2003-04-04T08:00Z,England,M,364,18,0,1,1,0,0,2,3,4,17,1,0,2,6,Liverpool,0.23529411764705882,0.058823529411764705,0.25,,1,67.375,60.970464135021096,71.94092827004219,36.11111111111111,25.949367088607595,11.814345991561181,48.05555555555556,51.24999999999999,67.375,79.75,33.85899814471243,31.6875,15.5,63.291139240506325,,50.63291139240506,61.392405063291136,54.641350210970465,29.324894514767934
280895,Mike Trésor,mike-tresor,139.0,"5' 8""",68.0,26.0,1999-05-28T07:00Z,Belgium,F,379,16,0,3,0,0,0,0,0,0,5,0,0,0,9,Burnley,0.0,0.0,,,0,30.312499999999996,20.149253731343283,24.875621890547265,5.660377358490567,34.32835820895522,11.691542288557214,12.264150943396226,,30.312499999999996,30.625000000000004,7.421150278293136,42.1875,15.5,56.96517412935324,,29.35323383084577,79.35323383084577,52.48756218905473,76.86567164179104
281121,Taylor Harwood-Bellis,taylor-harwood-bellis,181.0,"6' 2""",74.0,24.0,2002-01-30T08:00Z,England,D,376,34,35,14,9,0,0,0,3,6,20,1,0,45,65,Southampton,0.3,0.05,0.16666666666666666,,9,67.375,78.0,34.18181818181818,60.0,75.63636363636364,96.72727272727273,60.0,51.29032258064517,67.375,30.625000000000004,49.814471243042675,69.4375,92.4375,3.0909090909090935,,98.9090909090909,2.5454545454545467,54.36363636363637,22.909090909090907
281125,Ian Maatsen,ian-maatsen,126.0,"5' 10""",70.0,23.0,2002-03-10T08:00Z,Netherlands,D,362,29,11,9,2,0,0,2,0,5,18,1,0,0,16,Aston Villa,0.2777777777777778,0.05555555555555555,0.2,,2,67.375,78.0,88.72727272727273,52.56410256410257,64.18181818181819,60.18181818181818,61.53846153846154,53.5483870967742,67.375,79.75,43.042671614100186,59.0,60.18750000000001,48.54545454545455,,15.272727272727273,45.27272727272727,54.36363636363637,77.63636363636364
281558,Antony ,antony,139.0,"5' 9""",69.0,25.0,2000-02-24T08:00Z,Brazil,F,360,8,2,5,0,0,0,0,0,3,6,0,0,0,2,Manchester United,0.5,0.0,0.0,,0,30.312499999999996,20.149253731343283,24.875621890547265,89.62264150943396,39.800995024875625,30.09950248756219,12.264150943396226,7.746478873239436,30.312499999999996,30.625000000000004,88.49721706864564,49.25,37.25,73.6318407960199,,29.35323383084577,79.35323383084577,52.48756218905473,76.86567164179104
281564,Mads Hermansen,mads-hermansen,179.0,"6' 2""",74.0,25.0,2000-07-11T07:00Z,Denmark,G,375,27,0,3,1,0,0,0,3,0,0,0,404,103,55,Leicester City,,,,0.6518987341772152,1,30.312499999999996,50.57471264367817,47.701149425287355,,81.60919540229885,44.252873563218394,,,30.312499999999996,30.625000000000004,,42.1875,15.5,5.747126436781613,34.0,89.65517241379311,24.13793103448276,50.0,18.39080459770115
281730,Luke Cundle,luke-cundle,137.0,"5' 7""",67.0,23.0,2002-04-26T07:00Z,England,M,380,0,0,0,0,0,0,0,0,0,0,0,0,0,0,Wolverhampton Wanderers,,,,,0,30.312499999999996,26.582278481012654,25.738396624472575,,12.025316455696203,11.814345991561181,,,30.312499999999996,30.625000000000004,,14.499999999999998,15.5,89.0295358649789,,17.29957805907173,83.33333333333334,54.641350210970465,80.80168776371309
282186,Mats Wieffer,mats-wieffer,172.0,"6' 2""",74.0,26.0,1999-11-16T08:00Z,Netherlands,M,331,25,23,10,6,0,0,4,1,4,9,1,0,2,21,Brighton & Hove Albion,0.4444444444444444,0.1111111111111111,0.25,,6,67.375,60.970464135021096,88.18565400843882,86.66666666666667,51.68776371308017,69.62025316455697,75.0,51.24999999999999,67.375,91.125,80.70500927643785,61.4375,80.4375,43.459915611814345,,50.63291139240506,20.042194092827003,54.641350210970465,53.37552742616033
282583,Jan Paul van Hecke,jan-paul-van-hecke,172.0,"6' 2""",74.0,25.0,2000-06-08T07:00Z,Netherlands,D,331,34,26,24,7,1,0,0,2,5,17,1,0,21,46,Brighton & Hove Albion,0.29411764705882354,0.058823529411764705,0.2,,9,67.375,78.0,34.18181818181818,58.20512820512821,88.72727272727273,86.54545454545455,62.05128205128205,53.5483870967742,67.375,30.625000000000004,48.237476808905384,82.5,84.75,8.545454545454547,,90.0,7.454545454545453,4.7272727272727195,32.90909090909091
282585,Benoît Badiashile,benoit-badiashile,163.0,"6' 4""",76.0,24.0,2001-03-26T08:00Z,France,D,363,5,6,2,0,0,0,0,1,0,0,0,0,2,5,Chelsea,,,,,0,30.312499999999996,35.090909090909086,34.18181818181818,,37.45454545454546,45.09090909090909,,,30.312499999999996,30.625000000000004,,37.4375,48.1875,66.0,,37.63636363636363,84.36363636363636,54.36363636363637,47.27272727272728
282716,Jurriën Timber,jurrien-timber,172.0,"5' 10""",70.0,24.0,2001-06-17T07:00Z,Netherlands,D,359,30,30,29,7,0,0,3,3,4,14,1,0,4,22,Arsenal,0.2857142857142857,0.07142857142857142,0.25,,7,67.375,78.0,94.18181818181817,55.38461538461539,92.36363636363636,92.36363636363636,66.66666666666666,58.06451612903226,67.375,86.625,45.82560296846011,87.6875,88.5,40.18181818181819,,47.45454545454545,7.454545454545453,54.36363636363637,22.909090909090907
282885,Han-Noah Massengo,han-noah-massengo,152.0,"5' 10""",70.0,24.0,2001-07-07T07:00Z,France,M,379,3,0,0,0,0,0,0,0,0,0,0,0,0,0,Burnley,,,,,0,30.312499999999996,26.582278481012654,25.738396624472575,,12.025316455696203,11.814345991561181,,,30.312499999999996,30.625000000000004,,14.499999999999998,15.5,89.0295358649789,,17.29957805907173,83.33333333333334,54.641350210970465,80.80168776371309
283086,Leif Davis,leif-davis,152.0,"6' 0""",72.0,26.0,1999-12-31T08:00Z,England,D,373,33,27,31,5,1,0,2,8,2,16,1,0,9,69,Ipswich Town,0.125,0.0625,0.5,,7,67.375,78.0,88.72727272727273,25.384615384615383,93.63636363636364,88.36363636363636,63.07692307692307,79.6774193548387,67.375,79.75,19.20222634508349,88.8125,85.75,2.5454545454545467,,66.72727272727272,17.818181818181827,4.7272727272727195,2.0
283586,Jake O'Brien,jake-obrien,203.0,"6' 6""",78.0,24.0,2001-05-15T07:00Z,Republic of Ireland,D,368,20,13,5,5,0,0,0,2,3,6,2,0,4,17,Everton,0.5,0.3333333333333333,0.6666666666666666,,5,77.8125,90.18181818181819,34.18181818181818,86.92307692307692,51.81818181818182,64.36363636363637,95.64102564102565,86.45161290322581,77.8125,30.625000000000004,88.49721706864564,49.25,64.0,46.72727272727273,,47.45454545454545,17.818181818181827,54.36363636363637,32.90909090909091
283672,Jérémy Doku,jeremy-doku,146.0,"5' 8""",68.0,23.0,2002-05-27T07:00Z,Belgium,F,382,29,8,33,1,0,0,6,2,8,28,3,0,1,12,Manchester City,0.2857142857142857,0.10714285714285714,0.375,,1,83.8125,62.68656716417911,91.7910447761194,33.0188679245283,86.81592039800995,49.004975124378106,50.943396226415096,61.61971830985915,83.8125,95.3125,45.82560296846011,90.3125,53.625,52.23880597014926,,66.16915422885572,50.0,52.48756218905473,28.606965174129357
283940,Aaron Hickey,aaron-hickey,159.0,"5' 10""",70.0,23.0,2002-06-10T07:00Z,Scotland,D,337,0,0,0,0,0,0,0,0,0,0,0,0,0,0,Brentford,,,,,0,30.312499999999996,35.090909090909086,34.18181818181818,,14.000000000000002,12.909090909090908,,,30.312499999999996,30.625000000000004,,14.499999999999998,15.5,89.27272727272728,,15.272727272727273,84.36363636363636,54.36363636363637,77.63636363636364
284081,Caleb Okoli,caleb-okoli,201.0,"6' 3""",75.0,24.0,2001-07-13T07:00Z,Italy,D,375,19,16,9,4,0,0,0,0,3,5,1,0,14,26,Leicester City,0.6,0.2,0.3333333333333333,,4,67.375,78.0,34.18181818181818,94.61538461538461,64.18181818181819,68.54545454545455,89.74358974358975,66.45161290322581,67.375,30.625000000000004,94.43413729128015,59.0,69.25,33.45454545454545,,80.18181818181817,27.454545454545453,54.36363636363637,77.63636363636364
284490,Keane Lewis-Potter,keane-lewis-potter,148.0,"5' 7""",67.0,24.0,2001-02-22T08:00Z,England,F,337,38,17,31,7,0,0,3,8,15,30,1,0,12,47,Brentford,0.5,0.03333333333333333,0.06666666666666667,,7,67.375,46.766169154228855,77.11442786069652,89.62264150943396,84.07960199004975,72.13930348258707,25.157232704402517,16.19718309859155,67.375,86.625,88.49721706864564,88.8125,71.375,4.228855721393032,,100.0,3.233830845771152,52.48756218905473,2.736318407960198
284641,Tommy Doyle,tommy-doyle,161.0,"5' 8""",68.0,24.0,2001-10-17T07:00Z,England,M,380,24,5,5,1,0,0,1,4,2,9,0,0,5,10,Wolverhampton Wanderers,0.2222222222222222,0.0,0.0,,1,30.312499999999996,26.582278481012654,58.64978902953587,32.77777777777778,39.45147679324894,34.810126582278485,19.166666666666668,15.312500000000002,30.312499999999996,68.375,32.00371057513915,49.25,45.25,56.962025316455694,,68.77637130801688,61.392405063291136,54.641350210970465,22.573839662447256
284792,Crysencio Summerville,crysencio-summerville,139.0,"5' 9""",69.0,24.0,2001-10-30T08:00Z,Netherlands,F,371,19,9,23,2,0,0,1,0,2,14,1,0,4,19,West Ham United,0.14285714285714285,0.07142857142857142,0.5,,2,67.375,46.766169154228855,57.46268656716418,13.20754716981132,74.87562189054727,52.736318407960205,36.477987421383645,86.97183098591549,67.375,68.375,20.500927643784784,81.375,56.25,41.29353233830846,,90.79601990049751,32.58706467661692,52.48756218905473,76.86567164179104
284960,João Pedro,joao-pedro,152.0,"6' 0""",72.0,24.0,2001-09-26T07:00Z,Brazil,F,331,27,26,46,4,1,0,6,4,19,46,10,0,0,26,Brighton & Hove Albion,0.41304347826086957,0.21739130434782608,0.5263157894736842,,6,97.125,89.80099502487562,91.7910447761194,68.55345911949685,93.53233830845771,89.55223880597015,91.82389937106919,92.25352112676056,97.125,95.3125,76.25231910946196,95.125,84.75,27.114427860696523,,29.35323383084577,13.18407960199005,2.736318407960198,13.18407960199005
285450,Enzo Fernández,enzo-fernandez,168.0,"5' 10""",70.0,24.0,2001-01-17T08:00Z,Argentina,M,363,36,51,54,8,0,0,7,9,20,52,6,0,7,37,Chelsea,0.38461538461538464,0.11538461538461539,0.3,,8,92.375,93.88185654008439,95.14767932489451,77.5,95.35864978902954,95.9915611814346,77.5,60.9375,92.375,97.0625,68.92393320964749,98.125,98.4375,16.877637130801688,,78.05907172995781,10.759493670886073,54.641350210970465,2.320675105485236
285629,Jhon Durán,jhon-duran,161.0,"6' 1""",73.0,22.0,2003-12-13T08:00Z,Colombia,F,362,20,14,15,3,1,0,0,1,15,31,7,0,0,14,Aston Villa,0.4838709677419355,0.22580645161290322,0.4666666666666667,,5,93.875,81.09452736318407,24.875621890547265,86.79245283018868,61.69154228855721,65.67164179104478,93.08176100628931,81.69014084507043,93.875,30.625000000000004,85.71428571428571,70.6875,65.3125,50.24875621890547,,29.35323383084577,20.149253731343293,2.736318407960198,45.77114427860697
286090,Jacob Ramsey,jacob-ramsey,163.0,"5' 11""",71.0,24.0,2001-05-28T07:00Z,England,M,362,29,12,28,3,1,0,3,3,4,20,1,0,4,26,Aston Villa,0.2,0.05,0.25,,5,67.375,60.970464135021096,81.85654008438819,27.77777777777778,80.80168776371308,50.210970464135016,42.77777777777778,51.24999999999999,67.375,86.625,28.107606679035253,86.5,62.31250000000001,36.49789029535865,,64.34599156118144,41.983122362869196,4.852320675105489,29.324894514767934
286128,Armel Bella-Kotchap,armel-bella-kotchap,192.0,"6' 3""",75.0,24.0,2001-12-11T08:00Z,Germany,D,376,4,3,2,0,0,0,0,1,0,1,0,0,2,13,Southampton,0.0,0.0,,,0,30.312499999999996,35.090909090909086,34.18181818181818,10.512820512820513,37.45454545454546,35.27272727272727,28.974358974358978,,30.312499999999996,30.625000000000004,7.421150278293136,37.4375,40.8125,51.63636363636363,,37.63636363636363,84.36363636363636,54.36363636363637,47.27272727272728
286965,Jarrad Branthwaite,jarrad-branthwaite,192.0,"6' 5""",77.0,23.0,2002-06-27T07:00Z,England,D,368,30,12,18,4,0,0,1,6,3,10,0,0,24,28,Everton,0.3,0.0,0.0,,4,30.312499999999996,35.090909090909086,76.36363636363637,60.0,82.36363636363636,62.54545454545455,28.974358974358978,23.548387096774192,30.312499999999996,68.375,49.814471243042675,75.0,62.31250000000001,30.36363636363636,,92.0,27.454545454545453,54.36363636363637,6.545454545454547
287461,Jakub Moder,jakub-moder,172.0,"6' 2""",74.0,26.0,1999-04-07T07:00Z,Poland,M,331,4,0,0,0,0,0,0,0,0,0,0,0,0,0,Brighton & Hove Albion,,,,,0,30.312499999999996,26.582278481012654,25.738396624472575,,12.025316455696203,11.814345991561181,,,30.312499999999996,30.625000000000004,,14.499999999999998,15.5,89.0295358649789,,17.29957805907173,83.33333333333334,54.641350210970465,80.80168776371309
289511,Beto,beto,192.0,"6' 4""",76.0,27.0,1998-01-31T08:00Z,Guinea-Bissau,F,368,30,33,23,2,0,0,0,0,23,49,8,0,1,24,Everton,0.46938775510204084,0.16326530612244897,0.34782608695652173,,2,95.0625,84.07960199004975,24.875621890547265,84.27672955974843,74.87562189054727,93.03482587064677,73.58490566037736,56.33802816901409,95.0625,30.625000000000004,84.4155844155844,81.375,90.625,31.09452736318407,,66.16915422885572,32.58706467661692,52.48756218905473,76.86567164179104
289645,Evan Ferguson,evan-ferguson,172.0,"6' 0""",72.0,21.0,2004-10-19T07:00Z,Republic of Ireland,F,331,13,3,1,0,0,0,0,1,2,7,1,0,1,7,Brighton & Hove Albion,0.2857142857142857,0.14285714285714285,0.5,,0,67.375,46.766169154228855,24.875621890547265,33.0188679245283,27.114427860696516,34.07960199004975,66.0377358490566,86.97183098591549,67.375,30.625000000000004,45.82560296846011,31.6875,40.8125,59.950248756218905,,66.16915422885572,79.35323383084577,52.48756218905473,45.77114427860697
289645,Evan Ferguson,evan-ferguson,172.0,"6' 0""",72.0,21.0,2004-10-19T07:00Z,Republic of Ireland,F,371,21,4,3,0,0,0,0,2,3,12,1,0,2,10,West Ham United,0.25,0.08333333333333333,0.3333333333333333,,0,67.375,46.766169154228855,24.875621890547265,24.528301886792452,34.32835820895522,38.55721393034826,41.82389937106918,51.056338028169016,67.375,30.625000000000004,37.569573283859,42.1875,43.25,55.223880597014926,,78.85572139303483,79.35323383084577,52.48756218905473,28.606965174129357
289837,Yasser Larouci,yasser-larouci,150.0,"5' 9""",69.0,24.0,2001-01-01T08:00Z,Algeria,D,398,11,5,5,1,0,0,0,1,1,6,0,0,1,10,Sheffield United,0.16666666666666666,0.0,0.0,,1,30.312499999999996,35.090909090909086,34.18181818181818,31.794871794871792,51.81818181818182,40.54545454545455,28.974358974358978,23.548387096774192,30.312499999999996,30.625000000000004,23.00556586270872,49.25,45.25,57.45454545454545,,32.90909090909091,59.81818181818182,54.36363636363637,47.27272727272728
289840,Vitezslav Jaros,vitezslav-jaros,192.0,"6' 3""",75.0,24.0,2001-07-23T07:00Z,Czechia,G,364,1,0,0,0,0,0,0,0,0,0,0,0,1,0,Liverpool,,,,1.0,0,30.312499999999996,50.57471264367817,47.701149425287355,,29.310344827586203,44.252873563218394,,,30.312499999999996,30.625000000000004,,14.499999999999998,15.5,77.01149425287356,99.0,43.67816091954023,63.793103448275865,50.0,67.24137931034483
289877,Moisés Caicedo,moises-caicedo,161.0,"5' 10""",70.0,24.0,2001-11-02T08:00Z,Ecuador,M,363,38,70,58,11,0,0,2,5,2,19,1,0,10,42,Chelsea,0.10526315789473684,0.05263157894736842,0.5,,11,67.375,60.970464135021096,71.94092827004219,15.555555555555555,96.83544303797468,100.0,44.72222222222222,85.9375,67.375,79.75,17.625231910946194,98.6875,99.75,11.814345991561183,,89.24050632911393,1.2658227848101262,54.641350210970465,15.822784810126578
290076,Destiny Udogie,destiny-udogie,161.0,"6' 1""",73.0,23.0,2002-11-28T08:00Z,Italy,D,367,25,28,38,2,0,1,1,2,2,6,0,0,7,34,Tottenham Hotspur,0.3333333333333333,0.0,0.0,,2,30.312499999999996,35.090909090909086,76.36363636363637,65.64102564102564,96.9090909090909,90.36363636363637,28.974358974358978,23.548387096774192,30.312499999999996,68.375,57.977736549165115,92.375,86.875,24.545454545454547,,59.63636363636363,45.27272727272727,54.36363636363637,32.90909090909091
290101,Andrew Omobamidele,andrew-omobamidele,172.0,"6' 2""",74.0,23.0,2002-06-23T07:00Z,Republic of Ireland,D,393,0,0,0,0,0,0,0,0,0,0,0,0,0,0,Nottingham Forest,,,,,0,30.312499999999996,35.090909090909086,34.18181818181818,,14.000000000000002,12.909090909090908,,,30.312499999999996,30.625000000000004,,14.499999999999998,15.5,89.27272727272728,,15.272727272727273,84.36363636363636,54.36363636363637,77.63636363636364
290413,Hjalmar Ekdal,hjalmar-ekdal,170.0,"6' 2""",74.0,27.0,1998-10-21T07:00Z,Sweden,D,379,8,8,2,2,0,0,0,0,0,1,0,0,5,8,Burnley,0.0,0.0,,,2,30.312499999999996,35.090909090909086,34.18181818181818,10.512820512820513,37.45454545454546,51.81818181818182,28.974358974358978,,30.312499999999996,30.625000000000004,7.421150278293136,37.4375,53.625,61.09090909090909,,51.63636363636363,45.27272727272727,54.36363636363637,77.63636363636364
290581,Woyo Coulibaly,woyo-coulibaly,170.0,"6' 2""",74.0,26.0,1999-05-26T07:00Z,Mali,D,375,4,2,1,1,0,0,0,0,1,2,0,0,1,6,Leicester City,0.5,0.0,0.0,,1,30.312499999999996,35.090909090909086,34.18181818181818,86.92307692307692,30.727272727272727,31.454545454545457,28.974358974358978,23.548387096774192,30.312499999999996,30.625000000000004,88.49721706864564,31.6875,37.25,64.0,,32.90909090909091,59.81818181818182,54.36363636363637,77.63636363636364
291174,Jacob Greaves,jacob-greaves,152.0,"6' 1""",73.0,25.0,2000-09-12T07:00Z,England,D,373,25,16,21,5,0,0,0,2,4,10,1,0,26,52,Ipswich Town,0.4,0.1,0.25,,5,67.375,78.0,34.18181818181818,76.92307692307693,86.54545454545455,68.54545454545455,73.58974358974359,58.06451612903226,67.375,30.625000000000004,73.37662337662337,79.4375,69.25,6.545454545454547,,94.0,17.818181818181827,54.36363636363637,32.90909090909091
291269,William Dennis,william-dennis,183.0,"6' 2""",74.0,25.0,2000-07-10T07:00Z,England,G,349,0,0,0,0,0,0,0,0,0,0,0,0,0,0,AFC Bournemouth,,,,,0,30.312499999999996,50.57471264367817,47.701149425287355,,29.310344827586203,44.252873563218394,,,30.312499999999996,30.625000000000004,,14.499999999999998,15.5,77.01149425287356,,21.839080459770116,63.793103448275865,50.0,67.24137931034483
291307,Brennan Johnson,brennan-johnson,161.0,"6' 1""",73.0,24.0,2001-05-23T07:00Z,Wales,F,367,33,24,26,5,0,0,3,2,20,53,11,0,3,36,Tottenham Hotspur,0.37735849056603776,0.20754716981132076,0.55,,5,97.8125,92.03980099502488,77.11442786069652,51.57232704402516,78.60696517412936,84.82587064676616,88.67924528301887,93.66197183098592,97.8125,86.625,67.90352504638219,84.25,82.0625,14.427860696517413,,86.31840796019901,7.462686567164184,52.48756218905473,28.606965174129357
291468,Justin Devenny,justin-devenny,161.0,"5' 10""",70.0,22.0,2003-10-11T07:00Z,Northern Ireland,M,384,23,8,0,1,0,0,1,2,6,10,1,0,1,8,Crystal Palace,0.6,0.1,0.16666666666666666,,1,67.375,60.970464135021096,58.64978902953587,94.44444444444444,12.025316455696203,43.037974683544306,72.5,36.5625,67.375,68.375,94.43413729128015,14.499999999999998,53.625,60.33755274261603,,40.29535864978903,61.392405063291136,54.641350210970465,38.81856540084389
291535,Armando Broja,armando-broja,183.0,"6' 3""",75.0,24.0,2001-09-10T07:00Z,Albania,F,368,10,6,4,1,0,0,0,1,0,5,0,0,0,2,Everton,0.0,0.0,,,1,30.312499999999996,20.149253731343283,24.875621890547265,5.660377358490567,37.06467661691542,43.28358208955223,12.264150943396226,,30.312499999999996,30.625000000000004,7.421150278293136,45.8125,48.1875,73.6318407960199,,29.35323383084577,50.0,52.48756218905473,45.77114427860697
291609,Bart Verbruggen,bart-verbruggen,146.0,"6' 4""",76.0,23.0,2002-08-18T07:00Z,Netherlands,G,331,36,0,2,6,0,0,1,5,0,0,0,341,91,56,Brighton & Hove Albion,,,,0.6190476190476191,6,30.312499999999996,50.57471264367817,96.55172413793103,,72.98850574712644,44.252873563218394,,,30.312499999999996,68.375,,37.4375,15.5,4.597701149425291,18.0,85.0574712643678,1.1494252873563227,50.0,10.34482758620689
291630,Amad,amad,159.0,"5' 8""",68.0,23.0,2002-07-11T07:00Z,Ivory Coast,F,360,26,20,28,5,0,0,6,3,17,44,8,0,1,29,Manchester United,0.38636363636363635,0.18181818181818182,0.47058823529411764,,5,95.0625,84.07960199004975,91.7910447761194,55.34591194968554,80.84577114427861,77.61194029850746,81.76100628930818,82.74647887323944,95.0625,95.3125,69.38775510204081,86.5,76.5,22.636815920398007,,66.16915422885572,7.462686567164184,52.48756218905473,16.91542288557214
291638,Neco Williams,neco-williams,159.0,"6' 0""",72.0,24.0,2001-04-13T07:00Z,Wales,D,393,35,23,43,7,0,0,3,4,6,37,1,0,10,32,Nottingham Forest,0.16216216216216217,0.02702702702702703,0.16666666666666666,,7,67.375,78.0,94.18181818181817,30.256410256410255,97.45454545454545,82.36363636363636,57.948717948717956,51.29032258064517,67.375,86.625,22.07792207792208,94.0625,80.4375,26.363636363636374,,70.18181818181817,7.454545454545453,54.36363636363637,15.63636363636364
293236,Noni Madueke,noni-madueke,163.0,"6' 0""",72.0,23.0,2002-03-10T08:00Z,England,F,363,32,19,25,3,0,0,3,5,30,80,7,0,0,28,Chelsea,0.375,0.0875,0.23333333333333334,,3,93.875,81.09452736318407,77.11442786069652,50.0,77.86069651741293,75.62189054726367,43.39622641509434,29.577464788732392,93.875,86.625,66.79035250463822,83.375,74.6875,23.6318407960199,,29.35323383084577,20.149253731343293,52.48756218905473,10.696517412935322
293337,Harrison Clarke,harrison-clarke,157.0,"5' 11""",71.0,24.0,2001-03-02T08:00Z,England,D,373,7,4,1,2,1,0,0,0,1,1,0,0,4,10,Ipswich Town,1.0,0.0,0.0,,4,30.312499999999996,35.090909090909086,34.18181818181818,98.2051282051282,30.727272727272727,37.45454545454546,28.974358974358978,23.548387096774192,30.312499999999996,30.625000000000004,97.77365491651206,31.6875,43.25,57.45454545454545,,47.45454545454545,45.27272727272727,4.7272727272727195,77.63636363636364
293347,Cameron Archer,cameron-archer,159.0,"5' 11""",71.0,24.0,2001-12-09T08:00Z,England,F,376,35,15,13,0,0,0,0,1,10,28,2,0,2,34,Southampton,0.35714285714285715,0.07142857142857142,0.2,,0,77.8125,56.46766169154229,24.875621890547265,46.540880503144656,58.2089552238806,68.40796019900498,36.477987421383645,25.0,77.8125,30.625000000000004,63.4508348794063,67.6875,67.0,18.656716417910445,,78.85572139303483,79.35323383084577,52.48756218905473,45.77114427860697
293347,Cameron Archer,cameron-archer,159.0,"5' 11""",71.0,24.0,2001-12-09T08:00Z,England,F,398,30,13,20,2,0,0,1,0,9,41,4,0,3,47,Sheffield United,0.21951219512195122,0.0975609756097561,0.4444444444444444,,2,87.8125,68.65671641791045,57.46268656716418,19.49685534591195,70.8955223880597,63.18407960199005,47.16981132075472,77.8169014084507,87.8125,68.375,31.16883116883117,78.1875,64.0,4.228855721393032,,86.31840796019901,32.58706467661692,52.48756218905473,76.86567164179104
294427,Issa Kaboré,issa-kabore,170.0,"5' 11""",71.0,24.0,2001-05-12T07:00Z,Burkina Faso,D,301,24,27,30,7,0,1,2,1,2,7,0,0,11,36,Luton Town,0.2857142857142857,0.0,0.0,,7,30.312499999999996,35.090909090909086,88.72727272727273,55.38461538461539,92.9090909090909,88.36363636363636,28.974358974358978,23.548387096774192,30.312499999999996,79.75,45.82560296846011,88.125,85.75,22.181818181818187,,73.63636363636363,7.454545454545453,54.36363636363637,47.27272727272728
294427,Issa Kaboré,issa-kabore,170.0,"5' 11""",71.0,24.0,2001-05-12T07:00Z,Burkina Faso,D,382,0,0,0,0,0,0,0,0,0,0,0,0,0,0,Manchester City,,,,,0,30.312499999999996,35.090909090909086,34.18181818181818,,14.000000000000002,12.909090909090908,,,30.312499999999996,30.625000000000004,,14.499999999999998,15.5,89.27272727272728,,15.272727272727273,84.36363636363636,54.36363636363637,77.63636363636364
295370,Jaden Philogene,jaden-philogene,146.0,"5' 11""",71.0,24.0,2002-02-08T08:00Z,England,F,362,11,11,8,3,1,0,0,0,0,7,0,0,0,5,Aston Villa,0.0,0.0,,,5,30.312499999999996,20.149253731343283,24.875621890547265,5.660377358490567,46.766169154228855,57.711442786069654,12.264150943396226,,30.312499999999996,30.625000000000004,7.421150278293136,56.99999999999999,60.18750000000001,63.18407960199005,,29.35323383084577,20.149253731343293,2.736318407960198,76.86567164179104
295370,Jaden Philogene,jaden-philogene,146.0,"5' 11""",71.0,24.0,2002-02-08T08:00Z,England,F,373,21,19,18,4,1,0,0,1,5,18,2,0,1,21,Ipswich Town,0.2777777777777778,0.1111111111111111,0.4,,6,77.8125,56.46766169154229,24.875621890547265,30.18867924528302,65.67164179104478,75.62189054726367,52.20125786163522,67.6056338028169,77.8125,30.625000000000004,43.042671614100186,75.0,74.6875,38.059701492537314,,66.16915422885572,13.18407960199005,2.736318407960198,45.77114427860697
296395,Cole Palmer,cole-palmer,168.0,"6' 2""",74.0,23.0,2002-05-06T07:00Z,England,M,363,37,15,60,7,0,0,8,10,41,127,15,0,2,42,Chelsea,0.3228346456692913,0.11811023622047244,0.36585365853658536,,7,99.0625,100.0,97.67932489451476,62.22222222222222,97.46835443037975,55.06329113924051,78.33333333333333,70.625,99.0625,98.25,55.10204081632652,99.0,67.0,11.814345991561183,,50.63291139240506,15.189873417721529,54.641350210970465,1.4767932489451567
296398,Jakub Stolarczyk,jakub-stolarczyk,179.0,"6' 4""",76.0,25.0,2000-12-19T08:00Z,Poland,G,375,10,0,0,1,0,0,0,0,0,0,0,113,28,16,Leicester City,,,,0.6363636363636364,1,30.312499999999996,50.57471264367817,47.701149425287355,,29.310344827586203,44.252873563218394,,,30.312499999999996,30.625000000000004,,14.499999999999998,15.5,32.758620689655174,22.0,65.51724137931035,24.13793103448276,50.0,67.24137931034483
296410,Levi Colwill,levi-colwill,183.0,"6' 2""",74.0,22.0,2003-02-26T08:00Z,England,D,363,35,45,21,9,0,0,1,4,4,17,2,0,25,41,Chelsea,0.23529411764705882,0.11764705882352941,0.5,,9,77.8125,90.18181818181819,76.36363636363637,43.58974358974359,86.54545454545455,99.27272727272727,78.2051282051282,79.6774193548387,77.8125,68.375,33.85899814471243,79.4375,96.625,16.363636363636374,,92.9090909090909,2.5454545454545467,54.36363636363637,15.63636363636364
296512,Micky van de Ven,micky-van-de-ven,179.0,"6' 4""",76.0,24.0,2001-04-19T07:00Z,Netherlands,D,367,13,10,9,4,0,0,2,1,2,6,0,0,7,17,Tottenham Hotspur,0.3333333333333333,0.0,0.0,,4,30.312499999999996,35.090909090909086,88.72727272727273,65.64102564102564,64.18181818181819,57.63636363636364,28.974358974358978,23.548387096774192,30.312499999999996,79.75,57.977736549165115,59.0,58.25,46.72727272727273,,59.63636363636363,27.454545454545453,54.36363636363637,47.27272727272728
296612,Nathan Butler-Oyedeji,nathan-butler-oyedeji,150.0,"5' 7""",67.0,22.0,2003-01-04T08:00Z,England,F,359,1,0,0,0,0,0,0,0,1,1,0,0,0,0,Arsenal,1.0,0.0,0.0,,0,30.312499999999996,20.149253731343283,24.875621890547265,98.74213836477988,12.437810945273633,11.691542288557214,12.264150943396226,7.746478873239436,30.312499999999996,30.625000000000004,97.77365491651206,14.499999999999998,15.5,89.30348258706468,,29.35323383084577,79.35323383084577,52.48756218905473,76.86567164179104
296618,Teden Mengi,teden-mengi,172.0,"6' 1""",73.0,23.0,2002-04-30T07:00Z,England,D,301,30,33,7,3,0,0,0,4,4,11,1,0,29,56,Luton Town,0.36363636363636365,0.09090909090909091,0.25,,3,67.375,78.0,34.18181818181818,71.53846153846153,59.81818181818181,94.54545454545455,71.28205128205128,58.06451612903226,67.375,30.625000000000004,64.93506493506493,54.87499999999999,90.625,5.63636363636364,,95.45454545454545,35.81818181818181,54.36363636363637,15.63636363636364
296622,Anthony Elanga,anthony-elanga,152.0,"5' 10""",70.0,23.0,2002-04-27T07:00Z,Sweden,F,393,38,9,47,1,0,0,12,3,22,44,6,0,1,35,Nottingham Forest,0.5,0.13636363636363635,0.2727272727272727,,1,92.375,77.11442786069652,99.50248756218906,89.62264150943396,94.5273631840796,52.736318407960205,62.264150943396224,36.971830985915496,92.375,99.8125,88.49721706864564,95.75,56.25,17.16417910447761,,66.16915422885572,50.0,52.48756218905473,16.91542288557214
297337,Pape Matar Sarr,pape-matar-sarr,152.0,"6' 1""",73.0,23.0,2002-09-14T07:00Z,Senegal,M,367,36,33,35,6,0,0,2,3,13,33,3,0,11,34,Tottenham Hotspur,0.3939393939393939,0.09090909090909091,0.23076923076923078,,6,83.8125,81.85654008438819,71.94092827004219,78.88888888888889,86.49789029535864,81.0126582278481,68.61111111111111,46.5625,83.8125,79.75,71.15027829313544,91.5,90.625,20.042194092827003,,92.61603375527426,20.042194092827003,54.641350210970465,29.324894514767934
297750,Albert Grønbaek,albert-grønbaek,141.0,"5' 9""",69.0,24.0,2001-05-23T07:00Z,Denmark,M,376,4,0,1,0,0,0,0,0,0,2,0,0,1,3,Southampton,0.0,0.0,,,0,30.312499999999996,26.582278481012654,25.738396624472575,5.833333333333333,25.949367088607595,11.814345991561181,19.166666666666668,,30.312499999999996,30.625000000000004,7.421150278293136,31.6875,15.5,70.042194092827,,40.29535864978903,83.33333333333334,54.641350210970465,80.80168776371309
297775,Naouirou Ahamada,naouirou-ahamada,161.0,"6' 0""",72.0,23.0,2002-03-29T08:00Z,France,M,384,0,0,0,0,0,0,0,0,0,0,0,0,0,0,Crystal Palace,,,,,0,30.312499999999996,26.582278481012654,25.738396624472575,,12.025316455696203,11.814345991561181,,,30.312499999999996,30.625000000000004,,14.499999999999998,15.5,89.0295358649789,,17.29957805907173,83.33333333333334,54.641350210970465,80.80168776371309
298329,Riccardo Calafiori,riccardo-calafiori,190.0,"6' 2""",74.0,23.0,2002-05-19T07:00Z,Italy,D,359,19,16,6,4,0,0,1,1,5,9,2,0,6,12,Arsenal,0.5555555555555556,0.2222222222222222,0.4,,4,77.8125,90.18181818181819,76.36363636363637,93.33333333333333,56.36363636363636,68.54545454545455,91.7948717948718,71.61290322580646,77.8125,68.375,92.94990723562152,52.25,69.25,52.909090909090914,,55.27272727272727,27.454545454545453,54.36363636363637,47.27272727272728
298518,James McAtee,james-mcatee,159.0,"5' 11""",71.0,23.0,2002-10-18T07:00Z,England,M,382,15,6,3,1,0,0,0,0,4,12,3,0,0,6,Manchester City,0.3333333333333333,0.25,0.75,,1,83.8125,81.85654008438819,25.738396624472575,65.83333333333333,34.177215189873415,37.34177215189873,97.22222222222221,96.25,83.8125,30.625000000000004,57.977736549165115,42.1875,48.1875,63.291139240506325,,17.29957805907173,61.392405063291136,54.641350210970465,80.80168776371309
298518,James McAtee,james-mcatee,159.0,"5' 11""",71.0,23.0,2002-10-18T07:00Z,England,M,398,31,13,29,2,0,0,3,4,9,26,3,0,0,59,Sheffield United,0.34615384615384615,0.11538461538461539,0.3333333333333333,,2,83.8125,81.85654008438819,81.85654008438819,71.38888888888889,82.27848101265823,51.47679324894515,77.5,65.625,83.8125,86.625,61.87384044526901,87.6875,64.0,2.9535864978902993,,17.29957805907173,51.265822784810126,54.641350210970465,22.573839662447256
298520,Cieran Slicker,cieran-slicker,181.0,"6' 3""",75.0,23.0,2002-09-15T07:00Z,Scotland,G,373,0,0,0,0,0,0,0,0,0,0,0,0,0,0,Ipswich Town,,,,,0,30.312499999999996,50.57471264367817,47.701149425287355,,29.310344827586203,44.252873563218394,,,30.312499999999996,30.625000000000004,,14.499999999999998,15.5,77.01149425287356,,21.839080459770116,63.793103448275865,50.0,67.24137931034483
298522,Tyler Morton,tyler-morton,163.0,"6' 0""",72.0,23.0,2002-10-31T08:00Z,England,M,364,0,0,0,0,0,0,0,0,0,0,0,0,0,0,Liverpool,,,,,0,30.312499999999996,26.582278481012654,25.738396624472575,,12.025316455696203,11.814345991561181,,,30.312499999999996,30.625000000000004,,14.499999999999998,15.5,89.0295358649789,,17.29957805907173,83.33333333333334,54.641350210970465,80.80168776371309
298524,Jarell Quansah,jarell-quansah,183.0,"6' 3""",75.0,23.0,2003-01-29T08:00Z,England,D,364,13,10,1,2,0,1,0,0,1,2,0,0,7,10,Liverpool,0.5,0.0,0.0,,2,30.312499999999996,35.090909090909086,34.18181818181818,86.92307692307692,30.727272727272727,57.63636363636364,28.974358974358978,23.548387096774192,30.312499999999996,30.625000000000004,88.49721706864564,31.6875,58.25,57.45454545454545,,59.63636363636363,45.27272727272727,54.36363636363637,77.63636363636364
298938,Tawanda Chirewa,tawanda-chirewa,159.0,"5' 11""",71.0,22.0,2003-10-12T07:00Z,Zimbabwe,F,380,0,0,0,0,0,0,0,0,0,0,0,0,0,0,Wolverhampton Wanderers,,,,,0,30.312499999999996,20.149253731343283,24.875621890547265,,12.437810945273633,11.691542288557214,,,30.312499999999996,30.625000000000004,,14.499999999999998,15.5,89.30348258706468,,29.35323383084577,79.35323383084577,52.48756218905473,76.86567164179104
299641,Valentino Livramento,valentino-livramento,141.0,"6' 0""",72.0,23.0,2002-11-12T08:00Z,England,D,361,37,6,35,1,0,0,1,5,2,6,0,0,11,38,Newcastle United,0.3333333333333333,0.0,0.0,,1,30.312499999999996,35.090909090909086,76.36363636363637,65.64102564102564,96.18181818181817,45.09090909090909,28.974358974358978,23.548387096774192,30.312499999999996,68.375,57.977736549165115,91.5,48.1875,20.181818181818173,,73.63636363636363,59.81818181818182,54.36363636363637,10.0
299910,Josko Gvardiol,josko-gvardiol,174.0,"6' 1""",73.0,23.0,2002-01-23T08:00Z,Croatia,D,382,37,15,27,2,0,0,0,8,10,41,5,0,22,39,Manchester City,0.24390243902439024,0.12195121951219512,0.5,,2,90.4375,99.63636363636364,34.18181818181818,44.35897435897436,90.54545454545455,66.18181818181819,79.48717948717949,79.6774193548387,90.4375,30.625000000000004,34.601113172541744,85.125,67.0,18.545454545454547,,90.72727272727272,45.27272727272727,54.36363636363637,2.0
299911,Mykhailo Mudryk,mykhailo-mudryk,132.0,"5' 9""",69.0,24.0,2001-01-05T08:00Z,Ukraine,M,363,7,1,2,0,0,0,0,0,1,1,0,0,1,2,Chelsea,1.0,0.0,0.0,,0,30.312499999999996,26.582278481012654,25.738396624472575,97.77777777777777,30.168776371308013,25.31645569620253,19.166666666666668,15.312500000000002,30.312499999999996,30.625000000000004,97.77365491651206,37.4375,33.0625,73.41772151898735,,40.29535864978903,83.33333333333334,54.641350210970465,80.80168776371309
300103,Welington,welington,161.0,"5' 10""",70.0,24.0,2001-02-19T08:00Z,Brazil,D,376,10,6,8,1,0,0,0,0,0,3,0,0,1,10,Southampton,0.0,0.0,,,1,30.312499999999996,35.090909090909086,34.18181818181818,10.512820512820513,62.0,45.09090909090909,28.974358974358978,,30.312499999999996,30.625000000000004,7.421150278293136,56.99999999999999,48.1875,57.45454545454545,,32.90909090909091,59.81818181818182,54.36363636363637,77.63636363636364
300853,Tyrick Mitchell,tyrick-mitchell,150.0,"5' 9""",69.0,26.0,1999-09-01T07:00Z,England,D,384,37,22,25,2,0,0,5,4,3,11,0,0,13,44,Crystal Palace,0.2727272727272727,0.0,0.0,,2,30.312499999999996,35.090909090909086,98.0,51.02564102564102,89.27272727272727,79.81818181818183,28.974358974358978,23.548387096774192,30.312499999999996,93.625,41.929499072356215,83.375,78.8125,12.0,,78.0,45.27272727272727,54.36363636363637,15.63636363636364
300966,Ronnie Edwards,ronnie-edwards,168.0,"5' 11""",71.0,22.0,2003-03-28T08:00Z,England,D,376,1,0,0,0,0,0,0,0,0,0,0,0,1,1,Southampton,,,,,0,30.312499999999996,35.090909090909086,34.18181818181818,,14.000000000000002,12.909090909090908,,,30.312499999999996,30.625000000000004,,14.499999999999998,15.5,76.72727272727272,,32.90909090909091,84.36363636363636,54.36363636363637,77.63636363636364
301047,David Datro Fofana,david-datro-fofana,168.0,"5' 11""",71.0,23.0,2002-12-22T08:00Z,Ivory Coast,F,379,15,16,10,1,0,0,1,2,10,19,4,0,3,18,Burnley,0.5263157894736842,0.21052631578947367,0.4,,1,87.8125,68.65671641791045,57.46268656716418,93.71069182389937,50.74626865671642,70.64676616915423,89.62264150943396,67.6056338028169,87.8125,68.375,92.02226345083488,61.4375,69.25,43.53233830845771,,86.31840796019901,50.0,52.48756218905473,28.606965174129357
301248,Jay Stansfield,jay-stansfield,0.0,,0.0,23.0,2002-11-24T08:00Z,England,F,370,1,1,0,0,0,0,0,0,0,0,0,0,0,0,Fulham,,,,,0,30.312499999999996,20.149253731343283,24.875621890547265,,12.437810945273633,25.870646766169152,,,30.312499999999996,30.625000000000004,,14.499999999999998,33.0625,89.30348258706468,,29.35323383084577,79.35323383084577,52.48756218905473,76.86567164179104
301462,Yerson Mosquera,yerson-mosquera,168.0,"6' 2""",74.0,24.0,2001-05-02T07:00Z,Colombia,D,380,5,6,7,2,0,0,0,1,0,2,0,0,10,12,Wolverhampton Wanderers,0.0,0.0,,,2,30.312499999999996,35.090909090909086,34.18181818181818,10.512820512820513,59.81818181818181,45.09090909090909,28.974358974358978,,30.312499999999996,30.625000000000004,7.421150278293136,54.87499999999999,48.1875,52.909090909090914,,70.18181818181817,45.27272727272727,54.36363636363637,47.27272727272728
301524,João Gomes,joao-gomes,161.0,"5' 9""",69.0,24.0,2001-02-12T08:00Z,Brazil,M,380,36,69,47,10,1,0,1,3,7,35,3,0,4,57,Wolverhampton Wanderers,0.2,0.08571428571428572,0.42857142857142855,,12,83.8125,81.85654008438819,58.64978902953587,27.77777777777778,91.77215189873418,99.57805907172997,66.11111111111111,79.0625,83.8125,68.375,28.107606679035253,95.75,99.625,3.375527426160346,,64.34599156118144,3.375527426160346,4.852320675105489,29.324894514767934
301525,Rodrigo Muniz,rodrigo-muniz,148.0,"5' 10""",70.0,24.0,2001-05-04T07:00Z,Brazil,F,370,31,11,31,1,0,0,1,1,17,38,8,0,2,17,Fulham,0.4473684210526316,0.21052631578947367,0.47058823529411764,,1,95.0625,84.07960199004975,57.46268656716418,76.72955974842768,84.07960199004975,57.711442786069654,89.62264150943396,82.74647887323944,95.0625,68.375,81.53988868274583,88.8125,60.18750000000001,45.27363184079603,,78.85572139303483,50.0,52.48756218905473,45.77114427860697
301653,Ramón Sosa,ramon-sosa,163.0,"5' 10""",70.0,26.0,1999-08-31T07:00Z,Paraguay,F,393,19,6,8,1,0,0,0,2,5,11,1,0,0,5,Nottingham Forest,0.45454545454545453,0.09090909090909091,0.2,,1,67.375,46.766169154228855,24.875621890547265,80.50314465408806,46.766169154228855,43.28358208955223,44.9685534591195,25.0,67.375,30.625000000000004,82.83858998144711,56.99999999999999,48.1875,63.18407960199005,,29.35323383084577,50.0,52.48756218905473,28.606965174129357
301894,Igor Thiago,igor-thiago,185.0,"6' 3""",75.0,24.0,2001-06-26T07:00Z,Brazil,F,337,8,3,3,0,0,0,0,0,0,2,0,0,0,4,Brentford,0.0,0.0,,,0,30.312499999999996,20.149253731343283,24.875621890547265,5.660377358490567,34.32835820895522,34.07960199004975,12.264150943396226,,30.312499999999996,30.625000000000004,7.421150278293136,42.1875,40.8125,66.41791044776119,,29.35323383084577,79.35323383084577,52.48756218905473,76.86567164179104
302162,Carlos Alcaraz,carlos-alcaraz,150.0,"5' 9""",69.0,23.0,2002-11-30T08:00Z,Argentina,M,368,16,14,12,4,0,0,3,1,12,27,2,0,1,9,Everton,0.4444444444444444,0.07407407407407407,0.16666666666666666,,4,77.8125,73.83966244725738,81.85654008438819,86.66666666666667,55.27426160337553,52.742616033755276,58.333333333333336,36.5625,77.8125,86.625,80.70500927643785,65.6875,65.3125,58.860759493670884,,40.29535864978903,32.27848101265823,54.641350210970465,53.37552742616033
302162,Carlos Alcaraz,carlos-alcaraz,150.0,"5' 9""",69.0,23.0,2002-11-30T08:00Z,Argentina,M,376,1,1,0,0,0,0,0,0,1,1,0,0,0,0,Southampton,1.0,0.0,0.0,,0,30.312499999999996,26.582278481012654,25.738396624472575,97.77777777777777,12.025316455696203,25.31645569620253,19.166666666666668,15.312500000000002,30.312499999999996,30.625000000000004,97.77365491651206,14.499999999999998,33.0625,89.0295358649789,,17.29957805907173,83.33333333333334,54.641350210970465,80.80168776371309
302944,Anis Ben Slimane,anis-ben-slimane,190.0,"6' 2""",74.0,24.0,2001-03-16T08:00Z,Tunisia,M,398,15,7,6,2,0,1,0,2,3,8,0,0,1,12,Sheffield United,0.375,0.0,0.0,,2,30.312499999999996,26.582278481012654,25.738396624472575,75.83333333333333,41.77215189873418,40.50632911392405,19.166666666666668,15.312500000000002,30.312499999999996,30.625000000000004,66.79035250463822,52.25,51.1875,53.37552742616033,,40.29535864978903,51.265822784810126,54.641350210970465,38.81856540084389
303115,Kamaldeen Sulemana,kamaldeen-sulemana,152.0,"5' 9""",69.0,24.0,2002-02-15T08:00Z,Ghana,F,376,26,21,11,2,0,0,1,1,8,28,1,0,5,36,Southampton,0.2857142857142857,0.03571428571428571,0.125,,2,67.375,46.766169154228855,57.46268656716418,33.0188679245283,53.482587064676615,79.35323383084577,26.10062893081761,16.901408450704224,67.375,68.375,45.82560296846011,63.81250000000001,77.625,14.427860696517413,,94.27860696517413,32.58706467661692,52.48756218905473,45.77114427860697
303745,Omar Marmoush,omar-marmoush,179.0,"6' 0""",72.0,26.0,1999-02-07T08:00Z,Egypt,F,382,16,15,20,0,0,0,0,3,14,48,7,0,1,12,Manchester City,0.2916666666666667,0.14583333333333334,0.5,,0,93.875,81.09452736318407,24.875621890547265,35.22012578616352,70.8955223880597,68.40796019900498,67.9245283018868,86.97183098591549,93.875,30.625000000000004,47.77365491651206,78.1875,67.0,52.23880597014926,,66.16915422885572,79.35323383084577,52.48756218905473,16.91542288557214
303785,Matheus Nunes,matheus-nunes,172.0,"6' 0""",72.0,27.0,1998-08-27T07:00Z,Portugal,M,382,26,29,20,4,0,0,6,1,4,9,1,0,4,19,Manchester City,0.4444444444444444,0.1111111111111111,0.25,,4,67.375,60.970464135021096,92.61603375527426,86.66666666666667,68.9873417721519,75.73839662447257,75.0,51.24999999999999,67.375,95.3125,80.70500927643785,78.1875,87.6875,45.780590717299575,,64.34599156118144,32.27848101265823,54.641350210970465,53.37552742616033
303794,Matt Turner,matt-turner,183.0,"6' 3""",75.0,31.0,1994-06-24T07:00Z,USA,G,384,0,0,0,0,0,0,0,0,0,0,0,0,0,0,Crystal Palace,,,,,0,30.312499999999996,50.57471264367817,47.701149425287355,,29.310344827586203,44.252873563218394,,,30.312499999999996,30.625000000000004,,14.499999999999998,15.5,77.01149425287356,,21.839080459770116,63.793103448275865,50.0,67.24137931034483
304216,André,andre,170.0,"5' 9""",69.0,24.0,2001-07-16T07:00Z,Brazil,M,380,33,35,35,7,0,0,0,2,1,10,0,0,8,43,Wolverhampton Wanderers,0.1,0.0,0.0,,7,30.312499999999996,26.582278481012654,25.738396624472575,14.444444444444443,86.49789029535864,83.12236286919831,19.166666666666668,15.312500000000002,30.312499999999996,30.625000000000004,17.068645640074212,91.5,92.4375,10.759493670886073,,82.0675105485232,15.189873417721529,54.641350210970465,38.81856540084389
304242,Yasin Ayari,yasin-ayari,150.0,"5' 8""",68.0,22.0,2003-10-06T07:00Z,Sweden,M,331,34,34,26,4,0,0,1,2,9,29,2,0,6,28,Brighton & Hove Albion,0.3103448275862069,0.06896551724137931,0.2222222222222222,,4,77.8125,73.83966244725738,58.64978902953587,55.27777777777778,77.21518987341773,82.48945147679325,53.888888888888886,45.0,77.8125,68.375,52.04081632653062,84.25,91.75,31.856540084388186,,73.20675105485233,32.27848101265823,54.641350210970465,38.81856540084389
304256,Filip Jørgensen,filip-jørgensen,185.0,"6' 4""",76.0,23.0,2002-04-16T07:00Z,Denmark,G,363,6,1,1,0,0,0,0,0,0,0,0,51,20,9,Chelsea,,,,0.6896551724137931,0,30.312499999999996,50.57471264367817,47.701149425287355,,62.643678160919535,90.80459770114942,,,30.312499999999996,30.625000000000004,,31.6875,33.0625,41.379310344827594,60.0,58.620689655172406,63.793103448275865,50.0,67.24137931034483
304470,Savinho,savinho,146.0,"5' 10""",70.0,21.0,2004-04-10T07:00Z,Brazil,F,382,29,17,28,3,0,0,8,0,21,53,1,0,2,24,Manchester City,0.39622641509433965,0.018867924528301886,0.047619047619047616,,3,67.375,46.766169154228855,96.51741293532339,59.43396226415094,80.84577114427861,72.13930348258707,24.528301886792452,15.492957746478872,67.375,98.25,71.70686456400742,86.5,71.375,31.09452736318407,,78.85572139303483,20.149253731343293,52.48756218905473,76.86567164179104
304503,Illia Zabarnyi,illia-zabarnyi,174.0,"6' 2""",74.0,23.0,2002-09-01T07:00Z,Ukraine,D,349,36,19,7,4,1,0,1,2,1,12,0,0,20,42,AFC Bournemouth,0.08333333333333333,0.0,0.0,,6,30.312499999999996,35.090909090909086,76.36363636363637,22.564102564102566,59.81818181818181,74.72727272727273,28.974358974358978,23.548387096774192,30.312499999999996,68.375,16.048237476808904,54.87499999999999,74.6875,14.909090909090907,,89.0909090909091,27.454545454545453,4.7272727272727195,32.90909090909091
304799,Amadou Onana,amadou-onana,168.0,"6' 5""",77.0,24.0,2001-08-16T07:00Z,Belgium,M,362,26,32,30,4,0,0,0,1,6,14,3,0,7,23,Aston Villa,0.42857142857142855,0.21428571428571427,0.5,,4,83.8125,81.85654008438819,25.738396624472575,84.44444444444444,82.70042194092827,79.53586497890295,95.55555555555556,85.9375,83.8125,30.625000000000004,77.92207792207793,88.125,89.625,40.50632911392405,,78.05907172995781,32.27848101265823,54.641350210970465,53.37552742616033
304965,Jakub Kiwior,jakub-kiwior,163.0,"6' 2""",74.0,26.0,2000-02-15T08:00Z,Poland,D,359,17,10,4,1,0,0,0,1,1,3,1,0,6,15,Arsenal,0.3333333333333333,0.3333333333333333,1.0,,1,67.375,78.0,34.18181818181818,65.64102564102564,47.090909090909086,57.63636363636364,95.64102564102565,93.54838709677419,67.375,30.625000000000004,57.977736549165115,45.8125,58.25,49.63636363636363,,55.27272727272727,59.81818181818182,54.36363636363637,47.27272727272728
306012,Dane Scarlett,dane-scarlett,168.0,"5' 11""",71.0,21.0,2004-03-24T08:00Z,England,F,367,3,0,1,0,0,0,1,0,1,1,0,0,0,1,Tottenham Hotspur,1.0,0.0,0.0,,0,30.312499999999996,20.149253731343283,57.46268656716418,98.74213836477988,27.114427860696516,11.691542288557214,12.264150943396226,7.746478873239436,30.312499999999996,68.375,97.77365491651206,31.6875,15.5,77.363184079602,,29.35323383084577,79.35323383084577,52.48756218905473,76.86567164179104
306013,Alfie Devine,alfie-devine,163.0,"6' 0""",72.0,21.0,2004-08-01T07:00Z,England,M,367,0,0,0,0,0,0,0,0,0,0,0,0,0,0,Tottenham Hotspur,,,,,0,30.312499999999996,26.582278481012654,25.738396624472575,,12.025316455696203,11.814345991561181,,,30.312499999999996,30.625000000000004,,14.499999999999998,15.5,89.0295358649789,,17.29957805907173,83.33333333333334,54.641350210970465,80.80168776371309
306493,Imari Samuels,imari-samuels,172.0,"6' 2""",74.0,22.0,2003-02-05T08:00Z,England,D,331,0,0,0,0,0,0,0,0,0,0,0,0,0,0,Brighton & Hove Albion,,,,,0,30.312499999999996,35.090909090909086,34.18181818181818,,14.000000000000002,12.909090909090908,,,30.312499999999996,30.625000000000004,,14.499999999999998,15.5,89.27272727272728,,15.272727272727273,84.36363636363636,54.36363636363637,77.63636363636364
306541,Myles Peart-Harris,myles-peart-harris,174.0,"6' 2""",74.0,23.0,2002-09-18T07:00Z,England,M,337,0,0,0,0,0,0,0,0,0,0,0,0,0,0,Brentford,,,,,0,30.312499999999996,26.582278481012654,25.738396624472575,,12.025316455696203,11.814345991561181,,,30.312499999999996,30.625000000000004,,14.499999999999998,15.5,89.0295358649789,,17.29957805907173,83.33333333333334,54.641350210970465,80.80168776371309
306764,Danilo,danilo,150.0,"5' 9""",69.0,24.0,2001-04-29T07:00Z,Brazil,M,393,8,2,0,0,0,0,0,1,0,0,0,0,1,4,Nottingham Forest,,,,,0,30.312499999999996,26.582278481012654,25.738396624472575,,12.025316455696203,28.902953586497894,,,30.312499999999996,30.625000000000004,,14.499999999999998,37.25,66.45569620253164,,40.29535864978903,83.33333333333334,54.641350210970465,53.37552742616033
307069,Carl Rushworth,carl-rushworth,190.0,"6' 2""",74.0,24.0,2001-07-02T07:00Z,England,G,331,0,0,0,0,0,0,0,0,0,0,0,0,0,0,Brighton & Hove Albion,,,,,0,30.312499999999996,50.57471264367817,47.701149425287355,,29.310344827586203,44.252873563218394,,,30.312499999999996,30.625000000000004,,14.499999999999998,15.5,77.01149425287356,,21.839080459770116,63.793103448275865,50.0,67.24137931034483
307073,Kasey McAteer,kasey-mcateer,150.0,"5' 10""",70.0,24.0,2001-11-22T08:00Z,England,M,375,18,17,15,3,0,0,1,4,7,13,1,0,3,16,Leicester City,0.5384615384615384,0.07692307692307693,0.14285714285714285,,3,67.375,60.970464135021096,58.64978902953587,92.77777777777779,60.54852320675106,60.970464135021096,60.83333333333333,33.125,67.375,68.375,92.39332096474953,70.6875,71.375,50.0,,58.22784810126582,41.983122362869196,54.641350210970465,22.573839662447256
307110,Ben Nelson,ben-nelson,192.0,"6' 4""",76.0,21.0,2004-03-18T08:00Z,England,D,375,0,0,0,0,0,0,0,0,0,0,0,0,0,0,Leicester City,,,,,0,30.312499999999996,35.090909090909086,34.18181818181818,,14.000000000000002,12.909090909090908,,,30.312499999999996,30.625000000000004,,14.499999999999998,15.5,89.27272727272728,,15.272727272727273,84.36363636363636,54.36363636363637,77.63636363636364
307111,Oscar Bobb,oscar-bobb,152.0,"5' 10""",70.0,22.0,2003-07-12T07:00Z,Norway,M,382,3,0,1,0,0,0,0,0,0,0,0,0,0,1,Manchester City,,,,,0,30.312499999999996,26.582278481012654,25.738396624472575,,25.949367088607595,11.814345991561181,,,30.312499999999996,30.625000000000004,,31.6875,15.5,76.37130801687763,,17.29957805907173,83.33333333333334,54.641350210970465,80.80168776371309
307114,Liam Delap,liam-delap,159.0,"6' 1""",73.0,22.0,2003-02-08T08:00Z,England,F,373,37,72,51,12,0,0,2,2,31,68,12,0,0,57,Ipswich Town,0.45588235294117646,0.17647058823529413,0.3870967741935484,,12,98.25,93.53233830845771,69.15422885572139,83.01886792452831,96.51741293532339,99.50248756218906,79.24528301886792,65.49295774647888,98.25,79.75,83.6734693877551,97.3125,99.875,1.492537313432834,,29.35323383084577,0.0,52.48756218905473,28.606965174129357
307117,Josh Wilson-Esbrand,josh-wilson-esbrand,152.0,"5' 9""",69.0,22.0,2002-12-26T08:00Z,England,D,382,0,0,0,0,0,0,0,0,0,0,0,0,0,0,Manchester City,,,,,0,30.312499999999996,35.090909090909086,34.18181818181818,,14.000000000000002,12.909090909090908,,,30.312499999999996,30.625000000000004,,14.499999999999998,15.5,89.27272727272728,,15.272727272727273,84.36363636363636,54.36363636363637,77.63636363636364
307118,James Trafford,james-trafford,183.0,"6' 6""",78.0,23.0,2002-10-10T07:00Z,England,G,379,28,0,5,2,0,0,0,10,0,0,0,361,107,60,Burnley,,,,0.6407185628742516,2,30.312499999999996,50.57471264367817,47.701149425287355,,91.37931034482759,44.252873563218394,,,30.312499999999996,30.625000000000004,,49.25,15.5,3.448275862068968,24.0,91.95402298850574,16.091954022988503,50.0,1.1494252873563227
307119,Samuel Edozie,samuel-edozie,157.0,"5' 11""",71.0,23.0,2003-01-28T08:00Z,England,M,376,2,2,1,1,0,0,0,0,0,0,0,0,0,0,Southampton,,,,,1,30.312499999999996,26.582278481012654,25.738396624472575,,25.949367088607595,28.902953586497894,,,30.312499999999996,30.625000000000004,,31.6875,37.25,89.0295358649789,,17.29957805907173,61.392405063291136,54.641350210970465,80.80168776371309
307172,Salah-Eddine Oulad M'Hand,salah-eddine-oulad-mhand,152.0,"5' 10""",70.0,21.0,2003-08-20T07:00Z,Netherlands,M,359,0,0,0,0,0,0,0,0,0,0,0,0,0,0,Arsenal,,,,,0,30.312499999999996,26.582278481012654,25.738396624472575,,12.025316455696203,11.814345991561181,,,30.312499999999996,30.625000000000004,,14.499999999999998,15.5,89.0295358649789,,17.29957805907173,83.33333333333334,54.641350210970465,80.80168776371309
307657,Jaidon Anthony,jaidon-anthony,0.0,"6' 0""",72.0,26.0,1999-12-01T08:00Z,England,F,349,0,0,0,0,0,0,0,0,0,0,0,0,0,0,AFC Bournemouth,,,,,0,30.312499999999996,20.149253731343283,24.875621890547265,,12.437810945273633,11.691542288557214,,,30.312499999999996,30.625000000000004,,14.499999999999998,15.5,89.30348258706468,,29.35323383084577,79.35323383084577,52.48756218905473,76.86567164179104
307870,Chadi Riad,chadi-riad,172.0,"6' 1""",73.0,22.0,2003-06-17T07:00Z,Morocco,D,384,1,1,0,0,0,0,0,0,0,0,0,0,0,2,Crystal Palace,,,,,0,30.312499999999996,35.090909090909086,34.18181818181818,,14.000000000000002,27.27272727272727,,,30.312499999999996,30.625000000000004,,14.499999999999998,33.0625,73.27272727272728,,15.272727272727273,84.36363636363636,54.36363636363637,77.63636363636364
308217,Romeo Lavia,romeo-lavia,168.0,"5' 11""",71.0,21.0,2004-01-06T08:00Z,Belgium,M,363,16,16,7,4,0,0,1,2,0,2,0,0,0,11,Chelsea,0.0,0.0,,,4,30.312499999999996,26.582278481012654,58.64978902953587,5.833333333333333,44.09282700421941,58.016877637130804,19.166666666666668,,30.312499999999996,68.375,7.421150278293136,54.87499999999999,69.25,54.85232067510549,,17.29957805907173,32.27848101265823,54.641350210970465,38.81856540084389
308449,Emmanuel Agbadou,emmanuel-agbadou,190.0,"6' 4""",76.0,28.0,1997-06-17T07:00Z,Ivory Coast,D,380,16,7,4,3,0,0,0,3,2,7,1,0,13,22,Wolverhampton Wanderers,0.2857142857142857,0.14285714285714285,0.5,,3,67.375,78.0,34.18181818181818,55.38461538461539,47.090909090909086,48.72727272727273,83.07692307692308,79.6774193548387,67.375,30.625000000000004,45.82560296846011,45.8125,51.1875,40.18181818181819,,78.0,35.81818181818181,54.36363636363637,22.909090909090907
308456,Rodrigo Gomes,rodrigo-gomes,148.0,"5' 9""",69.0,22.0,2003-07-07T07:00Z,Portugal,D,380,25,4,6,0,0,0,0,0,2,6,2,0,1,20,Wolverhampton Wanderers,0.3333333333333333,0.3333333333333333,1.0,,0,77.8125,90.18181818181819,34.18181818181818,65.64102564102564,56.36363636363636,37.45454545454546,95.64102564102565,93.54838709677419,77.8125,30.625000000000004,57.977736549165115,52.25,43.25,42.36363636363636,,32.90909090909091,84.36363636363636,54.36363636363637,77.63636363636364
308461,Lorenz Assignon,lorenz-assignon,170.0,"5' 11""",71.0,25.0,2000-06-22T07:00Z,France,D,379,15,33,16,4,1,0,2,3,4,9,1,0,7,31,Burnley,0.4444444444444444,0.1111111111111111,0.25,,6,67.375,78.0,88.72727272727273,81.02564102564102,79.81818181818183,94.54545454545455,76.15384615384615,58.06451612903226,67.375,79.75,80.70500927643785,72.3125,90.625,28.0,,59.63636363636363,27.454545454545453,4.7272727272727195,22.909090909090907
308524,Nicolas Jackson,nicolas-jackson,172.0,"6' 1""",73.0,24.0,2001-06-20T07:00Z,Senegal,F,363,30,32,29,7,1,0,6,2,30,73,10,0,2,25,Chelsea,0.410958904109589,0.136986301369863,0.3333333333333333,,9,97.125,89.80099502487562,91.7910447761194,66.98113207547169,82.83582089552239,92.53731343283582,63.83647798742138,51.056338028169016,97.125,95.3125,75.78849721706865,87.6875,89.625,28.855721393034827,,78.85572139303483,3.233830845771152,2.736318407960198,28.606965174129357
308554,Alfie Pond,alfie-pond,190.0,"6' 3""",75.0,21.0,2004-03-01T08:00Z,England,D,380,1,0,0,0,0,0,0,0,0,0,0,0,0,0,Wolverhampton Wanderers,,,,,0,30.312499999999996,35.090909090909086,34.18181818181818,,14.000000000000002,12.909090909090908,,,30.312499999999996,30.625000000000004,,14.499999999999998,15.5,89.27272727272728,,15.272727272727273,84.36363636363636,54.36363636363637,77.63636363636364
308778,Toby Collyer,toby-collyer,161.0,"5' 11""",71.0,22.0,2004-01-03T08:00Z,England,M,360,6,1,4,0,0,0,0,0,0,1,0,0,1,2,Manchester United,0.0,0.0,,,0,30.312499999999996,26.582278481012654,25.738396624472575,5.833333333333333,37.130801687763714,25.31645569620253,19.166666666666668,,30.312499999999996,30.625000000000004,7.421150278293136,45.8125,33.0625,73.41772151898735,,40.29535864978903,83.33333333333334,54.641350210970465,80.80168776371309
308932,Mikkel Damsgaard,mikkel-damsgaard,146.0,"5' 11""",71.0,25.0,2000-07-03T07:00Z,Denmark,M,337,38,18,27,2,0,0,10,7,7,34,2,0,2,40,Brentford,0.20588235294117646,0.058823529411764705,0.2857142857142857,,2,77.8125,73.83966244725738,99.15611814345992,30.0,78.90295358649789,63.29113924050633,48.05555555555556,58.12500000000001,77.8125,99.25,30.241187384044526,85.125,72.9375,13.080168776371309,,50.63291139240506,51.265822784810126,54.641350210970465,6.540084388185647
308947,Malo Gusto,malo-gusto,148.0,"5' 10""",70.0,22.0,2003-05-19T07:00Z,France,D,363,32,20,20,4,0,0,1,2,3,21,0,0,8,26,Chelsea,0.14285714285714285,0.0,0.0,,4,30.312499999999996,35.090909090909086,76.36363636363637,27.692307692307693,84.9090909090909,77.0909090909091,28.974358974358978,23.548387096774192,30.312499999999996,68.375,20.500927643784784,78.1875,76.5,33.45454545454545,,63.45454545454545,27.454545454545453,54.36363636363637,32.90909090909091
309273,Rasmus Højlund,rasmus-højlund,190.0,"6' 3""",75.0,23.0,2003-02-04T08:00Z,Denmark,F,360,32,17,28,2,0,0,0,5,14,34,4,0,0,30,Manchester United,0.4117647058823529,0.11764705882352941,0.2857142857142857,,2,87.8125,68.65671641791045,24.875621890547265,67.9245283018868,80.84577114427861,72.13930348258707,55.9748427672956,42.25352112676056,87.8125,30.625000000000004,76.06679035250464,86.5,71.375,21.393034825870643,,29.35323383084577,32.58706467661692,52.48756218905473,10.696517412935322
309563,Lesley Ugochukwu,lesley-ugochukwu,159.0,"6' 3""",75.0,21.0,2004-03-26T08:00Z,France,M,376,26,30,16,7,0,0,1,0,1,10,1,0,10,39,Southampton,0.1,0.1,1.0,,7,67.375,60.970464135021096,58.64978902953587,14.444444444444443,62.0253164556962,77.42616033755274,72.5,98.75,67.375,68.375,17.068645640074212,72.3125,88.5,14.135021097046419,,89.24050632911393,15.189873417721529,54.641350210970465,80.80168776371309
310216,Radu Dragusin,radu-dragusin,185.0,"6' 3""",75.0,23.0,2002-02-03T08:00Z,Romania,D,367,16,6,10,1,0,0,0,0,1,5,0,0,17,27,Tottenham Hotspur,0.2,0.0,0.0,,1,30.312499999999996,35.090909090909086,34.18181818181818,37.69230769230769,66.54545454545455,45.09090909090909,28.974358974358978,23.548387096774192,30.312499999999996,30.625000000000004,28.107606679035253,61.4375,48.1875,31.818181818181827,,84.54545454545455,59.81818181818182,54.36363636363637,77.63636363636364
310599,Tim Iroegbunam,tim-iroegbunam,152.0,"6' 0""",72.0,22.0,2003-06-30T07:00Z,England,M,368,18,15,12,4,0,0,1,2,0,5,0,0,3,16,Everton,0.0,0.0,,,4,30.312499999999996,26.582278481012654,58.64978902953587,5.833333333333333,55.27426160337553,55.06329113924051,19.166666666666668,,30.312499999999996,68.375,7.421150278293136,65.6875,67.0,50.0,,58.22784810126582,32.27848101265823,54.641350210970465,38.81856540084389
310606,Sil Swinkels,sil-swinkels,172.0,"6' 3""",75.0,21.0,2004-01-06T08:00Z,Netherlands,D,362,0,0,0,0,0,0,0,0,0,0,0,0,0,0,Aston Villa,,,,,0,30.312499999999996,35.090909090909086,34.18181818181818,,14.000000000000002,12.909090909090908,,,30.312499999999996,30.625000000000004,,14.499999999999998,15.5,89.27272727272728,,15.272727272727273,84.36363636363636,54.36363636363637,77.63636363636364
310607,Lamare Bogarde,lamare-bogarde,168.0,"6' 0""",72.0,21.0,2004-01-05T08:00Z,Netherlands,M,362,8,8,11,2,0,0,0,2,1,1,0,0,3,11,Aston Villa,1.0,0.0,0.0,,2,30.312499999999996,26.582278481012654,25.738396624472575,97.77777777777777,54.008438818565395,43.037974683544306,19.166666666666668,15.312500000000002,30.312499999999996,30.625000000000004,97.77365491651206,63.81250000000001,53.625,54.85232067510549,,58.22784810126582,51.265822784810126,54.641350210970465,38.81856540084389
310958,Kevin Schade,kevin-schade,161.0,"6' 0""",72.0,24.0,2001-11-27T08:00Z,Germany,M,337,38,21,38,3,0,0,2,1,27,53,11,0,4,31,Brentford,0.5094339622641509,0.20754716981132076,0.4074074074074074,,3,97.8125,99.57805907172997,71.94092827004219,91.66666666666666,87.9746835443038,67.9324894514768,95.0,76.875,97.8125,79.75,91.4656771799629,92.375,77.625,25.31645569620254,,64.34599156118144,41.983122362869196,54.641350210970465,53.37552742616033
310991,Victor Kristiansen,victor-kristiansen,161.0,"5' 11""",71.0,23.0,2002-12-16T08:00Z,Denmark,D,375,30,19,18,1,0,1,1,8,1,4,0,0,14,59,Leicester City,0.25,0.0,0.0,,1,30.312499999999996,35.090909090909086,76.36363636363637,46.92307692307692,82.36363636363636,74.72727272727273,28.974358974358978,23.548387096774192,30.312499999999996,68.375,37.569573283859,75.0,74.6875,4.545454545454547,,80.18181818181817,59.81818181818182,54.36363636363637,2.0
311174,Hubert Graczyk,hubert-graczyk,185.0,"6' 4""",76.0,22.0,2003-02-28T08:00Z,Poland,G,360,0,0,0,0,0,0,0,0,0,0,0,0,0,0,Manchester United,,,,,0,30.312499999999996,50.57471264367817,47.701149425287355,,29.310344827586203,44.252873563218394,,,30.312499999999996,30.625000000000004,,14.499999999999998,15.5,77.01149425287356,,21.839080459770116,63.793103448275865,50.0,67.24137931034483
311527,Hákon Rafn Valdimarsson,hakon-rafn-valdimarsson,194.0,"6' 2""",74.0,24.0,2001-10-13T07:00Z,Iceland,G,337,2,0,0,0,0,0,0,0,0,0,0,13,3,1,Brentford,,,,0.75,0,30.312499999999996,50.57471264367817,47.701149425287355,,29.310344827586203,44.252873563218394,,,30.312499999999996,30.625000000000004,,14.499999999999998,15.5,53.44827586206897,87.0,47.701149425287355,63.793103448275865,50.0,67.24137931034483
312182,Daniel Jebbison,daniel-jebbison,150.0,"6' 3""",75.0,22.0,2003-08-13T07:00Z,Canada,F,349,16,2,4,1,0,0,0,0,2,5,1,0,1,3,AFC Bournemouth,0.4,0.2,0.5,,1,67.375,46.766169154228855,24.875621890547265,62.264150943396224,37.06467661691542,30.09950248756219,86.79245283018868,86.97183098591549,67.375,30.625000000000004,73.37662337662337,45.8125,37.25,69.65174129353234,,66.16915422885572,50.0,52.48756218905473,76.86567164179104
312182,Daniel Jebbison,daniel-jebbison,150.0,"6' 3""",75.0,22.0,2003-08-13T07:00Z,Canada,F,398,1,0,0,0,0,0,0,0,0,0,0,0,0,0,Sheffield United,,,,,0,30.312499999999996,20.149253731343283,24.875621890547265,,12.437810945273633,11.691542288557214,,,30.312499999999996,30.625000000000004,,14.499999999999998,15.5,89.30348258706468,,29.35323383084577,79.35323383084577,52.48756218905473,76.86567164179104
312523,Oliwier Zych,oliwier-zych,179.0,"6' 4""",76.0,21.0,2004-06-28T07:00Z,Poland,G,362,0,0,0,0,0,0,0,0,0,0,0,0,0,0,Aston Villa,,,,,0,30.312499999999996,50.57471264367817,47.701149425287355,,29.310344827586203,44.252873563218394,,,30.312499999999996,30.625000000000004,,14.499999999999998,15.5,77.01149425287356,,21.839080459770116,63.793103448275865,50.0,67.24137931034483
314790,Alex Scott,alex-scott,150.0,"5' 10""",70.0,22.0,2003-08-21T07:00Z,England,M,349,20,17,26,3,0,0,0,2,6,15,0,0,4,8,AFC Bournemouth,0.4,0.0,0.0,,3,30.312499999999996,26.582278481012654,25.738396624472575,80.83333333333333,77.21518987341773,60.970464135021096,19.166666666666668,15.312500000000002,30.312499999999996,30.625000000000004,73.37662337662337,84.25,71.375,60.33755274261603,,64.34599156118144,41.983122362869196,54.641350210970465,38.81856540084389
315530,Dango Ouattara,dango-ouattara,157.0,"5' 10""",70.0,23.0,2002-02-11T08:00Z,Burkina Faso,F,349,32,15,19,3,0,0,4,3,19,61,7,0,10,23,AFC Bournemouth,0.3114754098360656,0.11475409836065574,0.3684210526315789,,3,93.875,81.09452736318407,84.32835820895522,38.36477987421384,68.40796019900498,68.40796019900498,54.088050314465406,59.859154929577464,93.875,91.125,52.41187384044527,76.625,67.0,34.32835820895522,,99.25373134328358,20.149253731343293,52.48756218905473,16.91542288557214
315879,Harvey Davies,harvey-davies,170.0,"6' 3""",75.0,22.0,2003-09-03T07:00Z,England,G,364,0,0,0,0,0,0,0,0,0,0,0,0,0,0,Liverpool,,,,,0,30.312499999999996,50.57471264367817,47.701149425287355,,29.310344827586203,44.252873563218394,,,30.312499999999996,30.625000000000004,,14.499999999999998,15.5,77.01149425287356,,21.839080459770116,63.793103448275865,50.0,67.24137931034483
317404,Simon Adingra,simon-adingra,150.0,"5' 9""",69.0,24.0,2002-01-01T08:00Z,Ivory Coast,F,331,29,12,4,0,0,0,2,2,8,32,2,0,0,22,Brighton & Hove Albion,0.25,0.0625,0.25,,0,77.8125,56.46766169154229,69.15422885572139,24.528301886792452,37.06467661691542,60.447761194029844,32.075471698113205,33.098591549295776,77.8125,79.75,37.569573283859,45.8125,62.31250000000001,36.56716417910447,,29.35323383084577,79.35323383084577,52.48756218905473,28.606965174129357
317858,Reece Welch,reece-welch,0.0,,0.0,22.0,2003-09-19T07:00Z,England,D,368,0,0,0,0,0,0,0,0,0,0,0,0,0,0,Everton,,,,,0,30.312499999999996,35.090909090909086,34.18181818181818,,14.000000000000002,12.909090909090908,,,30.312499999999996,30.625000000000004,,14.499999999999998,15.5,89.27272727272728,,15.272727272727273,84.36363636363636,54.36363636363637,77.63636363636364
318087,Matheus França,matheus-franca,148.0,"5' 10""",70.0,21.0,2004-04-01T08:00Z,Brazil,F,384,4,0,0,0,0,0,0,2,3,6,1,0,1,0,Crystal Palace,0.5,0.16666666666666666,0.3333333333333333,,0,67.375,46.766169154228855,24.875621890547265,89.62264150943396,12.437810945273633,11.691542288557214,75.78616352201259,51.056338028169016,67.375,30.625000000000004,88.49721706864564,14.499999999999998,15.5,89.30348258706468,,66.16915422885572,79.35323383084577,52.48756218905473,28.606965174129357
318284,Facundo Buonanotte,facundo-buonanotte,146.0,"5' 9""",69.0,20.0,2004-12-23T08:00Z,Argentina,M,375,31,37,35,8,0,0,2,5,12,35,5,0,6,32,Leicester City,0.34285714285714286,0.14285714285714285,0.4166666666666667,,8,90.4375,91.56118143459916,71.94092827004219,70.55555555555556,86.49789029535864,84.17721518987342,84.72222222222221,78.125,90.4375,79.75,61.4100185528757,91.5,93.5625,23.41772151898735,,73.20675105485233,10.759493670886073,54.641350210970465,15.822784810126578
318316,Maxime Estève,maxime-esteve,192.0,"6' 4""",76.0,23.0,2002-05-26T07:00Z,France,D,379,16,25,16,6,0,0,0,1,0,7,0,0,10,27,Burnley,0.0,0.0,,,6,30.312499999999996,35.090909090909086,34.18181818181818,10.512820512820513,79.81818181818183,85.0909090909091,28.974358974358978,,30.312499999999996,30.625000000000004,7.421150278293136,72.3125,83.5,31.818181818181827,,70.18181818181817,11.272727272727266,54.36363636363637,47.27272727272728
318359,Eiran Cashin,eiran-cashin,190.0,"5' 11""",71.0,24.0,2001-11-09T08:00Z,England,D,331,2,0,0,0,0,0,0,0,0,0,0,0,0,3,Brighton & Hove Albion,,,,,0,30.312499999999996,35.090909090909086,34.18181818181818,,14.000000000000002,12.909090909090908,,,30.312499999999996,30.625000000000004,,14.499999999999998,15.5,70.9090909090909,,15.272727272727273,84.36363636363636,54.36363636363637,77.63636363636364
318680,Fatawu Issahaku,fatawu-issahaku,161.0,"5' 10""",70.0,21.0,2004-03-08T08:00Z,Ghana,F,375,11,9,20,0,0,0,2,0,5,13,0,0,0,13,Leicester City,0.38461538461538464,0.0,0.0,,0,30.312499999999996,20.149253731343283,69.15422885572139,54.40251572327044,70.8955223880597,52.736318407960205,12.264150943396226,7.746478873239436,30.312499999999996,79.75,68.92393320964749,78.1875,56.25,50.74626865671642,,29.35323383084577,79.35323383084577,52.48756218905473,76.86567164179104
319431,William Osula,william-osula,179.0,"5' 11""",71.0,22.0,2003-08-04T07:00Z,Denmark,F,361,14,4,1,0,0,0,0,0,1,4,1,0,0,3,Newcastle United,0.25,0.25,1.0,,0,67.375,46.766169154228855,24.875621890547265,24.528301886792452,27.114427860696516,38.55721393034826,96.54088050314465,99.64788732394366,67.375,30.625000000000004,37.569573283859,31.6875,43.25,69.65174129353234,,29.35323383084577,79.35323383084577,52.48756218905473,76.86567164179104
319431,William Osula,william-osula,179.0,"5' 11""",71.0,22.0,2003-08-04T07:00Z,Denmark,F,398,21,14,12,4,0,0,0,1,7,19,0,0,1,23,Sheffield United,0.3684210526315789,0.0,0.0,,4,30.312499999999996,20.149253731343283,24.875621890547265,48.42767295597484,55.970149253731336,65.67164179104478,12.264150943396226,7.746478873239436,30.312499999999996,30.625000000000004,65.67717996289424,65.6875,65.3125,34.32835820895522,,66.16915422885572,13.18407960199005,52.48756218905473,45.77114427860697
319987,Nasser Djiga,nasser-djiga,174.0,"6' 4""",76.0,23.0,2002-11-15T08:00Z,Burkina Faso,D,380,5,0,1,0,0,0,0,0,0,0,0,0,0,2,Wolverhampton Wanderers,,,,,0,30.312499999999996,35.090909090909086,34.18181818181818,,30.727272727272727,12.909090909090908,,,30.312499999999996,30.625000000000004,,31.6875,15.5,73.27272727272728,,15.272727272727273,84.36363636363636,54.36363636363637,77.63636363636364
320757,Zeki Amdouni,zeki-amdouni,172.0,"6' 1""",73.0,25.0,2000-12-04T08:00Z,Switzerland,F,379,34,21,39,2,0,0,1,4,21,48,5,0,10,41,Burnley,0.4375,0.10416666666666667,0.23809523809523808,,2,90.4375,72.88557213930348,57.46268656716418,72.64150943396226,89.55223880597015,79.35323383084577,49.37106918238994,30.28169014084507,90.4375,68.375,79.22077922077922,93.0,77.625,7.960199004975124,,99.25373134328358,32.58706467661692,52.48756218905473,13.18407960199005
320760,Valentín Barco,valentin-barco,146.0,"5' 7""",67.0,21.0,2004-07-23T07:00Z,Argentina,M,331,0,0,0,0,0,0,0,0,0,0,0,0,0,0,Brighton & Hove Albion,,,,,0,30.312499999999996,26.582278481012654,25.738396624472575,,12.025316455696203,11.814345991561181,,,30.312499999999996,30.625000000000004,,14.499999999999998,15.5,89.0295358649789,,17.29957805907173,83.33333333333334,54.641350210970465,80.80168776371309
320848,Toti Gomes,toti-gomes,159.0,"6' 2""",74.0,26.0,1999-01-16T08:00Z,Portugal,D,380,31,24,15,7,0,0,1,1,2,7,0,0,18,44,Wolverhampton Wanderers,0.2857142857142857,0.0,0.0,,7,30.312499999999996,35.090909090909086,76.36363636363637,55.38461538461539,77.0909090909091,84.0,28.974358974358978,23.548387096774192,30.312499999999996,68.375,45.82560296846011,70.6875,82.0625,12.0,,86.0,7.454545454545453,54.36363636363637,47.27272727272728
321359,Chiquinho,chiquinho,161.0,"5' 10""",70.0,26.0,2000-02-05T08:00Z,Portugal,F,380,1,1,0,0,0,0,0,0,0,0,0,0,0,0,Wolverhampton Wanderers,,,,,0,30.312499999999996,20.149253731343283,24.875621890547265,,12.437810945273633,25.870646766169152,,,30.312499999999996,30.625000000000004,,14.499999999999998,33.0625,89.30348258706468,,29.35323383084577,79.35323383084577,52.48756218905473,76.86567164179104
322771,Omari Hutchinson,omari-hutchinson,141.0,"5' 9""",69.0,22.0,2003-10-30T08:00Z,England,F,373,31,27,46,5,0,0,2,9,16,45,3,0,1,61,Ipswich Town,0.35555555555555557,0.06666666666666667,0.1875,,5,83.8125,62.68656716417911,69.15422885572139,45.911949685534594,93.53233830845771,90.29850746268657,33.9622641509434,21.47887323943662,83.8125,79.75,63.07977736549165,95.125,85.75,0.9950248756218798,,66.16915422885572,7.462686567164184,52.48756218905473,1.492537313432834
323110,Milos Kerkez,milos-kerkez,157.0,"5' 11""",71.0,22.0,2003-11-07T08:00Z,Hungary,D,349,38,30,50,4,0,0,5,6,4,18,2,0,12,45,AFC Bournemouth,0.2222222222222222,0.1111111111111111,0.5,,4,77.8125,90.18181818181819,98.0,41.53846153846154,99.63636363636364,92.36363636363636,76.15384615384615,79.6774193548387,77.8125,93.625,32.00371057513915,96.75,88.5,10.181818181818187,,76.0,27.454545454545453,54.36363636363637,6.545454545454547
323847,Ameen Al Dakhil,ameen-al-dakhil,179.0,"6' 2""",74.0,23.0,2002-03-06T08:00Z,Belgium,D,379,13,6,4,1,0,1,0,2,4,7,1,0,6,25,Burnley,0.5714285714285714,0.14285714285714285,0.25,,1,67.375,78.0,34.18181818181818,93.84615384615384,47.090909090909086,45.09090909090909,83.07692307692308,58.06451612903226,67.375,30.625000000000004,93.5064935064935,45.8125,48.1875,34.90909090909091,,55.27272727272727,59.81818181818182,54.36363636363637,32.90909090909091
323986,Nico González,nico-gonzalez,192.0,"6' 2""",74.0,23.0,2002-01-03T08:00Z,Spain,M,382,11,13,5,3,0,0,0,1,3,10,1,0,0,6,Manchester City,0.3,0.1,0.3333333333333333,,3,67.375,60.970464135021096,25.738396624472575,51.66666666666667,39.45147679324894,51.47679324894515,72.5,65.625,67.375,30.625000000000004,49.814471243042675,49.25,64.0,63.291139240506325,,17.29957805907173,41.983122362869196,54.641350210970465,53.37552742616033
324393,Antonin Kinsky,antonin-kinsky,183.0,"6' 3""",75.0,22.0,2003-03-13T08:00Z,Czechia,G,367,6,0,0,0,0,0,0,1,0,0,0,85,25,9,Tottenham Hotspur,,,,0.7352941176470589,0,30.312499999999996,50.57471264367817,47.701149425287355,,29.310344827586203,44.252873563218394,,,30.312499999999996,30.625000000000004,,14.499999999999998,15.5,41.379310344827594,78.0,63.2183908045977,63.793103448275865,50.0,28.160919540229884
325042,Mathys Tel,mathys-tel,170.0,"6' 0""",72.0,20.0,2005-04-27T07:00Z,France,F,367,13,14,16,2,0,0,1,1,9,22,2,0,1,19,Tottenham Hotspur,0.4090909090909091,0.09090909090909091,0.2222222222222222,,2,77.8125,56.46766169154229,57.46268656716418,66.0377358490566,62.68656716417911,65.67164179104478,44.9685534591195,28.87323943661972,77.8125,68.375,75.51020408163265,72.3125,65.3125,41.29353233830846,,66.16915422885572,32.58706467661692,52.48756218905473,45.77114427860697
325550,Dermot Mee,dermot-mee,0.0,"6' 0""",72.0,23.0,2002-11-20T08:00Z,Northern Ireland,G,360,0,0,0,0,0,0,0,0,0,0,0,0,0,0,Manchester United,,,,,0,30.312499999999996,50.57471264367817,47.701149425287355,,29.310344827586203,44.252873563218394,,,30.312499999999996,30.625000000000004,,14.499999999999998,15.5,77.01149425287356,,21.839080459770116,63.793103448275865,50.0,67.24137931034483
325555,Alejandro Garnacho,alejandro-garnacho,161.0,"5' 11""",71.0,21.0,2004-07-01T07:00Z,Argentina,F,360,36,11,44,3,0,0,2,1,28,84,6,0,0,34,Manchester United,0.3333333333333333,0.07142857142857142,0.21428571428571427,,3,92.375,77.11442786069652,69.15422885572139,40.88050314465409,91.7910447761194,57.711442786069654,36.477987421383645,28.169014084507044,92.375,79.75,57.977736549165115,94.4375,60.18750000000001,18.656716417910445,,29.35323383084577,20.149253731343293,52.48756218905473,45.77114427860697
325564,Rico Lewis,rico-lewis,139.0,"5' 7""",67.0,21.0,2004-11-21T08:00Z,England,D,382,28,12,34,4,1,0,2,0,2,9,1,0,8,25,Manchester City,0.2222222222222222,0.1111111111111111,0.5,,6,67.375,78.0,88.72727272727273,41.53846153846154,95.45454545454545,62.54545454545455,76.15384615384615,79.6774193548387,67.375,79.75,32.00371057513915,90.875,62.31250000000001,34.90909090909091,,63.45454545454545,27.454545454545453,4.7272727272727195,77.63636363636364
326230,James McConnell,james-mcconnell,141.0,"5' 9""",69.0,21.0,2004-09-13T07:00Z,England,M,364,0,0,0,0,0,0,0,0,0,0,0,0,0,0,Liverpool,,,,,0,30.312499999999996,26.582278481012654,25.738396624472575,,12.025316455696203,11.814345991561181,,,30.312499999999996,30.625000000000004,,14.499999999999998,15.5,89.0295358649789,,17.29957805907173,83.33333333333334,54.641350210970465,80.80168776371309
328008,Ruairi Mcconville,ruairi-mcconville,174.0,"6' 4""",76.0,20.0,2005-05-01T07:00Z,Northern Ireland,D,331,0,0,0,0,0,0,0,0,0,0,0,0,0,0,Brighton & Hove Albion,,,,,0,30.312499999999996,35.090909090909086,34.18181818181818,,14.000000000000002,12.909090909090908,,,30.312499999999996,30.625000000000004,,14.499999999999998,15.5,89.27272727272728,,15.272727272727273,84.36363636363636,54.36363636363637,77.63636363636364
328011,Jack Hinshelwood,jack-hinshelwood,168.0,"5' 11""",71.0,20.0,2005-04-11T07:00Z,England,M,331,26,17,9,5,0,0,2,1,10,20,5,0,3,29,Brighton & Hove Albion,0.5,0.25,0.5,,5,90.4375,91.56118143459916,71.94092827004219,91.11111111111111,48.52320675105485,60.970464135021096,97.22222222222221,85.9375,90.4375,79.75,88.49721706864564,59.0,71.375,29.74683544303798,,58.22784810126582,25.105485232067508,54.641350210970465,53.37552742616033
328013,Jeremy Sarmiento,jeremy-sarmiento,159.0,"5' 10""",70.0,23.0,2002-06-16T07:00Z,Ecuador,M,331,1,0,0,0,0,0,0,0,0,0,0,0,0,0,Brighton & Hove Albion,,,,,0,30.312499999999996,26.582278481012654,25.738396624472575,,12.025316455696203,11.814345991561181,,,30.312499999999996,30.625000000000004,,14.499999999999998,15.5,89.0295358649789,,17.29957805907173,83.33333333333334,54.641350210970465,80.80168776371309
328016,Roman Quintyne,roman-quintyne,141.0,"5' 9""",69.0,20.0,2004-12-26T08:00Z,England,D,368,1,0,0,0,0,0,0,0,0,0,0,0,0,4,Everton,,,,,0,30.312499999999996,35.090909090909086,34.18181818181818,,14.000000000000002,12.909090909090908,,,30.312499999999996,30.625000000000004,,14.499999999999998,15.5,68.54545454545455,,15.272727272727273,84.36363636363636,54.36363636363637,77.63636363636364
328018,Jenson Metcalfe,jenson-metcalfe,0.0,,0.0,21.0,2004-09-06T07:00Z,England,M,368,0,0,0,0,0,0,0,0,0,0,0,0,0,0,Everton,,,,,0,30.312499999999996,26.582278481012654,25.738396624472575,,12.025316455696203,11.814345991561181,,,30.312499999999996,30.625000000000004,,14.499999999999998,15.5,89.0295358649789,,17.29957805907173,83.33333333333334,54.641350210970465,80.80168776371309
328023,Thomas Cannon,thomas-cannon,139.0,"5' 11""",71.0,23.0,2002-12-28T08:00Z,England,F,375,0,0,0,0,0,0,0,0,0,0,0,0,0,0,Leicester City,,,,,0,30.312499999999996,20.149253731343283,24.875621890547265,,12.437810945273633,11.691542288557214,,,30.312499999999996,30.625000000000004,,14.499999999999998,15.5,89.30348258706468,,29.35323383084577,79.35323383084577,52.48756218905473,76.86567164179104
328050,Archie Gray,archie-gray,152.0,"6' 2""",74.0,19.0,2006-03-12T08:00Z,England,M,367,28,17,11,1,0,1,0,4,2,2,0,0,10,38,Tottenham Hotspur,1.0,0.0,0.0,,1,30.312499999999996,26.582278481012654,25.738396624472575,97.77777777777777,54.008438818565395,60.970464135021096,19.166666666666668,15.312500000000002,30.312499999999996,30.625000000000004,97.77365491651206,63.81250000000001,71.375,15.611814345991561,,89.24050632911393,61.392405063291136,54.641350210970465,22.573839662447256
328232,Kaelan Casey,kaelan-casey,152.0,"6' 1""",73.0,21.0,2004-10-28T07:00Z,England,D,371,1,0,0,0,0,0,0,0,0,0,0,0,0,0,West Ham United,,,,,0,30.312499999999996,35.090909090909086,34.18181818181818,,14.000000000000002,12.909090909090908,,,30.312499999999996,30.625000000000004,,14.499999999999998,15.5,89.27272727272728,,15.272727272727273,84.36363636363636,54.36363636363637,77.63636363636364
328464,Nico O'Reilly,nico-oreilly,170.0,"5' 10""",70.0,20.0,2005-03-21T08:00Z,England,M,382,9,6,4,0,0,0,0,1,3,8,2,0,1,3,Manchester City,0.375,0.25,0.6666666666666666,,0,77.8125,73.83966244725738,25.738396624472575,75.83333333333333,37.130801687763714,37.34177215189873,97.22222222222221,95.0,77.8125,30.625000000000004,66.79035250463822,45.8125,48.1875,70.042194092827,,40.29535864978903,83.33333333333334,54.641350210970465,53.37552742616033
328466,Kobbie Mainoo,kobbie-mainoo,159.0,"5' 9""",69.0,20.0,2005-04-19T07:00Z,England,M,360,25,25,22,5,0,0,1,6,2,13,0,0,2,25,Manchester United,0.15384615384615385,0.0,0.0,,5,30.312499999999996,26.582278481012654,58.64978902953587,20.0,71.51898734177216,72.57383966244726,19.166666666666668,15.312500000000002,30.312499999999996,68.375,21.150278293135436,80.3125,83.5,38.39662447257383,,50.63291139240506,25.105485232067508,54.641350210970465,10.548523206751057
330579,Ali Ibrahim Al-Hamadi,ali-ibrahim-al-hamadi,181.0,"6' 0""",72.0,23.0,2002-03-01T08:00Z,Iraq,F,373,11,8,3,3,0,0,0,0,0,4,0,0,0,6,Ipswich Town,0.0,0.0,,,3,30.312499999999996,20.149253731343283,24.875621890547265,5.660377358490567,34.32835820895522,49.004975124378106,12.264150943396226,,30.312499999999996,30.625000000000004,7.421150278293136,42.1875,53.625,60.9452736318408,,29.35323383084577,20.149253731343293,52.48756218905473,76.86567164179104
332046,Aaron Ramsey,aaron-ramsey,0.0,"5' 11""",71.0,23.0,2003-01-21T08:00Z,England,M,379,14,7,3,1,0,0,0,1,2,6,0,0,2,16,Burnley,0.3333333333333333,0.0,0.0,,1,30.312499999999996,26.582278481012654,25.738396624472575,65.83333333333333,34.177215189873415,40.50632911392405,19.166666666666668,15.312500000000002,30.312499999999996,30.625000000000004,57.977736549165115,42.1875,51.1875,50.0,,50.63291139240506,61.392405063291136,54.641350210970465,53.37552742616033
333417,Sammy Braybrooke,sammy-braybrooke,0.0,,0.0,21.0,2004-03-12T08:00Z,England,M,375,0,0,0,0,0,0,0,0,0,0,0,0,0,0,Leicester City,,,,,0,30.312499999999996,26.582278481012654,25.738396624472575,,12.025316455696203,11.814345991561181,,,30.312499999999996,30.625000000000004,,14.499999999999998,15.5,89.0295358649789,,17.29957805907173,83.33333333333334,54.641350210970465,80.80168776371309
333419,Adam Wharton,adam-wharton,170.0,"6' 0""",72.0,21.0,2004-02-06T08:00Z,England,M,384,20,11,21,2,0,0,2,7,5,13,0,0,2,21,Crystal Palace,0.38461538461538464,0.0,0.0,,2,30.312499999999996,26.582278481012654,71.94092827004219,77.5,70.25316455696202,48.10126582278481,19.166666666666668,15.312500000000002,30.312499999999996,79.75,68.92393320964749,79.4375,60.18750000000001,43.459915611814345,,50.63291139240506,51.265822784810126,54.641350210970465,6.540084388185647
336394,Cesare Casadei,cesare-casadei,170.0,"6' 4""",76.0,23.0,2003-01-10T08:00Z,Italy,M,363,0,0,0,0,0,0,0,0,0,0,0,0,0,0,Chelsea,,,,,0,30.312499999999996,26.582278481012654,25.738396624472575,,12.025316455696203,11.814345991561181,,,30.312499999999996,30.625000000000004,,14.499999999999998,15.5,89.0295358649789,,17.29957805907173,83.33333333333334,54.641350210970465,80.80168776371309
336595,Bilal El Khannouss,bilal-el-khannouss,152.0,"5' 11""",71.0,21.0,2004-05-10T07:00Z,Morocco,M,375,32,30,13,4,0,0,3,5,6,28,2,0,4,52,Leicester City,0.21428571428571427,0.07142857142857142,0.3333333333333333,,4,77.8125,73.83966244725738,81.85654008438819,31.11111111111111,57.17299578059072,77.42616033755274,56.666666666666664,65.625,77.8125,86.625,30.79777365491651,67.6875,88.5,4.641350210970458,,64.34599156118144,32.27848101265823,54.641350210970465,15.822784810126578
337011,Renato Veiga,renato-veiga,192.0,"6' 3""",75.0,22.0,2003-07-29T07:00Z,Portugal,M,363,7,6,1,2,0,0,0,0,1,3,0,0,1,2,Chelsea,0.3333333333333333,0.0,0.0,,2,30.312499999999996,26.582278481012654,25.738396624472575,65.83333333333333,25.949367088607595,37.34177215189873,19.166666666666668,15.312500000000002,30.312499999999996,30.625000000000004,57.977736549165115,31.6875,48.1875,73.41772151898735,,40.29535864978903,51.265822784810126,54.641350210970465,80.80168776371309
337023,Matai Akinmboni,matai-akinmboni,170.0,"6' 3""",75.0,19.0,2006-10-17T07:00Z,USA,D,349,0,0,0,0,0,0,0,0,0,0,0,0,0,0,AFC Bournemouth,,,,,0,30.312499999999996,35.090909090909086,34.18181818181818,,14.000000000000002,12.909090909090908,,,30.312499999999996,30.625000000000004,,14.499999999999998,15.5,89.27272727272728,,15.272727272727273,84.36363636363636,54.36363636363637,77.63636363636364
337083,Oliver Arblaster,oliver-arblaster,141.0,"5' 9""",69.0,22.0,2004-01-08T08:00Z,England,M,398,12,10,11,2,0,1,0,3,2,2,0,0,8,26,Sheffield United,1.0,0.0,0.0,,2,30.312499999999996,26.582278481012654,25.738396624472575,97.77777777777777,54.008438818565395,46.41350210970464,19.166666666666668,15.312500000000002,30.312499999999996,30.625000000000004,97.77365491651206,63.81250000000001,58.25,36.49789029535865,,82.0675105485232,51.265822784810126,54.641350210970465,29.324894514767934
338814,Carlos Baleba,carlos-baleba,161.0,"5' 10""",70.0,21.0,2004-01-03T08:00Z,Cameroon,M,331,34,40,48,7,1,0,1,2,10,44,3,0,12,39,Brighton & Hove Albion,0.22727272727272727,0.06818181818181818,0.3,,9,83.8125,81.85654008438819,58.64978902953587,35.27777777777778,92.40506329113924,86.91983122362869,53.333333333333336,60.9375,83.8125,68.375,33.209647495361786,96.125,94.75,14.135021097046419,,94.51476793248945,15.189873417721529,4.852320675105489,38.81856540084389
338894,Murillo,murillo,163.0,"5' 11""",71.0,23.0,2002-07-04T07:00Z,Brazil,D,393,36,27,6,6,0,0,0,11,5,25,2,0,46,44,Nottingham Forest,0.2,0.08,0.4,,6,77.8125,90.18181818181819,34.18181818181818,37.69230769230769,56.36363636363636,88.36363636363636,70.25641025641025,71.61290322580646,77.8125,30.625000000000004,28.107606679035253,52.25,85.75,12.0,,99.27272727272727,11.272727272727266,54.36363636363637,0.0
339797,Julio Soler,julio-soler,148.0,"5' 9""",69.0,20.0,2005-02-16T08:00Z,Argentina,D,349,3,0,1,0,0,0,0,0,0,0,0,0,0,1,AFC Bournemouth,,,,,0,30.312499999999996,35.090909090909086,34.18181818181818,,30.727272727272727,12.909090909090908,,,30.312499999999996,30.625000000000004,,31.6875,15.5,76.72727272727272,,15.272727272727273,84.36363636363636,54.36363636363637,77.63636363636364
340206,Leny Yoro,leny-yoro,183.0,"6' 3""",75.0,20.0,2005-11-13T08:00Z,France,D,360,21,9,2,5,0,0,0,1,1,5,0,0,3,23,Manchester United,0.2,0.0,0.0,,5,30.312499999999996,35.090909090909086,34.18181818181818,37.69230769230769,37.45454545454546,54.90909090909091,28.974358974358978,23.548387096774192,30.312499999999996,30.625000000000004,28.107606679035253,37.4375,56.25,37.81818181818182,,42.18181818181818,17.818181818181827,54.36363636363637,47.27272727272728
340640,Tyler Dibling,tyler-dibling,159.0,"5' 10""",70.0,19.0,2006-02-17T08:00Z,England,M,376,33,30,50,6,0,0,0,3,9,26,2,0,6,50,Southampton,0.34615384615384615,0.07692307692307693,0.2222222222222222,,6,77.8125,73.83966244725738,25.738396624472575,71.38888888888889,94.09282700421942,77.42616033755274,60.83333333333333,45.0,77.8125,30.625000000000004,61.87384044526901,96.75,88.5,5.274261603375535,,73.20675105485233,20.042194092827003,54.641350210970465,29.324894514767934
341333,Luca Koleosho,luca-koleosho,150.0,"5' 9""",69.0,21.0,2004-09-15T07:00Z,Italy,F,379,15,18,14,0,0,0,1,1,5,23,1,0,0,23,Burnley,0.21739130434782608,0.043478260869565216,0.2,,0,67.375,46.766169154228855,57.46268656716418,18.867924528301888,60.447761194029844,73.88059701492537,27.67295597484277,25.0,67.375,68.375,30.983302411873844,69.4375,72.9375,34.32835820895522,,29.35323383084577,79.35323383084577,52.48756218905473,45.77114427860697
342029,Yehor Yarmoliuk,yehor-yarmoliuk,159.0,"5' 11""",71.0,21.0,2004-03-01T08:00Z,Ukraine,M,337,31,18,13,6,0,0,0,1,2,9,0,0,8,26,Brentford,0.2222222222222222,0.0,0.0,,6,30.312499999999996,26.582278481012654,25.738396624472575,32.77777777777778,57.17299578059072,63.29113924050633,19.166666666666668,15.312500000000002,30.312499999999996,30.625000000000004,32.00371057513915,67.6875,72.9375,36.49789029535865,,82.0675105485232,20.042194092827003,54.641350210970465,53.37552742616033
343573,Tommy Setford,tommy-setford,168.0,"6' 1""",73.0,19.0,2006-03-13T08:00Z,England,G,359,0,0,0,0,0,0,0,0,0,0,0,0,0,0,Arsenal,,,,,0,30.312499999999996,50.57471264367817,47.701149425287355,,29.310344827586203,44.252873563218394,,,30.312499999999996,30.625000000000004,,14.499999999999998,15.5,77.01149425287356,,21.839080459770116,63.793103448275865,50.0,67.24137931034483
344692,Jota Silva,jota-silva,170.0,"5' 10""",70.0,26.0,1999-08-01T07:00Z,Portugal,F,393,31,23,23,5,0,0,1,2,7,22,3,0,1,17,Nottingham Forest,0.3181818181818182,0.13636363636363635,0.42857142857142855,,5,83.8125,62.68656716417911,57.46268656716418,39.62264150943396,74.87562189054727,82.58706467661692,62.264150943396224,74.29577464788733,83.8125,68.375,54.26716141001855,81.375,80.4375,45.27363184079603,,66.16915422885572,7.462686567164184,52.48756218905473,28.606965174129357
345197,Ryan One,ryan-one,0.0,,0.0,19.0,2006-06-26T07:00Z,Scotland,F,398,1,0,0,0,0,0,0,0,0,0,0,0,0,2,Sheffield United,,,,,0,30.312499999999996,20.149253731343283,24.875621890547265,,12.437810945273633,11.691542288557214,,,30.312499999999996,30.625000000000004,,14.499999999999998,15.5,73.6318407960199,,29.35323383084577,79.35323383084577,52.48756218905473,76.86567164179104
345213,Kaden Rodney,kaden-rodney,148.0,"6' 2""",74.0,21.0,2004-10-07T07:00Z,England,M,384,0,0,0,0,0,0,0,0,0,0,0,0,0,0,Crystal Palace,,,,,0,30.312499999999996,26.582278481012654,25.738396624472575,,12.025316455696203,11.814345991561181,,,30.312499999999996,30.625000000000004,,14.499999999999998,15.5,89.0295358649789,,17.29957805907173,83.33333333333334,54.641350210970465,80.80168776371309
345222,Thomas Wilson-Brown,thomas-wilson-brown,0.0,"6' 4""",76.0,21.0,2004-10-05T07:00Z,England,D,375,0,0,0,0,0,0,0,0,0,0,0,0,0,0,Leicester City,,,,,0,30.312499999999996,35.090909090909086,34.18181818181818,,14.000000000000002,12.909090909090908,,,30.312499999999996,30.625000000000004,,14.499999999999998,15.5,89.27272727272728,,15.272727272727273,84.36363636363636,54.36363636363637,77.63636363636364
345687,Wilson Odobert,wilson-odobert,168.0,"6' 0""",72.0,21.0,2004-11-28T08:00Z,France,F,367,16,1,3,0,0,0,0,4,4,13,1,0,0,19,Tottenham Hotspur,0.3076923076923077,0.07692307692307693,0.25,,0,67.375,46.766169154228855,24.875621890547265,37.42138364779874,34.32835820895522,25.870646766169152,38.9937106918239,33.098591549295776,67.375,30.625000000000004,51.57699443413729,42.1875,33.0625,41.29353233830846,,29.35323383084577,79.35323383084577,52.48756218905473,13.18407960199005
345687,Wilson Odobert,wilson-odobert,168.0,"6' 0""",72.0,21.0,2004-11-28T08:00Z,France,F,379,29,9,19,3,0,0,3,2,15,49,3,0,2,46,Burnley,0.30612244897959184,0.061224489795918366,0.2,,3,83.8125,62.68656716417911,77.11442786069652,36.477987421383645,68.40796019900498,52.736318407960205,30.81761006289308,25.0,83.8125,86.625,51.20593692022264,76.625,56.25,5.223880597014926,,78.85572139303483,20.149253731343293,52.48756218905473,28.606965174129357
346553,Jordan Amissah,jordan-amissah,0.0,"6' 6""",78.0,24.0,2001-08-02T07:00Z,Ghana,G,398,0,0,0,0,0,0,0,0,0,0,0,0,0,0,Sheffield United,,,,,0,30.312499999999996,50.57471264367817,47.701149425287355,,29.310344827586203,44.252873563218394,,,30.312499999999996,30.625000000000004,,14.499999999999998,15.5,77.01149425287356,,21.839080459770116,63.793103448275865,50.0,67.24137931034483
346710,Killian Cahill,killian-cahill,148.0,"6' 0""",72.0,22.0,2003-11-03T08:00Z,,G,331,0,0,0,0,0,0,0,0,0,0,0,0,0,0,Brighton & Hove Albion,,,,,0,30.312499999999996,50.57471264367817,47.701149425287355,,29.310344827586203,44.252873563218394,,,30.312499999999996,30.625000000000004,,14.499999999999998,15.5,77.01149425287356,,21.839080459770116,63.793103448275865,50.0,67.24137931034483
346816,Dante Cassanova,dante-cassanova,146.0,"5' 10""",70.0,21.0,2004-06-21T07:00Z,Jamaica,D,367,0,0,0,0,0,0,0,0,0,0,0,0,0,0,Tottenham Hotspur,,,,,0,30.312499999999996,35.090909090909086,34.18181818181818,,14.000000000000002,12.909090909090908,,,30.312499999999996,30.625000000000004,,14.499999999999998,15.5,89.27272727272728,,15.272727272727273,84.36363636363636,54.36363636363637,77.63636363636364
346819,Youssef Chermiti,youssef-chermiti,183.0,"6' 4""",76.0,21.0,2004-05-24T07:00Z,Portugal,F,368,4,1,1,1,0,0,0,0,0,2,0,0,0,0,Everton,0.0,0.0,,,1,30.312499999999996,20.149253731343283,24.875621890547265,5.660377358490567,27.114427860696516,25.870646766169152,12.264150943396226,,30.312499999999996,30.625000000000004,7.421150278293136,31.6875,33.0625,89.30348258706468,,29.35323383084577,50.0,52.48756218905473,76.86567164179104
346820,Mateus Fernandes,mateus-fernandes,159.0,"5' 10""",70.0,21.0,2004-07-10T07:00Z,Portugal,M,376,36,45,55,8,0,0,4,2,14,41,2,0,7,67,Southampton,0.34146341463414637,0.04878048780487805,0.14285714285714285,,8,77.8125,73.83966244725738,88.18565400843882,69.72222222222221,95.78059071729957,91.56118143459916,41.94444444444444,33.125,77.8125,91.125,61.13172541743971,98.25,96.625,1.4767932489451567,,78.05907172995781,10.759493670886073,54.641350210970465,38.81856540084389
346874,Alex Murphy,alex-murphy,172.0,"6' 2""",74.0,21.0,2004-06-25T07:00Z,Republic of Ireland,D,361,0,0,0,0,0,0,0,0,0,0,0,0,0,0,Newcastle United,,,,,0,30.312499999999996,35.090909090909086,34.18181818181818,,14.000000000000002,12.909090909090908,,,30.312499999999996,30.625000000000004,,14.499999999999998,15.5,89.27272727272728,,15.272727272727273,84.36363636363636,54.36363636363637,77.63636363636364
346910,Divin Mubama,divin-mubama,152.0,"6' 0""",72.0,21.0,2004-10-25T07:00Z,England,F,382,1,0,0,0,0,0,0,0,0,1,0,0,0,0,Manchester City,0.0,0.0,,,0,30.312499999999996,20.149253731343283,24.875621890547265,5.660377358490567,12.437810945273633,11.691542288557214,12.264150943396226,,30.312499999999996,30.625000000000004,7.421150278293136,14.499999999999998,15.5,89.30348258706468,,29.35323383084577,79.35323383084577,52.48756218905473,76.86567164179104
347046,Max Alleyne,max-alleyne,157.0,"6' 1""",73.0,20.0,2005-07-21T07:00Z,England,D,382,0,0,0,0,0,0,0,0,0,0,0,0,0,0,Manchester City,,,,,0,30.312499999999996,35.090909090909086,34.18181818181818,,14.000000000000002,12.909090909090908,,,30.312499999999996,30.625000000000004,,14.499999999999998,15.5,89.27272727272728,,15.272727272727273,84.36363636363636,54.36363636363637,77.63636363636364
347052,Tyler Fredricson,tyler-fredricson,152.0,"6' 0""",72.0,20.0,2005-02-23T08:00Z,England,D,360,2,0,2,0,0,0,0,0,0,0,0,0,0,4,Manchester United,,,,,0,30.312499999999996,35.090909090909086,34.18181818181818,,37.45454545454546,12.909090909090908,,,30.312499999999996,30.625000000000004,,37.4375,15.5,68.54545454545455,,15.272727272727273,84.36363636363636,54.36363636363637,77.63636363636364
347053,Elyh Harrison,elyh-harrison,0.0,"6' 0""",72.0,19.0,2006-02-19T08:00Z,England,G,360,0,0,0,0,0,0,0,0,0,0,0,0,0,0,Manchester United,,,,,0,30.312499999999996,50.57471264367817,47.701149425287355,,29.310344827586203,44.252873563218394,,,30.312499999999996,30.625000000000004,,14.499999999999998,15.5,77.01149425287356,,21.839080459770116,63.793103448275865,50.0,67.24137931034483
347265,Jacob Slater,jacob-slater,161.0,"6' 0""",72.0,21.0,2004-10-05T07:00Z,England,D,331,0,0,0,0,0,0,0,0,0,0,0,0,0,0,Brighton & Hove Albion,,,,,0,30.312499999999996,35.090909090909086,34.18181818181818,,14.000000000000002,12.909090909090908,,,30.312499999999996,30.625000000000004,,14.499999999999998,15.5,89.27272727272728,,15.272727272727273,84.36363636363636,54.36363636363637,77.63636363636364
347289,Zack Nelson,zack-nelson,161.0,"6' 0""",72.0,20.0,2005-04-21T07:00Z,England,M,301,2,0,0,0,0,0,0,0,0,0,0,0,0,1,Luton Town,,,,,0,30.312499999999996,26.582278481012654,25.738396624472575,,12.025316455696203,11.814345991561181,,,30.312499999999996,30.625000000000004,,14.499999999999998,15.5,76.37130801687763,,17.29957805907173,83.33333333333334,54.641350210970465,80.80168776371309
348264,Alfie Dorrington,alfie-dorrington,163.0,"5' 11""",71.0,20.0,2005-04-20T07:00Z,England,D,367,1,0,0,0,0,0,0,0,0,0,0,0,0,0,Tottenham Hotspur,,,,,0,30.312499999999996,35.090909090909086,34.18181818181818,,14.000000000000002,12.909090909090908,,,30.312499999999996,30.625000000000004,,14.499999999999998,15.5,89.27272727272728,,15.272727272727273,84.36363636363636,54.36363636363637,77.63636363636364
348294,Dominic Sadi,dominic-sadi,141.0,"5' 9""",69.0,21.0,2003-09-02T07:00Z,England,F,349,0,0,0,0,0,0,0,0,0,0,0,0,0,0,AFC Bournemouth,,,,,0,30.312499999999996,20.149253731343283,24.875621890547265,,12.437810945273633,11.691542288557214,,,30.312499999999996,30.625000000000004,,14.499999999999998,15.5,89.30348258706468,,29.35323383084577,79.35323383084577,52.48756218905473,76.86567164179104
348301,Martial Godo,martial-godo,132.0,"5' 7""",67.0,22.0,2003-03-14T08:00Z,England,F,370,2,1,0,0,0,0,0,0,0,0,0,0,0,0,Fulham,,,,,0,30.312499999999996,20.149253731343283,24.875621890547265,,12.437810945273633,25.870646766169152,,,30.312499999999996,30.625000000000004,,14.499999999999998,33.0625,89.30348258706468,,29.35323383084577,79.35323383084577,52.48756218905473,76.86567164179104
348303,Zach Abbott,zach-abbott,152.0,"5' 11""",71.0,19.0,2006-05-13T07:00Z,England,D,393,0,0,0,0,0,0,0,0,0,0,0,0,0,0,Nottingham Forest,,,,,0,30.312499999999996,35.090909090909086,34.18181818181818,,14.000000000000002,12.909090909090908,,,30.312499999999996,30.625000000000004,,14.499999999999998,15.5,89.27272727272728,,15.272727272727273,84.36363636363636,54.36363636363637,77.63636363636364
348305,Ryan Trevitt,ryan-trevitt,141.0,"5' 7""",67.0,22.0,2003-03-12T08:00Z,England,M,337,1,0,0,0,0,0,0,1,0,0,0,0,0,0,Brentford,,,,,0,30.312499999999996,26.582278481012654,25.738396624472575,,12.025316455696203,11.814345991561181,,,30.312499999999996,30.625000000000004,,14.499999999999998,15.5,89.0295358649789,,17.29957805907173,83.33333333333334,54.641350210970465,53.37552742616033
348779,Coby Ebere,coby-ebere,0.0,"6' 2""",74.0,20.0,2005-09-17T07:00Z,Germany,F,368,0,0,0,0,0,0,0,0,0,0,0,0,0,0,Everton,,,,,0,30.312499999999996,20.149253731343283,24.875621890547265,,12.437810945273633,11.691542288557214,,,30.312499999999996,30.625000000000004,,14.499999999999998,15.5,89.30348258706468,,29.35323383084577,79.35323383084577,52.48756218905473,76.86567164179104
348787,Yankuba Minteh,yankuba-minteh,141.0,"5' 11""",71.0,21.0,2004-07-22T07:00Z,Gambia,F,331,32,22,11,6,0,0,4,4,15,33,6,0,0,32,Brighton & Hove Albion,0.45454545454545453,0.18181818181818182,0.4,,6,92.375,77.11442786069652,84.32835820895522,80.50314465408806,53.482587064676615,80.84577114427861,81.76100628930818,67.6056338028169,92.375,91.125,82.83858998144711,63.81250000000001,78.8125,19.90049751243781,,29.35323383084577,4.228855721393032,52.48756218905473,13.18407960199005
348787,Yankuba Minteh,yankuba-minteh,141.0,"5' 11""",71.0,21.0,2004-07-22T07:00Z,Gambia,F,361,2,3,0,0,0,0,1,0,0,2,0,0,0,1,Newcastle United,0.0,0.0,,,0,30.312499999999996,20.149253731343283,57.46268656716418,5.660377358490567,12.437810945273633,34.07960199004975,12.264150943396226,,30.312499999999996,68.375,7.421150278293136,14.499999999999998,40.8125,77.363184079602,,29.35323383084577,79.35323383084577,52.48756218905473,76.86567164179104
349078,Lewis Miley,lewis-miley,159.0,"6' 1""",73.0,19.0,2006-05-01T07:00Z,England,M,361,14,3,1,0,0,0,0,1,2,2,1,0,1,4,Newcastle United,1.0,0.5,0.5,,0,67.375,60.970464135021096,25.738396624472575,97.77777777777777,25.949367088607595,32.06751054852321,99.44444444444444,85.9375,67.375,30.625000000000004,97.77365491651206,31.6875,40.8125,66.45569620253164,,40.29535864978903,83.33333333333334,54.641350210970465,53.37552742616033
349102,Ishé Samuels-Smith,ishe-samuels-smith,0.0,"6' 1""",73.0,19.0,2006-06-05T07:00Z,England,D,363,0,0,0,0,0,0,0,0,0,0,0,0,0,0,Chelsea,,,,,0,30.312499999999996,35.090909090909086,34.18181818181818,,14.000000000000002,12.909090909090908,,,30.312499999999996,30.625000000000004,,14.499999999999998,15.5,89.27272727272728,,15.272727272727273,84.36363636363636,54.36363636363637,77.63636363636364
349181,Will Lankshear,will-lankshear,174.0,"6' 2""",74.0,20.0,2005-04-20T07:00Z,England,F,367,3,2,0,0,0,0,0,0,0,0,0,0,0,0,Tottenham Hotspur,,,,,0,30.312499999999996,20.149253731343283,24.875621890547265,,12.437810945273633,30.09950248756219,,,30.312499999999996,30.625000000000004,,14.499999999999998,37.25,89.30348258706468,,29.35323383084577,79.35323383084577,52.48756218905473,76.86567164179104
349733,Ethan Nwaneri,ethan-nwaneri,152.0,"5' 9""",69.0,18.0,2007-03-21T07:00Z,England,M,359,26,8,5,1,0,0,3,3,7,23,4,0,2,4,Arsenal,0.30434782608695654,0.17391304347826086,0.5714285714285714,,1,87.8125,87.55274261603375,81.85654008438819,53.333333333333336,39.45147679324894,43.037974683544306,90.0,92.1875,87.8125,86.625,50.83487940630798,49.25,53.625,66.45569620253164,,50.63291139240506,61.392405063291136,54.641350210970465,29.324894514767934
350353,Andre Brooks,andre-brooks,0.0,"5' 11""",71.0,22.0,2003-08-20T07:00Z,England,M,398,20,11,9,1,0,0,0,0,2,9,0,0,1,27,Sheffield United,0.2222222222222222,0.0,0.0,,1,30.312499999999996,26.582278481012654,25.738396624472575,32.77777777777778,48.52320675105485,48.10126582278481,19.166666666666668,15.312500000000002,30.312499999999996,30.625000000000004,32.00371057513915,59.0,60.18750000000001,33.96624472573839,,40.29535864978903,61.392405063291136,54.641350210970465,80.80168776371309
350501,Samuel Amo-Ameyaw,samuel-amo-ameyaw,139.0,"5' 9""",69.0,19.0,2006-07-18T07:00Z,England,F,376,2,1,2,1,0,0,0,0,0,1,0,0,0,0,Southampton,0.0,0.0,,,1,30.312499999999996,20.149253731343283,24.875621890547265,5.660377358490567,31.343283582089555,25.870646766169152,12.264150943396226,,30.312499999999996,30.625000000000004,7.421150278293136,37.4375,33.0625,89.30348258706468,,29.35323383084577,50.0,52.48756218905473,76.86567164179104
350502,Oliver Scarles,oliver-scarles,163.0,"6' 0""",72.0,20.0,2005-12-12T08:00Z,England,D,371,15,5,3,1,0,0,0,3,0,3,0,0,3,8,West Ham United,0.0,0.0,,,1,30.312499999999996,35.090909090909086,34.18181818181818,10.512820512820513,42.90909090909091,40.54545454545455,28.974358974358978,,30.312499999999996,30.625000000000004,7.421150278293136,42.1875,45.25,61.09090909090909,,42.18181818181818,59.81818181818182,54.36363636363637,22.909090909090907
350629,Henry Cartwright,henry-cartwright,148.0,"5' 9""",69.0,21.0,2004-12-11T08:00Z,England,M,375,0,0,0,0,0,0,0,0,0,0,0,0,0,0,Leicester City,,,,,0,30.312499999999996,26.582278481012654,25.738396624472575,,12.025316455696203,11.814345991561181,,,30.312499999999996,30.625000000000004,,14.499999999999998,15.5,89.0295358649789,,17.29957805907173,83.33333333333334,54.641350210970465,80.80168776371309
350674,Damola Ajayi,damola-ajayi,163.0,"5' 9""",69.0,19.0,2005-12-27T08:00Z,England,F,367,0,0,0,0,0,0,0,0,0,0,0,0,0,0,Tottenham Hotspur,,,,,0,30.312499999999996,20.149253731343283,24.875621890547265,,12.437810945273633,11.691542288557214,,,30.312499999999996,30.625000000000004,,14.499999999999998,15.5,89.30348258706468,,29.35323383084577,79.35323383084577,52.48756218905473,76.86567164179104
350685,Maldini Kacurri,maldini-kacurri,183.0,"6' 0""",72.0,20.0,2005-10-04T07:00Z,Albania,D,359,0,0,0,0,0,0,0,0,0,0,0,0,0,0,Arsenal,,,,,0,30.312499999999996,35.090909090909086,34.18181818181818,,14.000000000000002,12.909090909090908,,,30.312499999999996,30.625000000000004,,14.499999999999998,15.5,89.27272727272728,,15.272727272727273,84.36363636363636,54.36363636363637,77.63636363636364
351059,Josh Nichols,josh-nichols,121.0,"5' 5""",65.0,19.0,2006-07-26T07:00Z,England,D,359,0,0,0,0,0,0,0,0,0,0,0,0,0,0,Arsenal,,,,,0,30.312499999999996,35.090909090909086,34.18181818181818,,14.000000000000002,12.909090909090908,,,30.312499999999996,30.625000000000004,,14.499999999999998,15.5,89.27272727272728,,15.272727272727273,84.36363636363636,54.36363636363637,77.63636363636364
351061,Jimi Gower,jimi-gower,161.0,"5' 11""",71.0,21.0,2004-10-01T07:00Z,England,M,359,0,0,0,0,0,0,0,0,0,0,0,0,0,0,Arsenal,,,,,0,30.312499999999996,26.582278481012654,25.738396624472575,,12.025316455696203,11.814345991561181,,,30.312499999999996,30.625000000000004,,14.499999999999998,15.5,89.0295358649789,,17.29957805907173,83.33333333333334,54.641350210970465,80.80168776371309
351122,Isaac Heath,isaac-heath,119.0,"5' 8""",68.0,21.0,2004-10-28T07:00Z,England,F,368,0,0,0,0,0,0,0,0,0,0,0,0,0,0,Everton,,,,,0,30.312499999999996,20.149253731343283,24.875621890547265,,12.437810945273633,11.691542288557214,,,30.312499999999996,30.625000000000004,,14.499999999999998,15.5,89.30348258706468,,29.35323383084577,79.35323383084577,52.48756218905473,76.86567164179104
351338,Michael Golding,michael-golding,161.0,"5' 10""",70.0,19.0,2006-05-23T07:00Z,England,M,375,1,0,0,0,0,0,0,0,0,0,0,0,0,0,Leicester City,,,,,0,30.312499999999996,26.582278481012654,25.738396624472575,,12.025316455696203,11.814345991561181,,,30.312499999999996,30.625000000000004,,14.499999999999998,15.5,89.0295358649789,,17.29957805907173,83.33333333333334,54.641350210970465,80.80168776371309
351382,Lewis Orford,lewis-orford,161.0,"6' 2""",74.0,19.0,2006-02-18T08:00Z,England,M,371,2,0,0,0,0,0,0,0,0,1,0,0,0,1,West Ham United,0.0,0.0,,,0,30.312499999999996,26.582278481012654,25.738396624472575,5.833333333333333,12.025316455696203,11.814345991561181,19.166666666666668,,30.312499999999996,30.625000000000004,7.421150278293136,14.499999999999998,15.5,76.37130801687763,,17.29957805907173,83.33333333333334,54.641350210970465,80.80168776371309
352758,Myles Lewis-Skelly,myles-lewis-skelly,159.0,"5' 10""",70.0,19.0,2006-09-26T07:00Z,England,D,359,23,11,47,3,2,0,0,5,1,3,1,0,1,16,Arsenal,0.3333333333333333,0.3333333333333333,1.0,,7,67.375,78.0,34.18181818181818,65.64102564102564,99.0909090909091,60.18181818181818,95.64102564102565,93.54838709677419,67.375,30.625000000000004,57.977736549165115,95.75,60.18750000000001,48.54545454545455,,32.90909090909091,35.81818181818181,0.18181818181818699,10.0
352820,Jayden Meghoma,jayden-meghoma,174.0,"5' 9""",69.0,19.0,2006-06-28T07:00Z,England,D,337,1,0,0,0,0,0,0,0,0,0,0,0,0,0,Brentford,,,,,0,30.312499999999996,35.090909090909086,34.18181818181818,,14.000000000000002,12.909090909090908,,,30.312499999999996,30.625000000000004,,14.499999999999998,15.5,89.27272727272728,,15.272727272727273,84.36363636363636,54.36363636363637,77.63636363636364
353155,Jili Buyabu,jili-buyabu,0.0,"6' 0""",72.0,22.0,2003-08-09T07:00Z,England,D,398,0,0,0,0,0,0,0,0,0,0,0,0,0,0,Sheffield United,,,,,0,30.312499999999996,35.090909090909086,34.18181818181818,,14.000000000000002,12.909090909090908,,,30.312499999999996,30.625000000000004,,14.499999999999998,15.5,89.27272727272728,,15.272727272727273,84.36363636363636,54.36363636363637,77.63636363636364
353195,Kadan Young,kadan-young,148.0,"5' 9""",69.0,19.0,2006-01-19T08:00Z,England,F,362,0,0,0,0,0,0,0,0,0,0,0,0,0,0,Aston Villa,,,,,0,30.312499999999996,20.149253731343283,24.875621890547265,,12.437810945273633,11.691542288557214,,,30.312499999999996,30.625000000000004,,14.499999999999998,15.5,89.30348258706468,,29.35323383084577,79.35323383084577,52.48756218905473,76.86567164179104
354729,Sydie Peck,sydie-peck,141.0,"5' 8""",68.0,21.0,2004-09-13T07:00Z,England,M,398,1,0,0,0,0,0,0,0,0,0,0,0,0,0,Sheffield United,,,,,0,30.312499999999996,26.582278481012654,25.738396624472575,,12.025316455696203,11.814345991561181,,,30.312499999999996,30.625000000000004,,14.499999999999998,15.5,89.0295358649789,,17.29957805907173,83.33333333333334,54.641350210970465,80.80168776371309
354737,Jayden Danns,jayden-danns,148.0,"6' 0""",72.0,19.0,2006-01-16T08:00Z,England,F,364,1,0,0,0,0,0,0,0,0,0,0,0,0,1,Liverpool,,,,,0,30.312499999999996,20.149253731343283,24.875621890547265,,12.437810945273633,11.691542288557214,,,30.312499999999996,30.625000000000004,,14.499999999999998,15.5,77.363184079602,,29.35323383084577,79.35323383084577,52.48756218905473,76.86567164179104
355149,Callum Bates,callum-bates,172.0,"5' 11""",71.0,20.0,2005-09-28T07:00Z,England,M,368,0,0,0,0,0,0,0,0,0,0,0,0,0,0,Everton,,,,,0,30.312499999999996,26.582278481012654,25.738396624472575,,12.025316455696203,11.814345991561181,,,30.312499999999996,30.625000000000004,,14.499999999999998,15.5,89.0295358649789,,17.29957805907173,83.33333333333334,54.641350210970465,80.80168776371309
355359,Jay Robinson,jay-robinson,141.0,"5' 9""",69.0,18.0,2007-03-15T07:00Z,England,F,376,4,3,1,0,0,0,0,0,1,1,0,0,0,2,Southampton,1.0,0.0,0.0,,0,30.312499999999996,20.149253731343283,24.875621890547265,98.74213836477988,27.114427860696516,34.07960199004975,12.264150943396226,7.746478873239436,30.312499999999996,30.625000000000004,97.77365491651206,31.6875,40.8125,73.6318407960199,,29.35323383084577,79.35323383084577,52.48756218905473,76.86567164179104
355915,Tom Edozie,tom-edozie,150.0,"5' 10""",70.0,19.0,2006-05-18T07:00Z,England,F,380,0,0,0,0,0,0,0,0,0,0,0,0,0,0,Wolverhampton Wanderers,,,,,0,30.312499999999996,20.149253731343283,24.875621890547265,,12.437810945273633,11.691542288557214,,,30.312499999999996,30.625000000000004,,14.499999999999998,15.5,89.30348258706468,,29.35323383084577,79.35323383084577,52.48756218905473,76.86567164179104
356000,Dean Huijsen,dean-huijsen,192.0,"6' 5""",77.0,20.0,2005-04-14T07:00Z,Spain,D,349,32,31,10,10,0,0,3,6,3,18,3,0,30,31,AFC Bournemouth,0.16666666666666666,0.16666666666666666,1.0,,10,83.8125,96.18181818181817,94.18181818181817,31.794871794871792,66.54545454545455,93.0909090909091,85.12820512820512,93.54838709677419,83.8125,86.625,23.00556586270872,61.4375,89.25,28.0,,96.0,0.9090909090909065,54.36363636363637,6.545454545454547
356044,Ayden Heaven,ayden-heaven,170.0,"6' 2""",74.0,19.0,2006-09-22T07:00Z,England,D,359,0,0,0,0,0,0,0,0,0,0,0,0,0,0,Arsenal,,,,,0,30.312499999999996,35.090909090909086,34.18181818181818,,14.000000000000002,12.909090909090908,,,30.312499999999996,30.625000000000004,,14.499999999999998,15.5,89.27272727272728,,15.272727272727273,84.36363636363636,54.36363636363637,77.63636363636364
356044,Ayden Heaven,ayden-heaven,170.0,"6' 2""",74.0,19.0,2006-09-22T07:00Z,England,D,360,4,3,4,1,0,0,0,0,0,2,0,0,2,1,Manchester United,0.0,0.0,,,1,30.312499999999996,35.090909090909086,34.18181818181818,10.512820512820513,47.090909090909086,35.27272727272727,28.974358974358978,,30.312499999999996,30.625000000000004,7.421150278293136,45.8125,40.8125,76.72727272727272,,37.63636363636363,59.81818181818182,54.36363636363637,77.63636363636364
356069,Daniel Adu-Adjei,daniel-adu-adjei,150.0,"5' 10""",70.0,20.0,2005-06-21T07:00Z,England,F,349,0,0,0,0,0,0,0,0,0,0,0,0,0,0,AFC Bournemouth,,,,,0,30.312499999999996,20.149253731343283,24.875621890547265,,12.437810945273633,11.691542288557214,,,30.312499999999996,30.625000000000004,,14.499999999999998,15.5,89.30348258706468,,29.35323383084577,79.35323383084577,52.48756218905473,76.86567164179104
356074,Martin Sherif,martin-sherif,157.0,"6' 0""",72.0,19.0,2006-06-10T07:00Z,Netherlands,F,368,0,0,0,0,0,0,0,0,0,0,0,0,0,0,Everton,,,,,0,30.312499999999996,20.149253731343283,24.875621890547265,,12.437810945273633,11.691542288557214,,,30.312499999999996,30.625000000000004,,14.499999999999998,15.5,89.30348258706468,,29.35323383084577,79.35323383084577,52.48756218905473,76.86567164179104
356075,Trey Nyoni,trey-nyoni,163.0,"5' 11""",71.0,18.0,2007-06-30T07:00Z,England,M,364,0,0,0,0,0,0,0,0,0,0,0,0,0,0,Liverpool,,,,,0,30.312499999999996,26.582278481012654,25.738396624472575,,12.025316455696203,11.814345991561181,,,30.312499999999996,30.625000000000004,,14.499999999999998,15.5,89.0295358649789,,17.29957805907173,83.33333333333334,54.641350210970465,80.80168776371309
356080,Andrés García,andres-garcia,170.0,"6' 1""",73.0,22.0,2003-02-07T08:00Z,Spain,D,362,7,1,0,0,0,0,0,0,0,1,0,0,0,5,Aston Villa,0.0,0.0,,,0,30.312499999999996,35.090909090909086,34.18181818181818,10.512820512820513,14.000000000000002,27.27272727272727,28.974358974358978,,30.312499999999996,30.625000000000004,7.421150278293136,14.499999999999998,33.0625,66.0,,15.272727272727273,84.36363636363636,54.36363636363637,77.63636363636364
356208,Romain Esse,romain-esse,148.0,"5' 9""",69.0,20.0,2005-05-13T07:00Z,England,M,384,7,2,3,0,0,0,1,0,1,1,1,0,0,3,Crystal Palace,1.0,1.0,1.0,,0,67.375,60.970464135021096,58.64978902953587,97.77777777777777,34.177215189873415,28.902953586497894,100.0,98.75,67.375,68.375,97.77365491651206,42.1875,37.25,70.042194092827,,17.29957805907173,83.33333333333334,54.641350210970465,80.80168776371309
356379,Lucas Bergvall,lucas-bergvall,161.0,"6' 2""",74.0,19.0,2006-02-02T08:00Z,Sweden,M,367,27,19,17,3,0,0,1,1,2,11,0,0,8,22,Tottenham Hotspur,0.18181818181818182,0.0,0.0,,3,30.312499999999996,26.582278481012654,58.64978902953587,23.61111111111111,63.50210970464135,64.9789029535865,19.166666666666668,15.312500000000002,30.312499999999996,68.375,24.95361781076067,73.75,74.6875,41.77215189873418,,82.0675105485232,41.983122362869196,54.641350210970465,53.37552742616033
356640,Michael Kayode,michael-kayode,161.0,"5' 10""",70.0,21.0,2004-07-10T07:00Z,Italy,D,337,12,8,3,2,0,0,1,0,0,2,0,0,0,5,Brentford,0.0,0.0,,,2,30.312499999999996,35.090909090909086,76.36363636363637,10.512820512820513,42.90909090909091,51.81818181818182,28.974358974358978,,30.312499999999996,68.375,7.421150278293136,42.1875,53.625,66.0,,15.272727272727273,45.27272727272727,54.36363636363637,77.63636363636364
356940,Harry Amass,harry-amass,157.0,"5' 11""",71.0,18.0,2007-03-16T07:00Z,England,D,360,5,2,4,0,0,0,0,0,0,3,0,0,1,8,Manchester United,0.0,0.0,,,0,30.312499999999996,35.090909090909086,34.18181818181818,10.512820512820513,47.090909090909086,31.454545454545457,28.974358974358978,,30.312499999999996,30.625000000000004,7.421150278293136,45.8125,37.25,61.09090909090909,,32.90909090909091,84.36363636363636,54.36363636363637,77.63636363636364
356953,Louie Marsh,louie-marsh,141.0,"5' 9""",69.0,21.0,2004-07-02T07:00Z,England,F,398,0,0,0,0,0,0,0,0,0,0,0,0,0,0,Sheffield United,,,,,0,30.312499999999996,20.149253731343283,24.875621890547265,,12.437810945273633,11.691542288557214,,,30.312499999999996,30.625000000000004,,14.499999999999998,15.5,89.30348258706468,,29.35323383084577,79.35323383084577,52.48756218905473,76.86567164179104
357153,Callan Mckenna,callan-mckenna,168.0,"6' 2""",74.0,18.0,2006-12-22T08:00Z,Scotland,G,349,0,0,0,0,0,0,0,0,0,0,0,0,0,0,AFC Bournemouth,,,,,0,30.312499999999996,50.57471264367817,47.701149425287355,,29.310344827586203,44.252873563218394,,,30.312499999999996,30.625000000000004,,14.499999999999998,15.5,77.01149425287356,,21.839080459770116,63.793103448275865,50.0,67.24137931034483
357337,Jahmai Simpson-Pusey,jahmai-simpson-pusey,172.0,"6' 2""",74.0,20.0,2005-11-04T08:00Z,England,D,382,2,0,1,1,0,0,0,0,0,0,0,0,1,2,Manchester City,,,,,1,30.312499999999996,35.090909090909086,34.18181818181818,,30.727272727272727,12.909090909090908,,,30.312499999999996,30.625000000000004,,31.6875,15.5,73.27272727272728,,32.90909090909091,59.81818181818182,54.36363636363637,77.63636363636364
357338,Zach Marsh,zach-marsh,130.0,"5' 9""",69.0,20.0,2005-10-06T07:00Z,England,F,384,0,0,0,0,0,0,0,0,0,0,0,0,0,0,Crystal Palace,,,,,0,30.312499999999996,20.149253731343283,24.875621890547265,,12.437810945273633,11.691542288557214,,,30.312499999999996,30.625000000000004,,14.499999999999998,15.5,89.30348258706468,,29.35323383084577,79.35323383084577,52.48756218905473,76.86567164179104
357683,Brajan Gruda,brajan-gruda,152.0,"5' 10""",70.0,21.0,2004-05-31T07:00Z,Germany,F,331,21,7,12,0,0,0,4,0,4,11,1,0,0,15,Brighton & Hove Albion,0.36363636363636365,0.09090909090909091,0.25,,0,67.375,46.766169154228855,84.32835820895522,47.79874213836478,55.970149253731336,46.517412935323385,44.9685534591195,33.098591549295776,67.375,91.125,64.93506493506493,65.6875,51.1875,49.00497512437811,,29.35323383084577,79.35323383084577,52.48756218905473,76.86567164179104
358084,Caleb Kporha,caleb-kporha,148.0,"5' 7""",67.0,19.0,2006-07-15T07:00Z,England,D,384,2,0,0,0,0,0,0,0,0,0,0,0,0,1,Crystal Palace,,,,,0,30.312499999999996,35.090909090909086,34.18181818181818,,14.000000000000002,12.909090909090908,,,30.312499999999996,30.625000000000004,,14.499999999999998,15.5,76.72727272727272,,15.272727272727273,84.36363636363636,54.36363636363637,77.63636363636364
358178,Jayce Fitzgerald,jayce-fitzgerald,152.0,"5' 10""",70.0,18.0,2007-05-09T07:00Z,England,M,360,0,0,0,0,0,0,0,0,0,0,0,0,0,0,Manchester United,,,,,0,30.312499999999996,26.582278481012654,25.738396624472575,,12.025316455696203,11.814345991561181,,,30.312499999999996,30.625000000000004,,14.499999999999998,15.5,89.0295358649789,,17.29957805907173,83.33333333333334,54.641350210970465,80.80168776371309
358245,Sean Neave,sean-neave,0.0,"6' 0""",72.0,18.0,2007-05-27T07:00Z,England,F,361,0,0,0,0,0,0,0,0,0,0,0,0,0,0,Newcastle United,,,,,0,30.312499999999996,20.149253731343283,24.875621890547265,,12.437810945273633,11.691542288557214,,,30.312499999999996,30.625000000000004,,14.499999999999998,15.5,89.30348258706468,,29.35323383084577,79.35323383084577,52.48756218905473,76.86567164179104
358407,Mark O’Mahony,mark-o’mahony,0.0,,0.0,20.0,2005-01-14T08:00Z,Republic of Ireland,F,331,0,0,0,0,0,0,0,0,0,0,0,0,0,0,Brighton & Hove Albion,,,,,0,30.312499999999996,20.149253731343283,24.875621890547265,,12.437810945273633,11.691542288557214,,,30.312499999999996,30.625000000000004,,14.499999999999998,15.5,89.30348258706468,,29.35323383084577,79.35323383084577,52.48756218905473,76.86567164179104
358587,Max Kinsey-Wellings,max-kinsey-wellings,168.0,"6' 0""",72.0,20.0,2005-02-02T08:00Z,England,D,349,0,0,0,0,0,0,0,0,0,0,0,0,0,0,AFC Bournemouth,,,,,0,30.312499999999996,35.090909090909086,34.18181818181818,,14.000000000000002,12.909090909090908,,,30.312499999999996,30.625000000000004,,14.499999999999998,15.5,89.27272727272728,,15.272727272727273,84.36363636363636,54.36363636363637,77.63636363636364
361355,Claudio Echeverri,claudio-echeverri,137.0,"5' 7""",67.0,20.0,2006-01-02T08:00Z,Argentina,M,382,1,0,0,0,0,0,0,0,0,0,0,0,0,0,Manchester City,,,,,0,30.312499999999996,26.582278481012654,25.738396624472575,,12.025316455696203,11.814345991561181,,,30.312499999999996,30.625000000000004,,14.499999999999998,15.5,89.0295358649789,,17.29957805907173,83.33333333333334,54.641350210970465,80.80168776371309
361429,Luis Guilherme,luis-guilherme,161.0,"5' 10""",70.0,20.0,2006-02-09T08:00Z,Brazil,F,371,12,0,4,0,0,0,0,0,1,4,0,0,0,5,West Ham United,0.25,0.0,0.0,,0,30.312499999999996,20.149253731343283,24.875621890547265,24.528301886792452,37.06467661691542,11.691542288557214,12.264150943396226,7.746478873239436,30.312499999999996,30.625000000000004,37.569573283859,45.8125,15.5,63.18407960199005,,29.35323383084577,79.35323383084577,52.48756218905473,76.86567164179104
361434,Vitor Reis,vitor-reis,148.0,"6' 1""",73.0,20.0,2006-01-12T08:00Z,Brazil,D,382,1,0,0,0,0,0,0,0,0,0,0,0,0,0,Manchester City,,,,,0,30.312499999999996,35.090909090909086,34.18181818181818,,14.000000000000002,12.909090909090908,,,30.312499999999996,30.625000000000004,,14.499999999999998,15.5,89.27272727272728,,15.272727272727273,84.36363636363636,54.36363636363637,77.63636363636364
362203,Kim Ji-Soo,kim-ji-soo,183.0,"6' 4""",76.0,21.0,2004-12-24T08:00Z,South Korea,D,337,3,1,0,0,0,0,0,0,0,0,0,0,0,0,Brentford,,,,,0,30.312499999999996,35.090909090909086,34.18181818181818,,14.000000000000002,27.27272727272727,,,30.312499999999996,30.625000000000004,,14.499999999999998,33.0625,89.27272727272728,,15.272727272727273,84.36363636363636,54.36363636363637,77.63636363636364
362211,Abdukodir Khusanov,abdukodir-khusanov,183.0,"6' 1""",73.0,21.0,2004-02-29T08:00Z,Uzbekistan,D,382,6,3,3,1,0,1,0,0,1,2,0,0,4,5,Manchester City,0.5,0.0,0.0,,1,30.312499999999996,35.090909090909086,34.18181818181818,86.92307692307692,42.90909090909091,35.27272727272727,28.974358974358978,23.548387096774192,30.312499999999996,30.625000000000004,88.49721706864564,42.1875,40.8125,66.0,,47.45454545454545,59.81818181818182,54.36363636363637,77.63636363636364
362266,Benjamin Fredrick,benjamin-fredrick,0.0,"6' 2""",74.0,20.0,2005-05-28T07:00Z,Nigeria,D,337,0,0,0,0,0,0,0,0,0,0,0,0,0,0,Brentford,,,,,0,30.312499999999996,35.090909090909086,34.18181818181818,,14.000000000000002,12.909090909090908,,,30.312499999999996,30.625000000000004,,14.499999999999998,15.5,89.27272727272728,,15.272727272727273,84.36363636363636,54.36363636363637,77.63636363636364
363038,Marc Guiu,marc-guiu,181.0,"6' 2""",74.0,19.0,2006-01-04T08:00Z,Spain,F,363,3,0,0,0,0,0,0,0,0,0,0,0,0,2,Chelsea,,,,,0,30.312499999999996,20.149253731343283,24.875621890547265,,12.437810945273633,11.691542288557214,,,30.312499999999996,30.625000000000004,,14.499999999999998,15.5,73.6318407960199,,29.35323383084577,79.35323383084577,52.48756218905473,76.86567164179104
363218,Aaron Anselmino,aaron-anselmino,183.0,"6' 1""",73.0,20.0,2005-04-29T07:00Z,Argentina,D,363,0,0,0,0,0,0,0,0,0,0,0,0,0,0,Chelsea,,,,,0,30.312499999999996,35.090909090909086,34.18181818181818,,14.000000000000002,12.909090909090908,,,30.312499999999996,30.625000000000004,,14.499999999999998,15.5,89.27272727272728,,15.272727272727273,84.36363636363636,54.36363636363637,77.63636363636364
364764,Mathis Amougou,mathis-amougou,141.0,"5' 10""",70.0,20.0,2006-01-18T08:00Z,France,M,363,1,0,0,0,0,0,0,0,0,0,0,0,0,0,Chelsea,,,,,0,30.312499999999996,26.582278481012654,25.738396624472575,,12.025316455696203,11.814345991561181,,,30.312499999999996,30.625000000000004,,14.499999999999998,15.5,89.0295358649789,,17.29957805907173,83.33333333333334,54.641350210970465,80.80168776371309
365332,Mikey Moore,mikey-moore,163.0,"5' 11""",71.0,18.0,2007-08-11T07:00Z,England,F,367,10,3,7,0,0,0,1,0,0,3,0,0,0,5,Tottenham Hotspur,0.0,0.0,,,0,30.312499999999996,20.149253731343283,57.46268656716418,5.660377358490567,44.02985074626866,34.07960199004975,12.264150943396226,,30.312499999999996,68.375,7.421150278293136,54.87499999999999,40.8125,63.18407960199005,,29.35323383084577,79.35323383084577,52.48756218905473,76.86567164179104
365340,Jacob Wright,jacob-wright,141.0,"5' 10""",70.0,20.0,2005-09-21T07:00Z,England,M,382,0,0,0,0,0,0,0,0,0,0,0,0,0,0,Manchester City,,,,,0,30.312499999999996,26.582278481012654,25.738396624472575,,12.025316455696203,11.814345991561181,,,30.312499999999996,30.625000000000004,,14.499999999999998,15.5,89.0295358649789,,17.29957805907173,83.33333333333334,54.641350210970465,80.80168776371309
365355,Franco Umeh-Chibueze,franco-umeh-chibueze,161.0,"6' 1""",73.0,21.0,2005-01-26T08:00Z,,F,384,0,0,0,0,0,0,0,0,0,0,0,0,0,0,Crystal Palace,,,,,0,30.312499999999996,20.149253731343283,24.875621890547265,,12.437810945273633,11.691542288557214,,,30.312499999999996,30.625000000000004,,14.499999999999998,15.5,89.30348258706468,,29.35323383084577,79.35323383084577,52.48756218905473,76.86567164179104
365367,Kosta Nedeljkovic,kosta-nedeljkovic,159.0,"6' 0""",72.0,20.0,2005-12-16T08:00Z,Serbia,D,362,5,0,1,0,0,0,0,0,0,0,0,0,0,4,Aston Villa,,,,,0,30.312499999999996,35.090909090909086,34.18181818181818,,30.727272727272727,12.909090909090908,,,30.312499999999996,30.625000000000004,,31.6875,15.5,68.54545454545455,,15.272727272727273,84.36363636363636,54.36363636363637,77.63636363636364
365718,Joachim Sanda,joachim-sanda,168.0,"6' 1""",73.0,19.0,2006-11-29T08:00Z,France,D,376,2,0,0,0,0,0,0,0,0,0,0,0,0,1,Southampton,,,,,0,30.312499999999996,35.090909090909086,34.18181818181818,,14.000000000000002,12.909090909090908,,,30.312499999999996,30.625000000000004,,14.499999999999998,15.5,76.72727272727272,,15.272727272727273,84.36363636363636,54.36363636363637,77.63636363636364
365953,Samuel Amissah,samuel-amissah,161.0,"6' 0""",72.0,18.0,2007-03-07T08:00Z,England,D,370,0,0,0,0,0,0,0,0,0,0,0,0,0,0,Fulham,,,,,0,30.312499999999996,35.090909090909086,34.18181818181818,,14.000000000000002,12.909090909090908,,,30.312499999999996,30.625000000000004,,14.499999999999998,15.5,89.27272727272728,,15.272727272727273,84.36363636363636,54.36363636363637,77.63636363636364
366004,Gustavo Nunes,gustavo-nunes,150.0,"5' 8""",68.0,20.0,2005-11-20T08:00Z,Brazil,F,337,3,0,0,0,0,0,0,0,0,0,0,0,0,2,Brentford,,,,,0,30.312499999999996,20.149253731343283,24.875621890547265,,12.437810945273633,11.691542288557214,,,30.312499999999996,30.625000000000004,,14.499999999999998,15.5,73.6318407960199,,29.35323383084577,79.35323383084577,52.48756218905473,76.86567164179104
366781,Patrick Dorgu,patrick-dorgu,150.0,"6' 1""",73.0,21.0,2004-10-26T07:00Z,Denmark,D,360,12,16,28,3,1,0,0,1,2,10,0,0,0,11,Manchester United,0.2,0.0,0.0,,5,30.312499999999996,35.090909090909086,34.18181818181818,37.69230769230769,91.63636363636364,68.54545454545455,28.974358974358978,23.548387096774192,30.312499999999996,30.625000000000004,28.107606679035253,86.5,69.25,54.72727272727273,,15.272727272727273,35.81818181818181,4.7272727272727195,47.27272727272728
366990,Yunus Konak,yunus-konak,168.0,"5' 11""",71.0,20.0,2006-01-10T08:00Z,Türkiye,M,337,10,3,1,0,0,0,0,0,0,1,0,0,0,2,Brentford,0.0,0.0,,,0,30.312499999999996,26.582278481012654,25.738396624472575,5.833333333333333,25.949367088607595,32.06751054852321,19.166666666666668,,30.312499999999996,30.625000000000004,7.421150278293136,31.6875,40.8125,73.41772151898735,,17.29957805907173,83.33333333333334,54.641350210970465,80.80168776371309
367000,Zain Silcott-Duberry,zain-silcott-duberry,161.0,"6' 0""",72.0,20.0,2005-07-09T07:00Z,England,F,349,1,0,0,0,0,0,0,0,0,0,0,0,0,0,AFC Bournemouth,,,,,0,30.312499999999996,20.149253731343283,24.875621890547265,,12.437810945273633,11.691542288557214,,,30.312499999999996,30.625000000000004,,14.499999999999998,15.5,89.30348258706468,,29.35323383084577,79.35323383084577,52.48756218905473,76.86567164179104
367001,Samuel Rak-Sakyi,samuel-rak-sakyi,161.0,"5' 10""",70.0,20.0,2005-03-27T08:00Z,England,M,363,0,0,0,0,0,0,0,0,0,0,0,0,0,0,Chelsea,,,,,0,30.312499999999996,26.582278481012654,25.738396624472575,,12.025316455696203,11.814345991561181,,,30.312499999999996,30.625000000000004,,14.499999999999998,15.5,89.0295358649789,,17.29957805907173,83.33333333333334,54.641350210970465,80.80168776371309
367447,Benjamin Arthur,benjamin-arthur,174.0,"6' 2""",74.0,20.0,2005-10-09T07:00Z,England,D,337,0,0,0,0,0,0,0,0,0,0,0,0,0,0,Brentford,,,,,0,30.312499999999996,35.090909090909086,34.18181818181818,,14.000000000000002,12.909090909090908,,,30.312499999999996,30.625000000000004,,14.499999999999998,15.5,89.27272727272728,,15.272727272727273,84.36363636363636,54.36363636363637,77.63636363636364
367550,Bastien Meupiyou,bastien-meupiyou,174.0,"6' 3""",75.0,19.0,2006-03-19T08:00Z,France,D,380,0,0,0,0,0,0,0,0,0,0,0,0,0,0,Wolverhampton Wanderers,,,,,0,30.312499999999996,35.090909090909086,34.18181818181818,,14.000000000000002,12.909090909090908,,,30.312499999999996,30.625000000000004,,14.499999999999998,15.5,89.27272727272728,,15.272727272727273,84.36363636363636,54.36363636363637,77.63636363636364
368317,Josh Acheampong,josh-acheampong,163.0,"6' 0""",72.0,19.0,2006-05-05T07:00Z,England,D,363,4,0,1,1,0,0,0,0,0,2,0,0,0,3,Chelsea,0.0,0.0,,,1,30.312499999999996,35.090909090909086,34.18181818181818,10.512820512820513,30.727272727272727,12.909090909090908,28.974358974358978,,30.312499999999996,30.625000000000004,7.421150278293136,31.6875,15.5,70.9090909090909,,15.272727272727273,59.81818181818182,54.36363636363637,77.63636363636364
368547,Ethan Wheatley,ethan-wheatley,168.0,"6' 2""",74.0,19.0,2006-01-20T08:00Z,England,F,360,0,0,0,0,0,0,0,0,0,0,0,0,0,0,Manchester United,,,,,0,30.312499999999996,20.149253731343283,24.875621890547265,,12.437810945273633,11.691542288557214,,,30.312499999999996,30.625000000000004,,14.499999999999998,15.5,89.30348258706468,,29.35323383084577,79.35323383084577,52.48756218905473,76.86567164179104
368826,Julian Eyestone,julian-eyestone,214.0,"6' 6""",78.0,19.0,2006-04-21T07:00Z,USA,G,337,0,0,0,0,0,0,0,0,0,0,0,0,0,0,Brentford,,,,,0,30.312499999999996,50.57471264367817,47.701149425287355,,29.310344827586203,44.252873563218394,,,30.312499999999996,30.625000000000004,,14.499999999999998,15.5,77.01149425287356,,21.839080459770116,63.793103448275865,50.0,67.24137931034483
368864,Tyrique George,tyrique-george,163.0,"5' 11""",71.0,19.0,2006-02-04T08:00Z,England,F,363,8,2,0,1,0,0,1,0,1,3,1,0,0,0,Chelsea,0.3333333333333333,0.3333333333333333,1.0,,1,67.375,46.766169154228855,57.46268656716418,40.88050314465409,12.437810945273633,30.09950248756219,99.37106918238993,99.64788732394366,67.375,68.375,57.977736549165115,14.499999999999998,37.25,89.30348258706468,,29.35323383084577,50.0,52.48756218905473,76.86567164179104
369482,Somtochukwu Boniface,somtochukwu-boniface,0.0,,0.0,19.0,2006-03-11T08:00Z,England,D,373,0,0,0,0,0,0,0,0,0,0,0,0,0,0,Ipswich Town,,,,,0,30.312499999999996,35.090909090909086,34.18181818181818,,14.000000000000002,12.909090909090908,,,30.312499999999996,30.625000000000004,,14.499999999999998,15.5,89.27272727272728,,15.272727272727273,84.36363636363636,54.36363636363637,77.63636363636364
369503,Taylan Harris,taylan-harris,0.0,"5' 11""",71.0,20.0,2005-10-30T07:00Z,England,F,301,0,0,0,0,0,0,0,0,0,0,0,0,0,0,Luton Town,,,,,0,30.312499999999996,20.149253731343283,24.875621890547265,,12.437810945273633,11.691542288557214,,,30.312499999999996,30.625000000000004,,14.499999999999998,15.5,89.30348258706468,,29.35323383084577,79.35323383084577,52.48756218905473,76.86567164179104
369870,Ben Broggio,ben-broggio,163.0,"5' 11""",71.0,18.0,2007-01-29T08:00Z,England,M,362,0,0,0,0,0,0,0,0,0,0,0,0,0,0,Aston Villa,,,,,0,30.312499999999996,26.582278481012654,25.738396624472575,,12.025316455696203,11.814345991561181,,,30.312499999999996,30.625000000000004,,14.499999999999998,15.5,89.0295358649789,,17.29957805907173,83.33333333333334,54.641350210970465,80.80168776371309
369884,Jack Moorhouse,jack-moorhouse,152.0,"6' 0""",72.0,20.0,2005-11-29T08:00Z,England,M,360,0,0,0,0,0,0,0,0,0,0,0,0,0,0,Manchester United,,,,,0,30.312499999999996,26.582278481012654,25.738396624472575,,12.025316455696203,11.814345991561181,,,30.312499999999996,30.625000000000004,,14.499999999999998,15.5,89.0295358649789,,17.29957805907173,83.33333333333334,54.641350210970465,80.80168776371309
371578,Yang Min-Hyeok,yang-min-hyeok,137.0,"5' 8""",68.0,19.0,2006-04-16T07:00Z,South Korea,F,367,0,0,0,0,0,0,0,0,0,0,0,0,0,0,Tottenham Hotspur,,,,,0,30.312499999999996,20.149253731343283,24.875621890547265,,12.437810945273633,11.691542288557214,,,30.312499999999996,30.625000000000004,,14.499999999999998,15.5,89.30348258706468,,29.35323383084577,79.35323383084577,52.48756218905473,76.86567164179104
371698,Charlie Tasker,charlie-tasker,0.0,"6' 1""",73.0,19.0,2006-02-24T08:00Z,England,D,331,0,0,0,0,0,0,0,0,0,0,0,0,0,0,Brighton & Hove Albion,,,,,0,30.312499999999996,35.090909090909086,34.18181818181818,,14.000000000000002,12.909090909090908,,,30.312499999999996,30.625000000000004,,14.499999999999998,15.5,89.27272727272728,,15.272727272727273,84.36363636363636,54.36363636363637,77.63636363636364
371701,Olabade Aluko,olabade-aluko,0.0,,0.0,19.0,2006-11-30T08:00Z,England,D,375,1,0,0,0,0,0,0,0,0,0,0,0,0,0,Leicester City,,,,,0,30.312499999999996,35.090909090909086,34.18181818181818,,14.000000000000002,12.909090909090908,,,30.312499999999996,30.625000000000004,,14.499999999999998,15.5,89.27272727272728,,15.272727272727273,84.36363636363636,54.36363636363637,77.63636363636364
372013,Shim Mheuka,shim-mheuka,163.0,"6' 0""",72.0,18.0,2007-10-20T07:00Z,England,F,363,1,0,0,0,0,0,0,0,1,1,0,0,0,0,Chelsea,1.0,0.0,0.0,,0,30.312499999999996,20.149253731343283,24.875621890547265,98.74213836477988,12.437810945273633,11.691542288557214,12.264150943396226,7.746478873239436,30.312499999999996,30.625000000000004,97.77365491651206,14.499999999999998,15.5,89.30348258706468,,29.35323383084577,79.35323383084577,52.48756218905473,76.86567164179104
372016,Callum Olusesi,callum-olusesi,141.0,"5' 9""",69.0,18.0,2007-03-11T08:00Z,England,M,367,0,0,0,0,0,0,0,0,0,0,0,0,0,0,Tottenham Hotspur,,,,,0,30.312499999999996,26.582278481012654,25.738396624472575,,12.025316455696203,11.814345991561181,,,30.312499999999996,30.625000000000004,,14.499999999999998,15.5,89.0295358649789,,17.29957805907173,83.33333333333334,54.641350210970465,80.80168776371309
372017,Spike Brits,spike-brits,0.0,"6' 3""",75.0,18.0,2007-06-24T07:00Z,England,G,382,0,0,0,0,0,0,0,0,0,0,0,0,0,0,Manchester City,,,,,0,30.312499999999996,50.57471264367817,47.701149425287355,,29.310344827586203,44.252873563218394,,,30.312499999999996,30.625000000000004,,14.499999999999998,15.5,77.01149425287356,,21.839080459770116,63.793103448275865,50.0,67.24137931034483
372020,Freddie Simmonds,freddie-simmonds,0.0,"6' 2""",74.0,17.0,2008-03-09T08:00Z,England,D,331,0,0,0,0,0,0,0,0,0,0,0,0,0,0,Brighton & Hove Albion,,,,,0,30.312499999999996,35.090909090909086,34.18181818181818,,14.000000000000002,12.909090909090908,,,30.312499999999996,30.625000000000004,,14.499999999999998,15.5,89.27272727272728,,15.272727272727273,84.36363636363636,54.36363636363637,77.63636363636364
372025,Eric Da Silva Moreira,eric-da-silva-moreira,181.0,"6' 0""",72.0,19.0,2006-05-03T07:00Z,Germany,F,393,2,0,0,0,0,0,0,0,0,0,0,0,0,0,Nottingham Forest,,,,,0,30.312499999999996,20.149253731343283,24.875621890547265,,12.437810945273633,11.691542288557214,,,30.312499999999996,30.625000000000004,,14.499999999999998,15.5,89.30348258706468,,29.35323383084577,79.35323383084577,52.48756218905473,76.86567164179104
372068,Sékou Koné,sekou-kone,141.0,"5' 9""",69.0,19.0,2006-02-03T08:00Z,Mali,M,360,0,0,0,0,0,0,0,0,0,0,0,0,0,0,Manchester United,,,,,0,30.312499999999996,26.582278481012654,25.738396624472575,,12.025316455696203,11.814345991561181,,,30.312499999999996,30.625000000000004,,14.499999999999998,15.5,89.0295358649789,,17.29957805907173,83.33333333333334,54.641350210970465,80.80168776371309
373758,Amara Nallo,amara-nallo,159.0,"6' 1""",73.0,19.0,2006-11-18T08:00Z,England,D,364,0,0,0,0,0,0,0,0,0,0,0,0,0,0,Liverpool,,,,,0,30.312499999999996,35.090909090909086,34.18181818181818,,14.000000000000002,12.909090909090908,,,30.312499999999996,30.625000000000004,,14.499999999999998,15.5,89.27272727272728,,15.272727272727273,84.36363636363636,54.36363636363637,77.63636363636364
374056,Joe Knight,joe-knight,0.0,"5' 5""",65.0,20.0,2005-09-21T07:00Z,England,M,331,0,0,0,0,0,0,0,0,0,0,0,0,0,0,Brighton & Hove Albion,,,,,0,30.312499999999996,26.582278481012654,25.738396624472575,,12.025316455696203,11.814345991561181,,,30.312499999999996,30.625000000000004,,14.499999999999998,15.5,89.0295358649789,,17.29957805907173,83.33333333333334,54.641350210970465,80.80168776371309
374126,Wesley Okoduwa,wesley-okoduwa,148.0,"5' 9""",69.0,17.0,2008-05-12T07:00Z,England,D,380,0,0,0,0,0,0,0,0,0,0,0,0,0,0,Wolverhampton Wanderers,,,,,0,30.312499999999996,35.090909090909086,34.18181818181818,,14.000000000000002,12.909090909090908,,,30.312499999999996,30.625000000000004,,14.499999999999998,15.5,89.27272727272728,,15.272727272727273,84.36363636363636,54.36363636363637,77.63636363636364
374219,Leo Shahar,leo-shahar,0.0,,0.0,18.0,2007-03-18T07:00Z,England,D,361,0,0,0,0,0,0,0,0,0,0,0,0,0,0,Newcastle United,,,,,0,30.312499999999996,35.090909090909086,34.18181818181818,,14.000000000000002,12.909090909090908,,,30.312499999999996,30.625000000000004,,14.499999999999998,15.5,89.27272727272728,,15.272727272727273,84.36363636363636,54.36363636363637,77.63636363636364
374221,Genesis Antwi,genesis-antwi,0.0,,0.0,18.0,2007-05-11T07:00Z,Sweden,D,363,0,0,0,0,0,0,0,0,0,0,0,0,0,0,Chelsea,,,,,0,30.312499999999996,35.090909090909086,34.18181818181818,,14.000000000000002,12.909090909090908,,,30.312499999999996,30.625000000000004,,14.499999999999998,15.5,89.27272727272728,,15.272727272727273,84.36363636363636,54.36363636363637,77.63636363636364
375738,Chido Obi,chido-obi,150.0,"6' 2""",74.0,18.0,2007-11-29T08:00Z,Denmark,F,360,7,3,1,1,0,0,0,0,1,5,0,0,0,4,Manchester United,0.2,0.0,0.0,,1,30.312499999999996,20.149253731343283,24.875621890547265,16.9811320754717,27.114427860696516,34.07960199004975,12.264150943396226,7.746478873239436,30.312499999999996,30.625000000000004,28.107606679035253,31.6875,40.8125,66.41791044776119,,29.35323383084577,50.0,52.48756218905473,76.86567164179104
376489,Pedro Lima,pedro-lima,150.0,"5' 9""",69.0,19.0,2006-07-01T07:00Z,Brazil,D,380,3,1,1,0,0,0,0,0,1,1,0,0,0,2,Wolverhampton Wanderers,1.0,0.0,0.0,,0,30.312499999999996,35.090909090909086,34.18181818181818,98.2051282051282,30.727272727272727,27.27272727272727,28.974358974358978,23.548387096774192,30.312499999999996,30.625000000000004,97.77365491651206,31.6875,33.0625,73.27272727272728,,15.272727272727273,84.36363636363636,54.36363636363637,77.63636363636364
377820,Jamaldeen Jimoh,jamaldeen-jimoh,157.0,"6' 0""",72.0,19.0,2006-10-02T07:00Z,England,M,362,0,0,0,0,0,0,0,0,0,0,0,0,0,0,Aston Villa,,,,,0,30.312499999999996,26.582278481012654,25.738396624472575,,12.025316455696203,11.814345991561181,,,30.312499999999996,30.625000000000004,,14.499999999999998,15.5,89.0295358649789,,17.29957805907173,83.33333333333334,54.641350210970465,80.80168776371309
378457,Ismeal Kabia,ismeal-kabia,152.0,"5' 9""",69.0,20.0,2005-12-10T08:00Z,Netherlands,F,359,0,0,0,0,0,0,0,0,0,0,0,0,0,0,Arsenal,,,,,0,30.312499999999996,20.149253731343283,24.875621890547265,,12.437810945273633,11.691542288557214,,,30.312499999999996,30.625000000000004,,14.499999999999998,15.5,89.30348258706468,,29.35323383084577,79.35323383084577,52.48756218905473,76.86567164179104
378458,Harrison Armstrong,harrison-armstrong,152.0,"6' 1""",73.0,18.0,2007-01-19T08:00Z,England,M,368,3,2,2,1,0,0,0,1,0,1,0,0,0,1,Everton,0.0,0.0,,,1,30.312499999999996,26.582278481012654,25.738396624472575,5.833333333333333,30.168776371308013,28.902953586497894,19.166666666666668,,30.312499999999996,30.625000000000004,7.421150278293136,37.4375,37.25,76.37130801687763,,17.29957805907173,61.392405063291136,54.641350210970465,53.37552742616033
378530,Harry Howell,harry-howell,0.0,"5' 11""",71.0,17.0,2008-04-20T07:00Z,England,M,331,1,0,0,0,0,0,0,0,0,0,0,0,0,0,Brighton & Hove Albion,,,,,0,30.312499999999996,26.582278481012654,25.738396624472575,,12.025316455696203,11.814345991561181,,,30.312499999999996,30.625000000000004,,14.499999999999998,15.5,89.0295358649789,,17.29957805907173,83.33333333333334,54.641350210970465,80.80168776371309
380182,Ezra Mayers,ezra-mayers,0.0,"6' 0""",72.0,18.0,2007-01-16T08:00Z,England,D,371,0,0,0,0,0,0,0,0,0,0,0,0,0,0,West Ham United,,,,,0,30.312499999999996,35.090909090909086,34.18181818181818,,14.000000000000002,12.909090909090908,,,30.312499999999996,30.625000000000004,,14.499999999999998,15.5,89.27272727272728,,15.272727272727273,84.36363636363636,54.36363636363637,77.63636363636364
380196,Mateus Mane,mateus-mane,0.0,"5' 9""",69.0,18.0,2007-09-16T07:00Z,England,F,380,1,0,0,0,0,0,0,0,0,0,0,0,0,0,Wolverhampton Wanderers,,,,,0,30.312499999999996,20.149253731343283,24.875621890547265,,12.437810945273633,11.691542288557214,,,30.312499999999996,30.625000000000004,,14.499999999999998,15.5,89.30348258706468,,29.35323383084577,79.35323383084577,52.48756218905473,76.86567164179104
380658,Billy Blacker,billy-blacker,0.0,,0.0,19.0,2006-05-25T07:00Z,England,M,398,0,0,0,0,0,0,0,0,0,0,0,0,0,0,Sheffield United,,,,,0,30.312499999999996,26.582278481012654,25.738396624472575,,12.025316455696203,11.814345991561181,,,30.312499999999996,30.625000000000004,,14.499999999999998,15.5,89.0295358649789,,17.29957805907173,83.33333333333334,54.641350210970465,80.80168776371309
380716,Asher Agbinone,asher-agbinone,150.0,"5' 10""",70.0,20.0,2005-09-28T07:00Z,England,M,384,2,0,0,0,0,0,0,0,0,1,0,0,0,0,Crystal Palace,0.0,0.0,,,0,30.312499999999996,26.582278481012654,25.738396624472575,5.833333333333333,12.025316455696203,11.814345991561181,19.166666666666668,,30.312499999999996,30.625000000000004,7.421150278293136,14.499999999999998,15.5,89.0295358649789,,17.29957805907173,83.33333333333334,54.641350210970465,80.80168776371309
380899,Dovydas Sasnauskas,dovydas-sasnauskas,0.0,,0.0,18.0,2007-02-16T08:00Z,Lithuania,D,398,0,0,0,0,0,0,0,0,0,0,0,0,0,0,Sheffield United,,,,,0,30.312499999999996,35.090909090909086,34.18181818181818,,14.000000000000002,12.909090909090908,,,30.312499999999996,30.625000000000004,,14.499999999999998,15.5,89.27272727272728,,15.272727272727273,84.36363636363636,54.36363636363637,77.63636363636364
383168,Christian Chigozie,christian-chigozie,161.0,"6' 1""",73.0,18.0,2007-03-01T08:00Z,England,D,301,0,0,0,0,0,0,0,0,0,0,0,0,0,0,Luton Town,,,,,0,30.312499999999996,35.090909090909086,34.18181818181818,,14.000000000000002,12.909090909090908,,,30.312499999999996,30.625000000000004,,14.499999999999998,15.5,89.27272727272728,,15.272727272727273,84.36363636363636,54.36363636363637,77.63636363636364
384109,Owen Hampson,owen-hampson,0.0,,0.0,20.0,2004-11-17T08:00Z,Wales,M,398,0,0,0,0,0,0,0,0,0,0,0,0,0,0,Sheffield United,,,,,0,30.312499999999996,26.582278481012654,25.738396624472575,,12.025316455696203,11.814345991561181,,,30.312499999999996,30.625000000000004,,14.499999999999998,15.5,89.0295358649789,,17.29957805907173,83.33333333333334,54.641350210970465,80.80168776371309
386200,Maeson King,maeson-king,0.0,,0.0,20.0,2005-09-09T07:00Z,England,D,367,0,0,0,0,0,0,0,0,0,0,0,0,0,0,Tottenham Hotspur,,,,,0,30.312499999999996,35.090909090909086,34.18181818181818,,14.000000000000002,12.909090909090908,,,30.312499999999996,30.625000000000004,,14.499999999999998,15.5,89.27272727272728,,15.272727272727273,84.36363636363636,54.36363636363637,77.63636363636364
387784,Iwan Morgan,iwan-morgan,163.0,"6' 0""",72.0,19.0,2006-01-29T08:00Z,Wales,F,337,0,0,0,0,0,0,0,0,0,0,0,0,0,0,Brentford,,,,,0,30.312499999999996,20.149253731343283,24.875621890547265,,12.437810945273633,11.691542288557214,,,30.312499999999996,30.625000000000004,,14.499999999999998,15.5,89.30348258706468,,29.35323383084577,79.35323383084577,52.48756218905473,76.86567164179104
387787,Tony Yogane,tony-yogane,150.0,"5' 10""",70.0,20.0,2005-09-24T07:00Z,England,M,337,0,0,0,0,0,0,0,0,0,0,0,0,0,0,Brentford,,,,,0,30.312499999999996,26.582278481012654,25.738396624472575,,12.025316455696203,11.814345991561181,,,30.312499999999996,30.625000000000004,,14.499999999999998,15.5,89.0295358649789,,17.29957805907173,83.33333333333334,54.641350210970465,80.80168776371309
389329,Jeremy Monga,jeremy-monga,0.0,,0.0,16.0,2009-07-10T07:00Z,England,M,375,7,0,5,0,0,0,0,0,1,3,0,0,2,3,Leicester City,0.3333333333333333,0.0,0.0,,0,30.312499999999996,26.582278481012654,25.738396624472575,65.83333333333333,39.45147679324894,11.814345991561181,19.166666666666668,15.312500000000002,30.312499999999996,30.625000000000004,57.977736549165115,49.25,15.5,70.042194092827,,50.63291139240506,83.33333333333334,54.641350210970465,80.80168776371309
390095,Jack Porter,jack-porter,163.0,"6' 1""",73.0,17.0,2008-07-15T07:00Z,England,G,359,0,0,0,0,0,0,0,0,0,0,0,0,0,0,Arsenal,,,,,0,30.312499999999996,50.57471264367817,47.701149425287355,,29.310344827586203,44.252873563218394,,,30.312499999999996,30.625000000000004,,14.499999999999998,15.5,77.01149425287356,,21.839080459770116,63.793103448275865,50.0,67.24137931034483
390475,Jayden Moore,jayden-moore,150.0,"6' 0""",72.0,18.0,2006-12-12T08:00Z,England,D,376,0,0,0,0,0,0,0,0,0,0,0,0,0,0,Southampton,,,,,0,30.312499999999996,35.090909090909086,34.18181818181818,,14.000000000000002,12.909090909090908,,,30.312499999999996,30.625000000000004,,14.499999999999998,15.5,89.27272727272728,,15.272727272727273,84.36363636363636,54.36363636363637,77.63636363636364
390476,Joseph O'Brien-Whitmarsh,joseph-obrien-whitmarsh,161.0,"5' 8""",68.0,20.0,2005-05-11T07:00Z,,M,376,0,0,0,0,0,0,0,0,0,0,0,0,0,0,Southampton,,,,,0,30.312499999999996,26.582278481012654,25.738396624472575,,12.025316455696203,11.814345991561181,,,30.312499999999996,30.625000000000004,,14.499999999999998,15.5,89.0295358649789,,17.29957805907173,83.33333333333334,54.641350210970465,80.80168776371309
392659,Brayden Clarke,brayden-clarke,0.0,,0.0,18.0,2007-07-03T07:00Z,Wales,D,359,0,0,0,0,0,0,0,0,0,0,0,0,0,0,Arsenal,,,,,0,30.312499999999996,35.090909090909086,34.18181818181818,,14.000000000000002,12.909090909090908,,,30.312499999999996,30.625000000000004,,14.499999999999998,15.5,89.27272727272728,,15.272727272727273,84.36363636363636,54.36363636363637,77.63636363636364
393747,Godwill Kukonki,godwill-kukonki,185.0,"6' 5""",77.0,17.0,2008-02-06T08:00Z,England,D,360,0,0,0,0,0,0,0,0,0,0,0,0,0,0,Manchester United,,,,,0,30.312499999999996,35.090909090909086,34.18181818181818,,14.000000000000002,12.909090909090908,,,30.312499999999996,30.625000000000004,,14.499999999999998,15.5,89.27272727272728,,15.272727272727273,84.36363636363636,54.36363636363637,77.63636363636364
395939,Luca Williams-Barnett,luca-williams-barnett,0.0,"5' 10""",70.0,17.0,2008-10-01T07:00Z,England,M,367,0,0,0,0,0,0,0,0,0,0,0,0,0,0,Tottenham Hotspur,,,,,0,30.312499999999996,26.582278481012654,25.738396624472575,,12.025316455696203,11.814345991561181,,,30.312499999999996,30.625000000000004,,14.499999999999998,15.5,89.0295358649789,,17.29957805907173,83.33333333333334,54.641350210970465,80.80168776371309
396748,Malachi Hardy,malachi-hardy,172.0,"6' 4""",76.0,17.0,2008-03-10T07:00Z,England,D,367,0,0,0,0,0,0,0,0,0,0,0,0,0,0,Tottenham Hotspur,,,,,0,30.312499999999996,35.090909090909086,34.18181818181818,,14.000000000000002,12.909090909090908,,,30.312499999999996,30.625000000000004,,14.499999999999998,15.5,89.27272727272728,,15.272727272727273,84.36363636363636,54.36363636363637,77.63636363636364
397213,Ben Winterburn,ben-winterburn,163.0,"6' 1""",73.0,21.0,2004-09-04T07:00Z,England,M,349,4,0,1,0,0,0,0,0,0,0,0,0,0,0,AFC Bournemouth,,,,,0,30.312499999999996,26.582278481012654,25.738396624472575,,25.949367088607595,11.814345991561181,,,30.312499999999996,30.625000000000004,,31.6875,15.5,89.0295358649789,,17.29957805907173,83.33333333333334,54.641350210970465,80.80168776371309
398103,Archie Harris,archie-harris,126.0,"5' 5""",65.0,20.0,2004-12-27T08:00Z,Wales,D,349,0,0,0,0,0,0,0,0,0,0,0,0,0,0,AFC Bournemouth,,,,,0,30.312499999999996,35.090909090909086,34.18181818181818,,14.000000000000002,12.909090909090908,,,30.312499999999996,30.625000000000004,,14.499999999999998,15.5,89.27272727272728,,15.272727272727273,84.36363636363636,54.36363636363637,77.63636363636364
398123,Remy Rees-Dottin,remy-rees-dottin,168.0,"5' 9""",69.0,19.0,2006-03-06T08:00Z,England,F,349,1,0,0,0,0,0,0,0,0,0,0,0,0,0,AFC Bournemouth,,,,,0,30.312499999999996,20.149253731343283,24.875621890547265,,12.437810945273633,11.691542288557214,,,30.312499999999996,30.625000000000004,,14.499999999999998,15.5,89.30348258706468,,29.35323383084577,79.35323383084577,52.48756218905473,76.86567164179104
401157,Tom Taylor,tom-taylor,0.0,,0.0,20.0,2005-02-21T08:00Z,England,M,373,0,0,0,0,0,0,0,0,0,0,0,0,0,0,Ipswich Town,,,,,0,30.312499999999996,26.582278481012654,25.738396624472575,,12.025316455696203,11.814345991561181,,,30.312499999999996,30.625000000000004,,14.499999999999998,15.5,89.0295358649789,,17.29957805907173,83.33333333333334,54.641350210970465,80.80168776371309
